node_id	type	name	identifier
1	microbiome	Penicillium oxalicum	Penicillium oxalicum
2	enzyme	cellulase	cellulase
3	microbiome	Trichoderma reesei	Trichoderma reesei
4	substrate	glucose	glucose
5	substrate	avicel	avicel
6	microbiome	Torulaspora delbrueckii	Torulaspora delbrueckii
7	enzyme	b-glucosidase	b-glucosidase
8	enzyme	esterase	esterase
9	substrate	benzyl alcohol	benzyl alcohol
10	substrate	isoamyl acetate	isoamyl acetate
11	microbiome	S288C-LCB4	S288C-LCB4
12	enzyme	LCB4	LCB4
13	substrate	acetic acid	acetic acid
14	substrate	furfural	furfural
15	substrate	vanillin	vanillin
16	microbiome	Aspergillus niger	Aspergillus niger
17	enzyme	cellobiose dehydrogenase	cellobiose dehydrogenase
18	enzyme	β-1,4-glucosidase	β-1,4-glucosidase
19	enzyme	manganese peroxidase	manganese peroxidase
20	substrate	lignocellulose	lignocellulose
21	substrate	cellulose	cellulose
22	microbiome	Escherichia coli	Escherichia coli
23	enzyme	Fab′	Fab′
24	enzyme	alkaline CMCase	alkaline CMCase
25	substrate	lactose	lactose
26	microbiome	Alcaligenes sp.	Alcaligenes sp.
27	enzyme	phytase	phytase
28	substrate	plant phytates	plant phytates
29	microbiome	Lactococcus lactis	Lactococcus lactis
30	enzyme	PepO1	PepO1
31	enzyme	PepC	PepC
32	enzyme	GapB	GapB
33	enzyme	Pmg	Pmg
34	enzyme	PdhE1β	PdhE1β
35	enzyme	PdhD	PdhD
36	enzyme	LplL	LplL
37	enzyme	Als	Als
38	enzyme	BglA	BglA
39	enzyme	RmlB	RmlB
40	enzyme	PurH	PurH
41	enzyme	GlyA	GlyA
42	enzyme	Fhs	Fhs
43	enzyme	GatA	GatA
44	enzyme	MetC	MetC
45	enzyme	ThrC	ThrC
46	enzyme	PepA	PepA
47	enzyme	trxB1	trxB1
48	substrate	oligopeptides	oligopeptides
49	substrate	3-phosphoglycerate	3-phosphoglycerate
50	substrate	pyruvate	pyruvate
51	substrate	glucose 6-phosphate	glucose 6-phosphate
52	substrate	dTDP-α-glucose	dTDP-α-glucose
53	substrate	purine	purine
54	substrate	serine	serine
55	substrate	formyltetrahydrofolate	formyltetrahydrofolate
56	substrate	glutamic acid-tRNA	glutamic acid-tRNA
57	substrate	cysteine	cysteine
58	substrate	threonine	threonine
59	substrate	NAD(P)H	NAD(P)H
60	enzyme	alcohol dehydrogenase	alcohol dehydrogenase
61	substrate	xylise	xylise
62	microbiome	Saccharomyces cerevisiae	Saccharomyces cerevisiae
63	microbiome	Zymomonas mobilis subsp. mobilis	Zymomonas mobilis subsp. mobilis
64	substrate	soybean meal hydrolyzates	soybean meal hydrolyzates
65	microbiome	Lactobacillus pentosus	Lactobacillus pentosus
66	enzyme	L-arabinose isomerase	L-arabinose isomerase
67	substrate	L-arabinose	L-arabinose
68	microbiome	Clostridium ljungdahlii	Clostridium ljungdahlii
69	enzyme	aldehyde oxidoreductase	aldehyde oxidoreductase
70	enzyme	rubrerythrin	rubrerythrin
71	substrate	acetate	acetate
72	microbiome	Ruminococcus albus	Ruminococcus albus
73	enzyme	cel5D	cel5D
74	microbiome	Lactobacillus crustorum	Lactobacillus crustorum
75	enzyme	β-glucuronidase	β-glucuronidase
76	microbiome	Bacillus subtilis natto	Bacillus subtilis natto
77	substrate	tea seed saponins	tea seed saponins
78	enzyme	enterohaemolysin	enterohaemolysin
79	substrate	erythrocytes	erythrocytes
80	enzyme	hEGF	hEGF
81	enzyme	alcoholic fermentation enzymes	alcoholic fermentation enzymes
82	enzyme	alcohol acetyltransferase	alcohol acetyltransferase
83	enzyme	ethanol acetyltransferase	ethanol acetyltransferase
84	enzyme	isoamylalcohol acetyltransferase	isoamylalcohol acetyltransferase
85	substrate	ethyl acetate	ethyl acetate
86	enzyme	Gap1 permease	Gap1 permease
87	substrate	arginine	arginine
88	substrate	glutamine	glutamine
89	substrate	alanine	alanine
90	enzyme	CAT	CAT
91	enzyme	cyanuric acid hydrolase	cyanuric acid hydrolase
92	microbiome	Moorella thermoacetica	Moorella thermoacetica
93	substrate	cyanuric acid	cyanuric acid
94	enzyme	cytochrome c	cytochrome c
95	enzyme	MPK1	MPK1
96	substrate	isoamyl alcohol	isoamyl alcohol
97	microbiome	Clostridium butyricum	Clostridium butyricum
98	enzyme	Celluclast 1.5 L	Celluclast 1.5 L
99	substrate	xylose	xylose
100	enzyme	carbonyl reductase	carbonyl reductase
101	enzyme	glucose dehydrogenase	glucose dehydrogenase
102	substrate	(S)-4-chloro-3-hydroxybutanoate	(S)-4-chloro-3-hydroxybutanoate
103	microbiome	Bacillus sp. TS-23	Bacillus sp. TS-23
104	enzyme	alkaline a-amylase	alkaline a-amylase
105	substrate	soluble starch	soluble starch
106	microbiome	Bacillus cereus	Bacillus cereus
107	enzyme	9-methyl-1,4,5,8-tetra-azaphenanthrene	9-methyl-1,4,5,8-tetra-azaphenanthrene
108	enzyme	ethanol	ethanol
109	microbiome	Escherichia coli O157:H7	Escherichia coli O157:H7
110	enzyme	Shiga toxin 1	Shiga toxin 1
111	enzyme	Shiga toxin 2	Shiga toxin 2
112	microbiome	Erwinia herbicola	Erwinia herbicola
113	enzyme	herbicolin A	herbicolin A
114	substrate	glutamic acid	glutamic acid
115	microbiome	Bacillus subtilis	Bacillus subtilis
116	enzyme	endo-β-1,4-glucanase	endo-β-1,4-glucanase
117	substrate	carboxymethylcellulose	carboxymethylcellulose
118	enzyme	CEL1a	CEL1a
119	enzyme	CEL1b	CEL1b
120	enzyme	CBH1	CBH1
121	substrate	D-galactose	D-galactose
122	enzyme	methylcitrate dehydratase	methylcitrate dehydratase
123	enzyme	aconitase	aconitase
124	substrate	(2S,3S)-methylcitrate	(2S,3S)-methylcitrate
125	substrate	(2R,3S)-2-methylisocitrate	(2R,3S)-2-methylisocitrate
126	substrate	cis-aconitate	cis-aconitate
127	enzyme	fumarase B	fumarase B
128	enzyme	fumarase A	fumarase A
129	substrate	D-tartrate	D-tartrate
130	enzyme	phosphoketolase	phosphoketolase
131	enzyme	glucose-6-phosphate dehydrogenase	glucose-6-phosphate dehydrogenase
132	enzyme	glycerol-1-phosphatase	glycerol-1-phosphatase
133	enzyme	phosphotransacetylase	phosphotransacetylase
134	substrate	acetyl phosphate	acetyl phosphate
135	enzyme	ALA synthase	ALA synthase
136	substrate	glycine	glycine
137	substrate	succinate	succinate
138	enzyme	β1,3-N-acetylglucosaminyltransferase	β1,3-N-acetylglucosaminyltransferase
139	enzyme	β1,3-galactosyltransferase	β1,3-galactosyltransferase
140	enzyme	β-N-acetylhexosaminidase	β-N-acetylhexosaminidase
141	substrate	LNTri II	LNTri II
142	enzyme	tannase	tannase
143	microbiome	Penicillium montanense	Penicillium montanense
144	microbiome	Klebsiella pneumoniae	Klebsiella pneumoniae
145	substrate	hydrolysable tannins	hydrolysable tannins
146	substrate	tannic acid	tannic acid
147	enzyme	AsUGT	AsUGT
148	enzyme	CAR	CAR
149	enzyme	PPTcg-1	PPTcg-1
150	enzyme	UbiC	UbiC
151	microbiome	Saccharomyces cerevisiae | ARO4 K229L	Saccharomyces cerevisiae | ARO4 K229L
152	substrate	4-hydroxybenzyl alcohol	4-hydroxybenzyl alcohol
153	enzyme	Trichoderma reesei Cel5A	Trichoderma reesei Cel5A
154	substrate	4-MUC	4-MUC
155	substrate	CMC	CMC
156	substrate	filter paper	filter paper
157	enzyme	ethanol dehydrogenase	ethanol dehydrogenase
158	substrate	mannose	mannose
159	microbiome	Rhizopus oryzae	Rhizopus oryzae
160	enzyme	lactic acid	lactic acid
161	enzyme	ADH2	ADH2
162	enzyme	FDH1	FDH1
163	substrate	methanol	methanol
164	substrate	formate	formate
165	microbiome	Lactococcus lactis subsp. lactis NCK203	Lactococcus lactis subsp. lactis NCK203
166	enzyme	CI repressor	CI repressor
167	enzyme	truncated CI	truncated CI
168	enzyme	2,3-butanediol dehydrogenase	2,3-butanediol dehydrogenase
169	enzyme	NADH-dependent Bdh1	NADH-dependent Bdh1
170	enzyme	NADPH-dependent Bdh1	NADPH-dependent Bdh1
171	substrate	acetoin	acetoin
172	enzyme	xylanase	xylanase
173	enzyme	mannanase	mannanase
174	enzyme	β-glucosidase	β-glucosidase
175	enzyme	α-galactosidase	α-galactosidase
176	substrate	cellobiose	cellobiose
177	substrate	xylan	xylan
178	microbiome	Streptococcus bovis	Streptococcus bovis
179	enzyme	lactate dehydrogenase	lactate dehydrogenase
180	enzyme	␣-amylase	␣-amylase
181	substrate	starch	starch
182	enzyme	𝛽-galactosidase	𝛽-galactosidase
183	enzyme	α-amylase	α-amylase
184	enzyme	glucoamylase	glucoamylase
185	enzyme	methionine synthase	methionine synthase
186	enzyme	TRAIL	TRAIL
187	enzyme	BMP2	BMP2
188	enzyme	hemicellulase	hemicellulase
189	enzyme	beta-glucosidase	beta-glucosidase
190	enzyme	cellobiohydrolase	cellobiohydrolase
191	enzyme	endoglucanase	endoglucanase
192	enzyme	beta-xylosidase	beta-xylosidase
193	enzyme	endoxylanase	endoxylanase
194	microbiome	Metschnikowia pulcherrima	Metschnikowia pulcherrima
195	enzyme	invertase	invertase
196	microbiome	Pichia kluyveri	Pichia kluyveri
197	microbiome	Kluyveromyces thermotolerans	Kluyveromyces thermotolerans
198	substrate	sucrose	sucrose
199	substrate	p-nitrophenyl-β-D-glucopyranoside	p-nitrophenyl-β-D-glucopyranoside
200	enzyme	laccase	laccase
201	substrate	coniferyl aldehyde	coniferyl aldehyde
202	microbiome	Bacillus sp. HR03	Bacillus sp. HR03
203	microbiome	Escherichia coli BL-21(DE3)	Escherichia coli BL-21(DE3)
204	substrate	syringaldazine	syringaldazine
205	substrate	phosphoric acid swollen cellulose	phosphoric acid swollen cellulose
206	enzyme	glutamate decarboxylase	glutamate decarboxylase
207	microbiome	Saccharomyces uvarum	Saccharomyces uvarum
208	enzyme	glycerol kinase	glycerol kinase
209	substrate	glutamate	glutamate
210	substrate	glycerol	glycerol
211	enzyme	acetolactate synthase	acetolactate synthase
212	enzyme	acetolactate decarboxylase	acetolactate decarboxylase
213	enzyme	2,3-BD dehydrogenase	2,3-BD dehydrogenase
214	substrate	acetolactate	acetolactate
215	microbiome	Clostridium acetobutylicum	Clostridium acetobutylicum
216	enzyme	formate dehydrogenase	formate dehydrogenase
217	substrate	formic acid	formic acid
218	enzyme	proteolytic enzymes	proteolytic enzymes
219	enzyme	xylanolytic enzymes	xylanolytic enzymes
220	substrate	hydroxytyrosol	hydroxytyrosol
221	substrate	tyrosol	tyrosol
222	enzyme	trypsin Y	trypsin Y
223	substrate	N-CBZ-Gly-Pro-Arg-pNA	N-CBZ-Gly-Pro-Arg-pNA
224	substrate	suc-Ala-Ala-Pro-Phe-pNA	suc-Ala-Ala-Pro-Phe-pNA
225	microbiome	Aspergillus oryzae	Aspergillus oryzae
226	enzyme	β-xylosidase	β-xylosidase
227	substrate	xylobiose	xylobiose
228	microbiome	Citrobacter sp. SG	Citrobacter sp. SG
229	enzyme	[NiFe]-hydrogenase 2	[NiFe]-hydrogenase 2
230	microbiome	Escherichia coli BL21-CodonPlus TM (DE3)	Escherichia coli BL21-CodonPlus TM (DE3)
231	microbiome	Neocallimastix patriciarum	Neocallimastix patriciarum
232	enzyme	carboxymethylcellulase	carboxymethylcellulase
233	enzyme	tryptophan deaminase	tryptophan deaminase
234	enzyme	alkyl hydroperoxide reductase	alkyl hydroperoxide reductase
235	enzyme	isocitrate lyase	isocitrate lyase
236	enzyme	phosphotransferase system components ManX	phosphotransferase system components ManX
237	enzyme	phosphotransferase system components PtsH	phosphotransferase system components PtsH
238	enzyme	galactitol fermentation enzyme GatY	galactitol fermentation enzyme GatY
239	enzyme	periplasmic maltose binding protein MalE	periplasmic maltose binding protein MalE
240	substrate	amino acids	amino acids
241	substrate	oxidizing intermediates	oxidizing intermediates
242	substrate	fatty acids	fatty acids
243	substrate	galactitol	galactitol
244	substrate	maltose	maltose
245	enzyme	avicelase	avicelase
246	enzyme	CMCase	CMCase
247	enzyme	cellobiase	cellobiase
248	substrate	DM	DM
249	substrate	NDF	NDF
250	substrate	ADF	ADF
251	enzyme	P450sca-2	P450sca-2
252	substrate	mevastatin	mevastatin
253	enzyme	Aaβ-agarase	Aaβ-agarase
254	substrate	agarose	agarose
255	microbiome	Lactobacillus sanfranciscensis	Lactobacillus sanfranciscensis
256	enzyme	fructosyltransferase	fructosyltransferase
257	enzyme	xylanase II	xylanase II
258	microbiome	Pseudomonas entomophila	Pseudomonas entomophila
259	enzyme	3-hydroxyacyl-CoA dehydrogenase	3-hydroxyacyl-CoA dehydrogenase
260	enzyme	3-ketoacyl-CoA thiolase	3-ketoacyl-CoA thiolase
261	enzyme	acetyl-CoA acetyltransferase	acetyl-CoA acetyltransferase
262	substrate	3-hydroxyhexanoate	3-hydroxyhexanoate
263	substrate	3-hydroxyoctanoate	3-hydroxyoctanoate
264	substrate	3-hydroxydecanoate	3-hydroxydecanoate
265	substrate	3-hydroxydodecanoate	3-hydroxydodecanoate
266	enzyme	thiolase	thiolase
267	enzyme	3-hydroxyacylCoA dehydrogenase/enoyl-CoA hydratase	3-hydroxyacylCoA dehydrogenase/enoyl-CoA hydratase
268	enzyme	transenoyl-CoA reductase	transenoyl-CoA reductase
269	enzyme	thioesterase	thioesterase
270	enzyme	acetyl-CoA synthetase	acetyl-CoA synthetase
271	substrate	medium-chain fatty acids	medium-chain fatty acids
272	enzyme	rVpCsgG	rVpCsgG
273	enzyme	sfGFP	sfGFP
274	enzyme	tryptophan indole-lyase	tryptophan indole-lyase
275	substrate	L-Trp	L-Trp
276	substrate	S-ethyl-L-cysteine	S-ethyl-L-cysteine
277	microbiome	Kluyveromyces marxianus	Kluyveromyces marxianus
278	enzyme	β-galactosidase	β-galactosidase
279	microbiome	Pichia kudriavzevii	Pichia kudriavzevii
280	enzyme	protease	protease
281	enzyme	lipase	lipase
282	substrate	casein	casein
283	substrate	tributyrin	tributyrin
284	substrate	l-glutamate	l-glutamate
285	enzyme	GH74 endoglucanase	GH74 endoglucanase
286	enzyme	GH7 cellobiohydrolase I	GH7 cellobiohydrolase I
287	enzyme	GH6 cellobiohydrolase II	GH6 cellobiohydrolase II
288	enzyme	GH3 β-glucosidase Cel3b	GH3 β-glucosidase Cel3b
289	enzyme	GH5 endoglucanase EG-1	GH5 endoglucanase EG-1
290	enzyme	GH61 endoglucanase-4	GH61 endoglucanase-4
291	enzyme	GH30 endo-1,6-β-D-glucanase	GH30 endo-1,6-β-D-glucanase
292	enzyme	GH45 endoglucanase V	GH45 endoglucanase V
293	enzyme	GH74 endoglucanase Cel74a	GH74 endoglucanase Cel74a
294	enzyme	nicotinamide riboside kinase	nicotinamide riboside kinase
295	enzyme	adenosine kinase	adenosine kinase
296	enzyme	6-phosphogluconate dehydrogenase	6-phosphogluconate dehydrogenase
297	substrate	nicotinamide mononucleotide	nicotinamide mononucleotide
298	substrate	adenosine	adenosine
299	substrate	gluconate 6-phosphate	gluconate 6-phosphate
300	microbiome	Sorangium cellulosum	Sorangium cellulosum
301	enzyme	epothilone	epothilone
302	microbiome	Myxococcus xanthus	Myxococcus xanthus
303	substrate	ammonium	ammonium
304	substrate	phosphate	phosphate
305	enzyme	GRE3	GRE3
306	enzyme	trypsin-like serine protease	trypsin-like serine protease
307	enzyme	aspartic protease	aspartic protease
308	substrate	cellulase	cellulase
309	substrate	CBH1	CBH1
310	substrate	aspartic protease	aspartic protease
311	enzyme	FabH	FabH
312	enzyme	'TesA	'TesA
313	enzyme	FadR	FadR
314	enzyme	IlvA	IlvA
315	enzyme	IlvGM	IlvGM
316	enzyme	IlvCD	IlvCD
317	enzyme	ThrABC	ThrABC
318	substrate	2-methylbutyryl-CoA	2-methylbutyryl-CoA
319	microbiome	Pleurotus eryngii	Pleurotus eryngii
320	enzyme	Mn-oxidizing peroxidases	Mn-oxidizing peroxidases
321	substrate	phenol red	phenol red
322	enzyme	amyloglucosidase	amyloglucosidase
323	enzyme	aminotransferase	aminotransferase
324	substrate	branched-chain amino acids	branched-chain amino acids
325	substrate	acetate ester	acetate ester
326	microbiome	Nocardiopsis alba	Nocardiopsis alba
327	enzyme	β-gal	β-gal
328	enzyme	β-gluc	β-gluc
329	enzyme	Penicillin G Acylase	Penicillin G Acylase
330	enzyme	glutathione	glutathione
331	enzyme	pyruvate carboxylase	pyruvate carboxylase
332	enzyme	TPS	TPS
333	microbiome	Saccharomyces cerevisiae | ATH	Saccharomyces cerevisiae | ATH
334	enzyme	SOD	SOD
335	substrate	trehalose	trehalose
336	enzyme	acid protease	acid protease
337	substrate	phytic acid	phytic acid
338	enzyme	pyruvate dehydrogenase	pyruvate dehydrogenase
339	enzyme	ATP-dependent citrate lyase	ATP-dependent citrate lyase
340	substrate	acetyl-CoA	acetyl-CoA
341	microbiome	Acremonium chrysogenum	Acremonium chrysogenum
342	enzyme	cephalosporin C	cephalosporin C
343	substrate	linoleic acid	linoleic acid
344	substrate	oleic acid	oleic acid
345	enzyme	hydrolytic enzymes	hydrolytic enzymes
346	substrate	ethanol	ethanol
347	microbiome	Acinetobacter radioresistens	Acinetobacter radioresistens
348	substrate	n-hexadecane	n-hexadecane
349	enzyme	8,11-LDS	8,11-LDS
350	substrate	a-linolenic acid	a-linolenic acid
351	substrate	palmitoleic acid	palmitoleic acid
352	enzyme	Propionyl-CoA carboxylase	Propionyl-CoA carboxylase
353	substrate	propionyl-CoA	propionyl-CoA
354	enzyme	xylose isomerase	xylose isomerase
355	microbiome	Fusarium solani	Fusarium solani
356	enzyme	vitexin	vitexin
357	substrate	ammonium sulfate	ammonium sulfate
358	enzyme	AAT16	AAT16
359	enzyme	AAT16-S99G	AAT16-S99G
360	enzyme	AAT16-L178F	AAT16-L178F
361	substrate	octanoyl-CoA	octanoyl-CoA
362	enzyme	geraniol synthase	geraniol synthase
363	enzyme	alcohol acyltransferase	alcohol acyltransferase
364	enzyme	isoprenoid diphosphate isomerase	isoprenoid diphosphate isomerase
365	enzyme	RNA polymerase III repressor	RNA polymerase III repressor
366	enzyme	truncated HMG-CoA reductase	truncated HMG-CoA reductase
367	substrate	geranyl diphosphate	geranyl diphosphate
368	substrate	isopentenyl diphosphate	isopentenyl diphosphate
369	substrate	dimethylallyl diphosphate	dimethylallyl diphosphate
370	enzyme	glycerol dehydrogenase	glycerol dehydrogenase
371	enzyme	dihydroxyacetone kinase	dihydroxyacetone kinase
372	substrate	dihydroxyacetone	dihydroxyacetone
373	enzyme	NDH-1	NDH-1
374	enzyme	NDH-2	NDH-2
375	enzyme	bo-type oxidase	bo-type oxidase
376	enzyme	bd-type oxidase	bd-type oxidase
377	substrate	NADH	NADH
378	substrate	ubiquinol	ubiquinol
379	microbiome	Pichia pastoris	Pichia pastoris
380	enzyme	hirudin	hirudin
381	substrate	fibrinogen	fibrinogen
382	microbiome	Lipomyces kononenkoae	Lipomyces kononenkoae
383	substrate	dextrin	dextrin
384	substrate	amylose	amylose
385	enzyme	Pex11p	Pex11p
386	enzyme	Pex34p	Pex34p
387	enzyme	Atg36p	Atg36p
388	microbiome	Saccharomyces fragilis	Saccharomyces fragilis
389	microbiome	Aspergillus spp.	Aspergillus spp.
390	substrate	o-nitrophenyl-β-D-galactopyranoside	o-nitrophenyl-β-D-galactopyranoside
391	microbiome	Lasiodiplodia theobromae	Lasiodiplodia theobromae
392	enzyme	lasiodiplodan	lasiodiplodan
393	substrate	D-glucose	D-glucose
394	substrate	sophorose	sophorose
395	substrate	Avicel	Avicel
396	enzyme	chitosanase	chitosanase
397	substrate	chitosan	chitosan
398	enzyme	b-amyrin synthase	b-amyrin synthase
399	enzyme	squalene monooxygenase	squalene monooxygenase
400	enzyme	IPP isomerase	IPP isomerase
401	enzyme	FPP	FPP
402	enzyme	squalene synthase	squalene synthase
403	substrate	squalene	squalene
404	substrate	2,3-oxidosqualene	2,3-oxidosqualene
405	enzyme	β(1, 3)-glucan synthase	β(1, 3)-glucan synthase
406	enzyme	eGFP	eGFP
407	enzyme	MNEI	MNEI
408	microbiome	Aspergillus awamori	Aspergillus awamori
409	substrate	platycoside E	platycoside E
410	substrate	platycodin D3	platycodin D3
411	substrate	platycodin D	platycodin D
412	microbiome	Bacillus spp.	Bacillus spp.
413	enzyme	amylase	amylase
414	enzyme	crtEXYIB	crtEXYIB
415	enzyme	Dxs	Dxs
416	enzyme	Idi	Idi
417	enzyme	glucose 6-phosphate dehydrogenase	glucose 6-phosphate dehydrogenase
418	enzyme	transketolase I	transketolase I
419	enzyme	transaldolase B	transaldolase B
420	enzyme	citrate synthase	citrate synthase
421	enzyme	aconitase A	aconitase A
422	enzyme	isocitrate dehydrogenase	isocitrate dehydrogenase
423	enzyme	a-ketoglutarate dehydrogenase	a-ketoglutarate dehydrogenase
424	enzyme	succinyl-CoA synthetase	succinyl-CoA synthetase
425	enzyme	succinate dehydrogenase	succinate dehydrogenase
426	enzyme	fumarase C	fumarase C
427	enzyme	malate dehydrogenase	malate dehydrogenase
428	enzyme	NADH:ubiquinone oxidoreductase I	NADH:ubiquinone oxidoreductase I
429	enzyme	cytochrome bo oxidase	cytochrome bo oxidase
430	enzyme	cytochrome bd-I oxidase	cytochrome bd-I oxidase
431	enzyme	ATP synthase	ATP synthase
432	substrate	b-carotene	b-carotene
433	substrate	IPP	IPP
434	substrate	DMAPP	DMAPP
435	substrate	ribose 5-phosphate	ribose 5-phosphate
436	substrate	sedoheptulose 7-phosphate	sedoheptulose 7-phosphate
437	substrate	citrate	citrate
438	substrate	isocitrate	isocitrate
439	substrate	a-ketoglutarate	a-ketoglutarate
440	substrate	succinyl-CoA	succinyl-CoA
441	substrate	fumarate	fumarate
442	substrate	malate	malate
443	substrate	ADP	ADP
444	enzyme	UshA	UshA
445	substrate	NAD	NAD
446	substrate	AMP	AMP
447	substrate	NMN	NMN
448	microbiome	Sulfolobus solfataricus	Sulfolobus solfataricus
449	enzyme	SsαGly	SsαGly
450	enzyme	SsβGly	SsβGly
451	microbiome	Candida glycerinogenes	Candida glycerinogenes
452	enzyme	glycerol-3-phosphate dehydrogenase	glycerol-3-phosphate dehydrogenase
453	enzyme	LDH	LDH
454	substrate	phenylpyruvate	phenylpyruvate
455	microbiome	Acetobacter pasteurianus	Acetobacter pasteurianus
456	substrate	acetaldehyde	acetaldehyde
457	substrate	propionaldehyde	propionaldehyde
458	enzyme	endo-inulinase	endo-inulinase
459	enzyme	exo-inulinase	exo-inulinase
460	substrate	inulin	inulin
461	enzyme	cellobiohydrolase I	cellobiohydrolase I
462	substrate	p-nitrophenyl-b-D-cellobioside	p-nitrophenyl-b-D-cellobioside
463	microbiome	Clostridium beijerinckii	Clostridium beijerinckii
464	substrate	beechwood xylan	beechwood xylan
465	enzyme	selenoproteins	selenoproteins
466	enzyme	cellulases	cellulases
467	enzyme	hemicellulases	hemicellulases
468	enzyme	proteases/peptidases	proteases/peptidases
469	enzyme	cell-wall-protein	cell-wall-protein
470	enzyme	lipases	lipases
471	enzyme	catalase	catalase
472	enzyme	glycoside hydrolases	glycoside hydrolases
473	enzyme	superoxide dismutase	superoxide dismutase
474	enzyme	glutaredoxin	glutaredoxin
475	enzyme	thioredoxin	thioredoxin
476	enzyme	glutathione peroxidase	glutathione peroxidase
477	substrate	hydrogen peroxide	hydrogen peroxide
478	substrate	reactive oxygen species	reactive oxygen species
479	substrate	glutathione	glutathione
480	substrate	NADP+	NADP+
481	enzyme	rosmarinic acid synthase	rosmarinic acid synthase
482	enzyme	tyrosine aminotransferase	tyrosine aminotransferase
483	enzyme	hydroxyphenylpyruvate reductase	hydroxyphenylpyruvate reductase
484	enzyme	CYP98A14 hydroxylase	CYP98A14 hydroxylase
485	substrate	4-HPL	4-HPL
486	substrate	3,4-DHPL	3,4-DHPL
487	enzyme	exoglucanase	exoglucanase
488	substrate	lignocellulosic biomass	lignocellulosic biomass
489	microbiome	Streptomyces clavuligerus	Streptomyces clavuligerus
490	enzyme	arginase	arginase
491	enzyme	Flo1p	Flo1p
492	enzyme	Flo5p	Flo5p
493	enzyme	Flo11p	Flo11p
494	enzyme	TetA	TetA
495	enzyme	AcrAB-TolC	AcrAB-TolC
496	substrate	tetracycline	tetracycline
497	enzyme	carboxylesterase B1	carboxylesterase B1
498	substrate	organophosphate esters	organophosphate esters
499	substrate	malathion	malathion
500	microbiome	Lichtheimia ramosa	Lichtheimia ramosa
501	substrate	cyanogenic glucosides	cyanogenic glucosides
502	microbiome	Candida tropicalis	Candida tropicalis
503	enzyme	acetaldehyde dehydrogenase	acetaldehyde dehydrogenase
504	enzyme	EEB1	EEB1
505	enzyme	EHT1	EHT1
506	substrate	ethyl esters	ethyl esters
507	enzyme	Snf1	Snf1
508	enzyme	Gln3	Gln3
509	microbiome	Actinoplanes deccanensis	Actinoplanes deccanensis
510	enzyme	lipiarmycin	lipiarmycin
511	substrate	glucose-lactose mixture	glucose-lactose mixture
512	microbiome	Streptomyces venezuelae	Streptomyces venezuelae
513	enzyme	nitrate reductase	nitrate reductase
514	enzyme	arylamine synthetase	arylamine synthetase
515	enzyme	anthranilate synthetase	anthranilate synthetase
516	substrate	nitrate	nitrate
517	microbiome	Lactobacillus kefiranofaciens	Lactobacillus kefiranofaciens
518	enzyme	exopolysaccharides	exopolysaccharides
519	enzyme	β-D-galactosidase	β-D-galactosidase
520	enzyme	lactase	lactase
521	enzyme	fructanases	fructanases
522	substrate	fructans	fructans
523	microbiome	Phialocephala fortinii	Phialocephala fortinii
524	enzyme	salidroside	salidroside
525	enzyme	p-tyrosol	p-tyrosol
526	substrate	salidroside	salidroside
527	substrate	p-tyrosol	p-tyrosol
528	enzyme	tyrosinase	tyrosinase
529	microbiome	Agaricus bisporus	Agaricus bisporus
530	substrate	milk proteins	milk proteins
531	enzyme	serine dehydratase	serine dehydratase
532	enzyme	serine deaminase	serine deaminase
533	enzyme	glutamine synthetase	glutamine synthetase
534	enzyme	IMP dehydrogenase	IMP dehydrogenase
535	enzyme	GMP synthetase	GMP synthetase
536	enzyme	adenylosuccinate synthetase	adenylosuccinate synthetase
537	enzyme	carbamoylphosphate synthetase	carbamoylphosphate synthetase
538	enzyme	aspartate carbamoyltransferase	aspartate carbamoyltransferase
539	enzyme	dihydroorotase	dihydroorotase
540	enzyme	dihydroorotate dehydrogenase	dihydroorotate dehydrogenase
541	enzyme	orotate phosphoribosyltransferase	orotate phosphoribosyltransferase
542	enzyme	OMP decarboxylase	OMP decarboxylase
543	enzyme	UMP kinase	UMP kinase
544	enzyme	CTP synthetase	CTP synthetase
545	substrate	inosine monophosphate	inosine monophosphate
546	substrate	guanosine monophosphate	guanosine monophosphate
547	substrate	adenosine monophosphate	adenosine monophosphate
548	substrate	carbamoylphosphate	carbamoylphosphate
549	substrate	aspartate	aspartate
550	substrate	dihydroorotate	dihydroorotate
551	substrate	orotate	orotate
552	substrate	UMP	UMP
553	substrate	CTP	CTP
554	enzyme	quinone oxidoreductase	quinone oxidoreductase
555	enzyme	furfural reductase	furfural reductase
556	microbiome	Clostridium ramosum	Clostridium ramosum
557	enzyme	flagellin	flagellin
558	enzyme	formate dehydrogenase H	formate dehydrogenase H
559	enzyme	formate dehydrogenase H U140C	formate dehydrogenase H U140C
560	substrate	CO2	CO2
561	enzyme	xanthine dehydrogenase	xanthine dehydrogenase
562	enzyme	Hap4p	Hap4p
563	microbiome	Oenococcus oeni	Oenococcus oeni
564	enzyme	hsp18	hsp18
565	enzyme	trxA	trxA
566	enzyme	grpE	grpE
567	enzyme	groES	groES
568	enzyme	trhD	trhD
569	enzyme	amt	amt
570	enzyme	DDCarb	DDCarb
571	enzyme	RS03525	RS03525
572	enzyme	clpP	clpP
573	enzyme	ddl	ddl
574	enzyme	ppk	ppk
575	enzyme	RS06010	RS06010
576	enzyme	atpB	atpB
577	enzyme	RS07625	RS07625
578	enzyme	rmlb	rmlb
579	enzyme	gshR	gshR
580	enzyme	ctsR	ctsR
581	enzyme	clpX	clpX
582	enzyme	RS06975	RS06975
583	enzyme	pyrB	pyrB
584	enzyme	mleP	mleP
585	enzyme	mleR	mleR
586	enzyme	ggpps	ggpps
587	enzyme	RS04370	RS04370
588	substrate	L-malic acid	L-malic acid
589	microbiome	Penicillium citrinum	Penicillium citrinum
590	microbiome	Aspergillus clavatus	Aspergillus clavatus
591	substrate	wheat bran	wheat bran
592	microbiome	Candida bombicola	Candida bombicola
593	enzyme	multifunctional enzyme type 2	multifunctional enzyme type 2
594	enzyme	enoyl-CoA hydratase	enoyl-CoA hydratase
595	substrate	1-dodecanol	1-dodecanol
596	substrate	medium- and long-chain (3R)-hydroxyacyl-CoA	medium- and long-chain (3R)-hydroxyacyl-CoA
597	substrate	short-chain substrates	short-chain substrates
598	enzyme	N-acetyl-d-glucosamine 2-epimerase	N-acetyl-d-glucosamine 2-epimerase
599	enzyme	N-acetyl-d-neuraminic acid lyase	N-acetyl-d-neuraminic acid lyase
600	enzyme	PTS phosphotransferase	PTS phosphotransferase
601	enzyme	cyanobacterial ppc	cyanobacterial ppc
602	enzyme	sdhAB	sdhAB
603	enzyme	poxB	poxB
604	enzyme	ackA-pta	ackA-pta
605	enzyme	iclR	iclR
606	enzyme	ptsG	ptsG
607	enzyme	PDC Zm	PDC Zm
608	enzyme	ADH Zm	ADH Zm
609	microbiome	Streptococcus morbillorum	Streptococcus morbillorum
610	microbiome	Gluconacetobacter intermedius	Gluconacetobacter intermedius
611	enzyme	GinI	GinI
612	enzyme	GinR	GinR
613	microbiome	Candida ethanolica	Candida ethanolica
614	microbiome	Hanseniaspora guilliermondii	Hanseniaspora guilliermondii
615	microbiome	Hanseniaspora thailandica	Hanseniaspora thailandica
616	substrate	polyphenols	polyphenols
617	substrate	tannin	tannin
618	enzyme	linalool	linalool
619	enzyme	geraniol	geraniol
620	substrate	ferulic acid	ferulic acid
621	substrate	ferulic acid glycosides	ferulic acid glycosides
622	enzyme	ethyl acetate-hydrolysing esterase	ethyl acetate-hydrolysing esterase
623	microbiome	Pichia anomala	Pichia anomala
624	enzyme	acetate ester-hydrolysing esterase	acetate ester-hydrolysing esterase
625	substrate	acetate esters	acetate esters
626	enzyme	homoserine O-succinyltransferase	homoserine O-succinyltransferase
627	enzyme	L-methionine exporter	L-methionine exporter
628	substrate	L-methionine	L-methionine
629	enzyme	Accellerase	Accellerase
630	microbiome	Lactobacillus brevis	Lactobacillus brevis
631	enzyme	glycerol dehydratase	glycerol dehydratase
632	enzyme	DhaB	DhaB
633	microbiome	Escherichia coli KJ122	Escherichia coli KJ122
634	enzyme	cellulase complex	cellulase complex
635	enzyme	Dcp1	Dcp1
636	enzyme	Dcp2	Dcp2
637	enzyme	Ngr1	Ngr1
638	enzyme	Rps30A	Rps30A
639	substrate	mRNA	mRNA
640	enzyme	CEL7A	CEL7A
641	enzyme	VP1	VP1
642	enzyme	Dps	Dps
643	enzyme	Polh/GFP	Polh/GFP
644	microbiome	AWRI 796	AWRI 796
645	enzyme	Fba1	Fba1
646	enzyme	Gid7	Gid7
647	substrate	fructose 1,6-bisphosphate	fructose 1,6-bisphosphate
648	substrate	fructose-6-phosphate	fructose-6-phosphate
649	microbiome	H. uvarum	H. uvarum
650	enzyme	β-glycosidase	β-glycosidase
651	microbiome	D. polymorphus	D. polymorphus
652	microbiome	Z. bailii	Z. bailii
653	microbiome	S. bacillaris	S. bacillaris
654	microbiome	Leuconostoc mesenteroides	Leuconostoc mesenteroides
655	enzyme	dextransucrase	dextransucrase
656	microbiome	Paenibacillus campinasensis BL11	Paenibacillus campinasensis BL11
657	substrate	carboxylmethyl cellulose	carboxylmethyl cellulose
658	substrate	swollen Avicel	swollen Avicel
659	substrate	barley b-glucan	barley b-glucan
660	substrate	laminarin	laminarin
661	substrate	birchwood xylan	birchwood xylan
662	substrate	oat spelt xylan	oat spelt xylan
663	substrate	Whatman number 42 filter paper	Whatman number 42 filter paper
664	microbiome	Piromyces rhizinflata	Piromyces rhizinflata
665	enzyme	CelcdN9C9	CelcdN9C9
666	enzyme	CelcdC9	CelcdC9
667	substrate	carboxymethyl cellulose	carboxymethyl cellulose
668	substrate	pNP-b-D-cellobioside	pNP-b-D-cellobioside
669	substrate	microcrystalline Avicel	microcrystalline Avicel
670	enzyme	endoglucanase Cel7A	endoglucanase Cel7A
671	microbiome	Humicola insolens	Humicola insolens
672	enzyme	endoglucanase Cel7B	endoglucanase Cel7B
673	substrate	3,4-dinitrophenyl lactoside	3,4-dinitrophenyl lactoside
674	substrate	3,4-DNP-cellobiose	3,4-DNP-cellobiose
675	enzyme	ethanol fermentation enzyme	ethanol fermentation enzyme
676	microbiome	Issatchenkia orientalis	Issatchenkia orientalis
677	substrate	cassava starch hydrolysate	cassava starch hydrolysate
678	enzyme	kivd	kivd
679	enzyme	alsS	alsS
680	enzyme	ilvCD	ilvCD
681	enzyme	leuA(G462D)	leuA(G462D)
682	enzyme	leuBCD	leuBCD
683	enzyme	TAL	TAL
684	enzyme	codon-optimized TAL	codon-optimized TAL
685	substrate	tyrosine	tyrosine
686	enzyme	milk clotting enzyme	milk clotting enzyme
687	substrate	milk	milk
688	enzyme	Pho13	Pho13
689	enzyme	Gcr2	Gcr2
690	enzyme	sucA	sucA
691	enzyme	sucB	sucB
692	enzyme	sucC	sucC
693	enzyme	sucD	sucD
694	enzyme	aceA	aceA
695	enzyme	aceB	aceB
696	substrate	succinic acid	succinic acid
697	enzyme	Hac1p	Hac1p
698	enzyme	Thi2p	Thi2p
699	enzyme	Ino4p	Ino4p
700	enzyme	Opi1p	Opi1p
701	enzyme	Rsf2p	Rsf2p
702	enzyme	Adr1p	Adr1p
703	enzyme	Stp2p	Stp2p
704	enzyme	Msn4p	Msn4p
705	enzyme	Mss11p	Mss11p
706	enzyme	Xbp1p	Xbp1p
707	enzyme	Cat8p	Cat8p
708	enzyme	Met28p	Met28p
709	enzyme	Mal13p	Mal13p
710	enzyme	Pdr3p	Pdr3p
711	enzyme	Cup9p	Cup9p
712	enzyme	Ixr1p	Ixr1p
713	enzyme	Swi5p	Swi5p
714	enzyme	Stp1p	Stp1p
715	enzyme	Hcm1p	Hcm1p
716	enzyme	Kar4p	Kar4p
717	enzyme	Pho4p	Pho4p
718	enzyme	Tup1p	Tup1p
719	enzyme	Rpn4p	Rpn4p
720	enzyme	Mal33p	Mal33p
721	substrate	protein	protein
722	enzyme	Glu-Xyl	Glu-Xyl
723	enzyme	aldehyde dehydrogenase	aldehyde dehydrogenase
724	enzyme	glucuronidase	glucuronidase
725	substrate	inclusion body	inclusion body
726	enzyme	endoglucanase I	endoglucanase I
727	microbiome	Trichoderma reesei | EGI core-P5 (WP) 4	Trichoderma reesei | EGI core-P5 (WP) 4
728	microbiome	Photorhabdus temperata	Photorhabdus temperata
729	enzyme	organic matter degrading enzymes	organic matter degrading enzymes
730	substrate	total organic carbon	total organic carbon
731	microbiome	Haemophilus influenzae	Haemophilus influenzae
732	enzyme	cAMP phosphodiesterase	cAMP phosphodiesterase
733	substrate	cAMP	cAMP
734	enzyme	DUR1,2	DUR1,2
735	enzyme	CAN1	CAN1
736	enzyme	GAP1	GAP1
737	enzyme	ALP1	ALP1
738	substrate	urea	urea
739	enzyme	Avicelase	Avicelase
740	substrate	carboxy methyl cellulose	carboxy methyl cellulose
741	enzyme	inulinase	inulinase
742	enzyme	glycerol 3-phosphate dehydrogenase	glycerol 3-phosphate dehydrogenase
743	enzyme	aldhehyde dehydrogenase	aldhehyde dehydrogenase
744	enzyme	LTA4 hydrolase	LTA4 hydrolase
745	enzyme	Arg aminopeptidase	Arg aminopeptidase
746	enzyme	Ala aminopeptidase	Ala aminopeptidase
747	enzyme	aminopeptidase	aminopeptidase
748	substrate	LTA4	LTA4
749	substrate	Leu-p-NA	Leu-p-NA
750	substrate	Ala-p-NA	Ala-p-NA
751	substrate	Arg-p-NA	Arg-p-NA
752	enzyme	XKS1	XKS1
753	enzyme	TAL1	TAL1
754	enzyme	NAD1-dependent glycerol-3-phosphate dehydrogenase	NAD1-dependent glycerol-3-phosphate dehydrogenase
755	microbiome	Yarrowia lipolytica	Yarrowia lipolytica
756	enzyme	exo-α-mannosidase	exo-α-mannosidase
757	enzyme	alkaline protease	alkaline protease
758	substrate	lipids	lipids
759	microbiome	Bacillus amyloliquefaciens	Bacillus amyloliquefaciens
760	microbiome	Penicillium ochrochloron Biourge	Penicillium ochrochloron Biourge
761	enzyme	endo-β-1,3-1,4-glucanase	endo-β-1,3-1,4-glucanase
762	enzyme	endo-β-1,4-xyloglucanase	endo-β-1,4-xyloglucanase
763	enzyme	endo-1,4-β-d-xylanase	endo-1,4-β-d-xylanase
764	enzyme	endo-1,4-β-d-mannanase	endo-1,4-β-d-mannanase
765	enzyme	endo-1,4-β-d-galactanase	endo-1,4-β-d-galactanase
766	enzyme	endo-1,5-α-l-arabinanase	endo-1,5-α-l-arabinanase
767	enzyme	endoprotease	endoprotease
768	substrate	hemicellulose	hemicellulose
769	substrate	pectin	pectin
770	enzyme	SUC	SUC
771	enzyme	MAL	MAL
772	substrate	olive oil	olive oil
773	enzyme	rLAPTc	rLAPTc
774	substrate	Leu-p-nitroanilide	Leu-p-nitroanilide
775	microbiome	Coriolus versicolor LH1	Coriolus versicolor LH1
776	enzyme	extracellular polysaccharopeptides	extracellular polysaccharopeptides
777	enzyme	O-Acetylserine sulfhydrylase-B	O-Acetylserine sulfhydrylase-B
778	substrate	O-acetyl-L-serine	O-acetyl-L-serine
779	substrate	Na2S2O3	Na2S2O3
780	microbiome	Penicillium simplicissimum	Penicillium simplicissimum
781	substrate	p-NP caprylate	p-NP caprylate
782	substrate	p-NP laurate	p-NP laurate
783	substrate	p-NP palmitate	p-NP palmitate
784	enzyme	PMA1	PMA1
785	microbiome	Bifidobacterium spp.	Bifidobacterium spp.
786	substrate	raffinose	raffinose
787	enzyme	PapA5	PapA5
788	enzyme	Kivd	Kivd
789	enzyme	Adh2	Adh2
790	substrate	isobutanol	isobutanol
791	substrate	isopentanol	isopentanol
792	substrate	2-phenylethanol	2-phenylethanol
793	microbiome	Saccharomyces eubayanus	Saccharomyces eubayanus
794	enzyme	kexin protease	kexin protease
795	substrate	maltotriose	maltotriose
796	enzyme	NADH dehydrogenase subunit II	NADH dehydrogenase subunit II
797	enzyme	NADH dehydrogenase subunit III	NADH dehydrogenase subunit III
798	enzyme	ERG3	ERG3
799	enzyme	ERG6	ERG6
800	enzyme	ERG2	ERG2
801	enzyme	ERG24	ERG24
802	substrate	ergosterol	ergosterol
803	enzyme	old yellow enzyme	old yellow enzyme
804	substrate	geraniol	geraniol
805	substrate	NAD+	NAD+
806	microbiome	Pseudomonas putida US2	Pseudomonas putida US2
807	enzyme	haloacid dehalogenase	haloacid dehalogenase
808	substrate	2-chloroethanol	2-chloroethanol
809	enzyme	Tr. Cel7B	Tr. Cel7B
810	substrate	NaOH pretreated corn stover	NaOH pretreated corn stover
811	microbiome	Actinobacillus succinogenes	Actinobacillus succinogenes
812	enzyme	hydrogenase	hydrogenase
813	enzyme	triphenylmethane reductase	triphenylmethane reductase
814	substrate	malachite green	malachite green
815	microbiome	Lactiplantibacillus plantarum	Lactiplantibacillus plantarum
816	enzyme	carbohydrase	carbohydrase
817	microbiome	Lactobacillus paralimentarius	Lactobacillus paralimentarius
818	microbiome	Pediococcus pentosaceus	Pediococcus pentosaceus
819	substrate	sinapic acid	sinapic acid
820	substrate	kaempferol glycosides	kaempferol glycosides
821	substrate	phenolic alkaloids	phenolic alkaloids
822	substrate	phenolic acids	phenolic acids
823	enzyme	butanol	butanol
824	enzyme	L-asparagine synthetase	L-asparagine synthetase
825	substrate	L-Asp	L-Asp
826	microbiome	Pichia fermentans	Pichia fermentans
827	enzyme	β-fructosidase	β-fructosidase
828	enzyme	maltase	maltase
829	enzyme	fructokinase	fructokinase
830	microbiome	Aureobasidium pullulans	Aureobasidium pullulans
831	enzyme	pullulanase	pullulanase
832	enzyme	amylolytic enzymes	amylolytic enzymes
833	microbiome	Streptomyces cinnamonensis	Streptomyces cinnamonensis
834	enzyme	crotonyl coenzyme A reductase	crotonyl coenzyme A reductase
835	substrate	crotonyl-CoA	crotonyl-CoA
836	enzyme	malic acid synthase	malic acid synthase
837	enzyme	pyruvate decarboxylase	pyruvate decarboxylase
838	substrate	L-glutamate	L-glutamate
839	enzyme	phosphofructokinase	phosphofructokinase
840	enzyme	endoglucanase D	endoglucanase D
841	substrate	b-glucan	b-glucan
842	enzyme	dolichyl phosphate mannose synthase	dolichyl phosphate mannose synthase
843	enzyme	cis-prenyltransferase	cis-prenyltransferase
844	substrate	GDP-mannose	GDP-mannose
845	enzyme	Cel7A	Cel7A
846	microbiome	Sporobolomyces salmonicolor	Sporobolomyces salmonicolor
847	enzyme	exopolysaccharide	exopolysaccharide
848	enzyme	acyl-CoA/aldehyde reductase	acyl-CoA/aldehyde reductase
849	enzyme	acyl-CoA synthetase	acyl-CoA synthetase
850	substrate	dodecanaldehyde	dodecanaldehyde
851	substrate	MUL	MUL
852	substrate	hydroxyethylcellulose	hydroxyethylcellulose
853	enzyme	EGIII	EGIII
854	microbiome	Acetobacterium fimetarium	Acetobacterium fimetarium
855	enzyme	Wood–Ljungdahl pathway enzymes	Wood–Ljungdahl pathway enzymes
856	microbiome	Eubacterium aggregans	Eubacterium aggregans
857	microbiome	Sporomusa acidovorans	Sporomusa acidovorans
858	microbiome	Acidithiobacillus ferrooxidans	Acidithiobacillus ferrooxidans
859	enzyme	S1 nuclease	S1 nuclease
860	enzyme	pdc	pdc
861	enzyme	adhA	adhA
862	enzyme	adhB	adhB
863	enzyme	O-acetylserine/O-acetylhomoserine sulfhydrylase	O-acetylserine/O-acetylhomoserine sulfhydrylase
864	enzyme	sucrose synthase	sucrose synthase
865	enzyme	UGT71A15	UGT71A15
866	substrate	UDP-glucose	UDP-glucose
867	substrate	flavonoids	flavonoids
868	enzyme	glycerol	glycerol
869	microbiome	Thermoascus aurantiacus	Thermoascus aurantiacus
870	enzyme	quinate dehydrogenase	quinate dehydrogenase
871	enzyme	phenylalanine ammonia lyase	phenylalanine ammonia lyase
872	enzyme	cinnamic acid hydroxylase	cinnamic acid hydroxylase
873	enzyme	p-coumarate 3′hydroxylase	p-coumarate 3′hydroxylase
874	enzyme	4-coumarate-CoA ligase 1	4-coumarate-CoA ligase 1
875	enzyme	DAHP synthase	DAHP synthase
876	enzyme	shikimate kinase	shikimate kinase
877	enzyme	prephenate dehydratase	prephenate dehydratase
878	enzyme	chorismate synthase	chorismate synthase
879	enzyme	pentafunctional aromatic protein	pentafunctional aromatic protein
880	enzyme	transketolase	transketolase
881	enzyme	ribose-5-phosphate ketol-isomerase	ribose-5-phosphate ketol-isomerase
882	enzyme	pyruvate kinase	pyruvate kinase
883	enzyme	tyrosine ammonia lyase	tyrosine ammonia lyase
884	enzyme	tyrosine prephenate dehydrogenase	tyrosine prephenate dehydrogenase
885	substrate	quinic acid	quinic acid
886	substrate	phenylalanine	phenylalanine
887	substrate	p-coumaric acid	p-coumaric acid
888	substrate	phosphoenolpyruvate	phosphoenolpyruvate
889	substrate	shikimic acid	shikimic acid
890	substrate	erythrose-4-phosphate	erythrose-4-phosphate
891	microbiome	Rhodococcus rhodochrous	Rhodococcus rhodochrous
892	enzyme	drotaverine-degrading enzyme	drotaverine-degrading enzyme
893	microbiome	Candida stellata	Candida stellata
894	enzyme	polygalacturonase	polygalacturonase
895	microbiome	Candida pulcherrima	Candida pulcherrima
896	enzyme	glucanase	glucanase
897	enzyme	L-homoserine-O-acetyltransferase	L-homoserine-O-acetyltransferase
898	microbiome	Lactobacillus plantarum	Lactobacillus plantarum
899	enzyme	formate hydrogenlyase	formate hydrogenlyase
900	enzyme	Hyd-3	Hyd-3
901	substrate	H2	H2
902	microbiome	Methanobrevibacter smithii	Methanobrevibacter smithii
903	enzyme	bile acid dehydroxylation	bile acid dehydroxylation
904	substrate	bile acids	bile acids
905	enzyme	malic acid degradation	malic acid degradation
906	microbiome	Saccharomyces paradoxus	Saccharomyces paradoxus
907	enzyme	6-pyruvoyltetrahydropterin synthase	6-pyruvoyltetrahydropterin synthase
908	enzyme	sepiapterin side chain releasing enzyme	sepiapterin side chain releasing enzyme
909	substrate	sepiapterin	sepiapterin
910	microbiome	Saccharomyces pastorianus	Saccharomyces pastorianus
911	enzyme	oxaloacetate acetylhydrolase	oxaloacetate acetylhydrolase
912	substrate	oxaloacetate	oxaloacetate
913	enzyme	propionate CoA-transferase	propionate CoA-transferase
914	enzyme	polyhydroxyalkanoate synthase	polyhydroxyalkanoate synthase
915	substrate	lactic acid	lactic acid
916	microbiome	Vibrio cholerae	Vibrio cholerae
917	enzyme	adenylate cyclase	adenylate cyclase
918	enzyme	tryptophanase	tryptophanase
919	substrate	fructose	fructose
920	microbiome	Clostridium thermocellum	Clostridium thermocellum
921	microbiome	Clostridium cellulolyticum	Clostridium cellulolyticum
922	microbiome	Ruminococcus flavefaciens	Ruminococcus flavefaciens
923	substrate	phosphoric acid-swollen cellulose	phosphoric acid-swollen cellulose
924	substrate	carbohydrates	carbohydrates
925	enzyme	N-acetylgalactosamine-6-sulfate sulfatase	N-acetylgalactosamine-6-sulfate sulfatase
926	substrate	D-lactic acid	D-lactic acid
927	substrate	itaconic acid	itaconic acid
928	enzyme	methyl parathion hydrolase	methyl parathion hydrolase
929	substrate	methyl parathion	methyl parathion
930	enzyme	carboxymethyl cellulase	carboxymethyl cellulase
931	microbiome	Lactobacillus hordei	Lactobacillus hordei
932	enzyme	Fab fragment	Fab fragment
933	enzyme	sucrase	sucrase
934	microbiome	Lactobacillus casei subsp. rhamnosus LCR 6013	Lactobacillus casei subsp. rhamnosus LCR 6013
935	enzyme	nitrite reductase	nitrite reductase
936	substrate	nitrite	nitrite
937	enzyme	PEP carboxykinase	PEP carboxykinase
938	microbiome	Saccharomycopsis fibuligera	Saccharomycopsis fibuligera
939	microbiome	Streptomyces sp. HC14	Streptomyces sp. HC14
940	enzyme	cytochrome monooxygenase (CYP51)	cytochrome monooxygenase (CYP51)
941	substrate	pyrrolo[1,2-a]pyrazine-1,4-dione, hexahydro-3-(phenylmethyl)	pyrrolo[1,2-a]pyrazine-1,4-dione, hexahydro-3-(phenylmethyl)
942	substrate	di-n-octyl phthalate	di-n-octyl phthalate
943	enzyme	P450 PMO R2	P450 PMO R2
944	enzyme	dcP450 PMO R2	dcP450 PMO R2
945	substrate	propane	propane
946	enzyme	γ-CGTase	γ-CGTase
947	substrate	γ-cyclodextrin	γ-cyclodextrin
948	enzyme	YcgF	YcgF
949	enzyme	sterol acyltransferase	sterol acyltransferase
950	enzyme	acetyl-CoA carboxylase	acetyl-CoA carboxylase
951	enzyme	HMG-CoA reductase	HMG-CoA reductase
952	enzyme	EC-SOD	EC-SOD
953	enzyme	rEC-SOD	rEC-SOD
954	enzyme	D-xylose isomerase	D-xylose isomerase
955	enzyme	xylose reductase	xylose reductase
956	enzyme	xylitol dehydrogenase	xylitol dehydrogenase
957	enzyme	xylulose kinase	xylulose kinase
958	enzyme	transaldolase	transaldolase
959	substrate	D-xylose	D-xylose
960	substrate	xylitol	xylitol
961	microbiome	Clostridium perfringens	Clostridium perfringens
962	enzyme	lecithinase	lecithinase
963	enzyme	MthT	MthT
964	enzyme	xylulokinase	xylulokinase
965	enzyme	ribose-5-phosphate isomerase	ribose-5-phosphate isomerase
966	enzyme	ribulose 5-phosphate 3-epimerase	ribulose 5-phosphate 3-epimerase
967	enzyme	l-arabinose-metabolizing pathway enzymes	l-arabinose-metabolizing pathway enzymes
968	substrate	arabinose	arabinose
969	enzyme	RNA pyrophosphohydrolase	RNA pyrophosphohydrolase
970	enzyme	exoribonuclease 2	exoribonuclease 2
971	enzyme	sensor histidine kinase EnvZ	sensor histidine kinase EnvZ
972	enzyme	exodeoxyribonuclease V gamma subunit	exodeoxyribonuclease V gamma subunit
973	enzyme	membrane-bound lytic murein transglycosylase D	membrane-bound lytic murein transglycosylase D
974	microbiome	Coniochaeta ligniaria NRRL 30616	Coniochaeta ligniaria NRRL 30616
975	substrate	galactose	galactose
976	enzyme	NADH-dependent glycerol-3-phosphate dehydrogenase 1	NADH-dependent glycerol-3-phosphate dehydrogenase 1
977	enzyme	NADPH-requiring glutamate dehydrogenase 1	NADPH-requiring glutamate dehydrogenase 1
978	enzyme	GroEL/ES	GroEL/ES
979	enzyme	DnaK/DnaJ/GrpE	DnaK/DnaJ/GrpE
980	enzyme	trigger factor	trigger factor
981	enzyme	Skp	Skp
982	enzyme	FkpA	FkpA
983	microbiome	lactic acid bacteria	lactic acid bacteria
984	substrate	brown sugar	brown sugar
985	enzyme	transhydrogenase	transhydrogenase
986	enzyme	TALEN	TALEN
987	enzyme	TALE-TF	TALE-TF
988	substrate	DNA	DNA
989	enzyme	rfPspA3	rfPspA3
990	enzyme	N-glycosylated FN3VEGFR2-Gly	N-glycosylated FN3VEGFR2-Gly
991	enzyme	β-galactosidase BGT I	β-galactosidase BGT I
992	enzyme	β-galactosidase BGT II	β-galactosidase BGT II
993	substrate	oNPG	oNPG
994	enzyme	GH7 glucanase	GH7 glucanase
995	enzyme	GH6 glucanase	GH6 glucanase
996	enzyme	L-aspartate-α-decarboxylase	L-aspartate-α-decarboxylase
997	enzyme	aspartase	aspartase
998	enzyme	phosphoenolpyruvate carboxykinase	phosphoenolpyruvate carboxykinase
999	enzyme	PEP-dependent dihydroxyacetone kinase	PEP-dependent dihydroxyacetone kinase
1000	substrate	L-aspartate	L-aspartate
1001	microbiome	Escherichia coli BL21(DE3)	Escherichia coli BL21(DE3)
1002	enzyme	CGTase	CGTase
1003	enzyme	phosphate acetyltransferase	phosphate acetyltransferase
1004	enzyme	phosphoenolpyruvate phosphotransferase enzyme I	phosphoenolpyruvate phosphotransferase enzyme I
1005	enzyme	phosphoenolpyruvate synthetase	phosphoenolpyruvate synthetase
1006	enzyme	3-deoxy-7-phosphoheptulonate synthase	3-deoxy-7-phosphoheptulonate synthase
1007	enzyme	chorismate mutase/prephenate dehydratase	chorismate mutase/prephenate dehydratase
1008	enzyme	chorismate mutase/prephenate dehydrogenase	chorismate mutase/prephenate dehydrogenase
1009	substrate	prephenate	prephenate
1010	microbiome	Aspergillus sojae	Aspergillus sojae
1011	enzyme	exo-polygalacturonase	exo-polygalacturonase
1012	enzyme	pyruvate dehydrogenase complex	pyruvate dehydrogenase complex
1013	enzyme	NADH dehydrogenase-2	NADH dehydrogenase-2
1014	substrate	pyruvic acid	pyruvic acid
1015	enzyme	atfA	atfA
1016	substrate	triacylglycerols	triacylglycerols
1017	enzyme	sucrose phosphorylase	sucrose phosphorylase
1018	enzyme	mannitol-1-phosphate dehydrogenase	mannitol-1-phosphate dehydrogenase
1019	enzyme	α-mannosidase/fructosidase	α-mannosidase/fructosidase
1020	enzyme	neopullulanase	neopullulanase
1021	enzyme	β-glycerophosphate oxidase	β-glycerophosphate oxidase
1022	enzyme	α-glucuronidase	α-glucuronidase
1023	enzyme	polysaccharide deacetylase	polysaccharide deacetylase
1024	enzyme	endoxylanase/endoglucanase	endoxylanase/endoglucanase
1025	enzyme	acetylesterase	acetylesterase
1026	enzyme	β-mannanase	β-mannanase
1027	enzyme	acetylxylan esterase	acetylxylan esterase
1028	enzyme	uronate isomerase	uronate isomerase
1029	enzyme	altronate oxidoreductase	altronate oxidoreductase
1030	enzyme	altronate hydrolase	altronate hydrolase
1031	enzyme	fructuronate reductase	fructuronate reductase
1032	enzyme	mannonate dehydrogenase	mannonate dehydrogenase
1033	enzyme	pyruvate oxidase	pyruvate oxidase
1034	enzyme	pyruvate formate-lyase activating enzyme	pyruvate formate-lyase activating enzyme
1035	enzyme	alcohol dehydrogenase 1	alcohol dehydrogenase 1
1036	enzyme	acetoin dehydrogenase	acetoin dehydrogenase
1037	enzyme	butanediol dehydrogenase	butanediol dehydrogenase
1038	substrate	mannitol	mannitol
1039	substrate	xylulose	xylulose
1040	substrate	D-galacturonate	D-galacturonate
1041	substrate	D-glucuronate	D-glucuronate
1042	substrate	2,3-butanediol	2,3-butanediol
1043	microbiome	Wickerhamomyces anomalus	Wickerhamomyces anomalus
1044	enzyme	L-lysine sulfate	L-lysine sulfate
1045	substrate	L-lysine	L-lysine
1046	microbiome	Corynebacterium glutamicum	Corynebacterium glutamicum
1047	substrate	ribose	ribose
1048	substrate	gluconate	gluconate
1049	enzyme	alcohol dehydrogenase II	alcohol dehydrogenase II
1050	microbiome	Thermoanaerobacterium sp. NTOU1	Thermoanaerobacterium sp. NTOU1
1051	enzyme	dammarenediol synthase	dammarenediol synthase
1052	substrate	dammarenediol	dammarenediol
1053	microbiome	Streptomyces albus	Streptomyces albus
1054	enzyme	reductase	reductase
1055	enzyme	PYC	PYC
1056	enzyme	aldehyde deformylating oxygenase	aldehyde deformylating oxygenase
1057	enzyme	fatty acid metabolism regulator	fatty acid metabolism regulator
1058	substrate	heptadecene	heptadecene
1059	enzyme	r-hGH	r-hGH
1060	substrate	inclusion bodies	inclusion bodies
1061	microbiome	Aspergillus flavus	Aspergillus flavus
1062	microbiome	Pseudomonas putida Rs-198	Pseudomonas putida Rs-198
1063	enzyme	indole acetic acid	indole acetic acid
1064	enzyme	phosphate-dissolving enzyme	phosphate-dissolving enzyme
1065	substrate	inorganic phosphate	inorganic phosphate
1066	substrate	indole-3-acetic acid	indole-3-acetic acid
1067	enzyme	galactokinase	galactokinase
1068	enzyme	FLO1	FLO1
1069	microbiome	Streptomyces hygroscopicus	Streptomyces hygroscopicus
1070	enzyme	GH10 xylanase XYNIII	GH10 xylanase XYNIII
1071	microbiome	Aspergillus aculeatus	Aspergillus aculeatus
1072	enzyme	β-glucosidase1 (AaBGL1)	β-glucosidase1 (AaBGL1)
1073	microbiome	Shigella flexneri	Shigella flexneri
1074	enzyme	polysaccharides	polysaccharides
1075	enzyme	γ-PGA	γ-PGA
1076	microbiome	Saccharomyces bayanus var. uvarum	Saccharomyces bayanus var. uvarum
1077	enzyme	biomass productivity	biomass productivity
1078	enzyme	filter paper enzyme	filter paper enzyme
1079	enzyme	Lcn972	Lcn972
1080	microbiome	Bacillus stearothermophilus	Bacillus stearothermophilus
1081	enzyme	S-layer protein	S-layer protein
1082	enzyme	L-arginine decarboxylase	L-arginine decarboxylase
1083	enzyme	agmatine ureohydrolase	agmatine ureohydrolase
1084	substrate	L-arginine	L-arginine
1085	substrate	agmatine	agmatine
1086	enzyme	xylosidase/arabinosidase	xylosidase/arabinosidase
1087	enzyme	fructose-bisphosphate aldolase	fructose-bisphosphate aldolase
1088	enzyme	β-glucanase	β-glucanase
1089	substrate	β-glucans	β-glucans
1090	microbiome	Bacillus clausii	Bacillus clausii
1091	enzyme	cyclodextrin glucanotransferase	cyclodextrin glucanotransferase
1092	enzyme	PsaA	PsaA
1093	enzyme	SIase	SIase
1094	microbiome	Alcaligenes faecalis	Alcaligenes faecalis
1095	enzyme	curdlan	curdlan
1096	enzyme	anthranilate synthase	anthranilate synthase
1097	enzyme	3-deoxy-D-arabino-heptulosonate-7-phosphate synthase	3-deoxy-D-arabino-heptulosonate-7-phosphate synthase
1098	enzyme	glucokinase	glucokinase
1099	enzyme	galactose permease	galactose permease
1100	substrate	chorismate	chorismate
1101	enzyme	ethanol fermentation	ethanol fermentation
1102	enzyme	phosphoenolpyruvate carboxylase	phosphoenolpyruvate carboxylase
1103	substrate	aspartic acid	aspartic acid
1104	substrate	fumaric acid	fumaric acid
1105	enzyme	βketoacyl-CoA thiolase	βketoacyl-CoA thiolase
1106	enzyme	acetoacetyl-CoA reductase	acetoacetyl-CoA reductase
1107	enzyme	PHB polymerase	PHB polymerase
1108	enzyme	3-deoxy-D-arabinoheptulosonate 7-phosphate synthase	3-deoxy-D-arabinoheptulosonate 7-phosphate synthase
1109	enzyme	4-coumarate:CoA ligase	4-coumarate:CoA ligase
1110	enzyme	chalcone synthase	chalcone synthase
1111	enzyme	chalcone isomerase	chalcone isomerase
1112	substrate	L-tyrosine	L-tyrosine
1113	substrate	malonyl-CoA	malonyl-CoA
1114	substrate	naringenin chalcone	naringenin chalcone
1115	enzyme	YddG	YddG
1116	enzyme	AroP	AroP
1117	substrate	L-tryptophan	L-tryptophan
1118	enzyme	HEX1	HEX1
1119	microbiome	Streptococcus thermophilus 1275	Streptococcus thermophilus 1275
1120	enzyme	βD-galactosidase	βD-galactosidase
1121	enzyme	glucosyltransferase	glucosyltransferase
1122	enzyme	NAD-ME	NAD-ME
1123	substrate	L-malate	L-malate
1124	enzyme	GlgC	GlgC
1125	microbiome	Chlorella vulgaris	Chlorella vulgaris
1126	enzyme	SYN.glgC	SYN.glgC
1127	enzyme	Met32p	Met32p
1128	microbiome	Phlebia floridensis	Phlebia floridensis
1129	enzyme	β–D glucosidases	β–D glucosidases
1130	enzyme	aqualysin I	aqualysin I
1131	substrate	maltose binding protein	maltose binding protein
1132	substrate	glutathione S-transferase	glutathione S-transferase
1133	substrate	thioredoxin	thioredoxin
1134	enzyme	HXT1	HXT1
1135	enzyme	HXT2	HXT2
1136	enzyme	HXT3	HXT3
1137	enzyme	HXT5	HXT5
1138	enzyme	HXT7	HXT7
1139	enzyme	AGT1	AGT1
1140	enzyme	HXT4	HXT4
1141	enzyme	phosphoribosylpyrophosphate synthetase	phosphoribosylpyrophosphate synthetase
1142	microbiome	Streptomyces sp. M-306	Streptomyces sp. M-306
1143	enzyme	antimycin A	antimycin A
1144	microbiome	Streptomyces sp. M-506	Streptomyces sp. M-506
1145	substrate	soybean oil	soybean oil
1146	microbiome	Meyerozyma guilliermondii	Meyerozyma guilliermondii
1147	enzyme	lysozyme	lysozyme
1148	substrate	serum globulin	serum globulin
1149	enzyme	lipoic acid synthase	lipoic acid synthase
1150	enzyme	succinate dehydrogenase subunit A	succinate dehydrogenase subunit A
1151	enzyme	histone-like nucleoid structuring protein	histone-like nucleoid structuring protein
1152	enzyme	regulator of rpoS	regulator of rpoS
1153	enzyme	DNA-binding ATP-dependent protease	DNA-binding ATP-dependent protease
1154	enzyme	carbon storage regulator	carbon storage regulator
1155	enzyme	hypoxia-inducible transcription factor	hypoxia-inducible transcription factor
1156	enzyme	methyltransferase	methyltransferase
1157	enzyme	sigma-38	sigma-38
1158	enzyme	glycogen synthase	glycogen synthase
1159	enzyme	positive activator	positive activator
1160	microbiome	Paraphoma-like fungal strain B47-9	Paraphoma-like fungal strain B47-9
1161	enzyme	PCLE	PCLE
1162	substrate	poly(butylene succinate-co-adipate)	poly(butylene succinate-co-adipate)
1163	enzyme	MIOX4-Udh	MIOX4-Udh
1164	substrate	glucaric acid	glucaric acid
1165	microbiome	Streptococcus zooepidemicus	Streptococcus zooepidemicus
1166	enzyme	hyaluronidase	hyaluronidase
1167	substrate	hyaluronic acid	hyaluronic acid
1168	microbiome	Colletotrichum lindemuthianum	Colletotrichum lindemuthianum
1169	enzyme	cutinase	cutinase
1170	substrate	yeast extract	yeast extract
1171	substrate	potassium phosphate	potassium phosphate
1172	substrate	magnesium sulfate	magnesium sulfate
1173	enzyme	Atf2p	Atf2p
1174	enzyme	Eht1p	Eht1p
1175	enzyme	Atf1p	Atf1p
1176	substrate	ethyl isobutanoate	ethyl isobutanoate
1177	substrate	ethyl butanoate	ethyl butanoate
1178	substrate	ethyl octanoate	ethyl octanoate
1179	enzyme	catalase T	catalase T
1180	enzyme	inositol-3-phosphate synthase	inositol-3-phosphate synthase
1181	substrate	inositol phosphates	inositol phosphates
1182	enzyme	bacterial luciferase	bacterial luciferase
1183	substrate	NADPH	NADPH
1184	substrate	ATP	ATP
1185	substrate	FMNH2	FMNH2
1186	enzyme	aromatic aldehyde synthase	aromatic aldehyde synthase
1187	microbiome	Saccharomyces yeasts	Saccharomyces yeasts
1188	enzyme	pyruvate formate-lyase	pyruvate formate-lyase
1189	microbiome	Kluyveromyces marxianus DMKU 3-1042	Kluyveromyces marxianus DMKU 3-1042
1190	microbiome	Saccharomyces cerevisiae M30	Saccharomyces cerevisiae M30
1191	substrate	sugarcane juice	sugarcane juice
1192	substrate	blackstrap molasses	blackstrap molasses
1193	enzyme	lytic polysaccharide monooxygenase	lytic polysaccharide monooxygenase
1194	enzyme	SepI	SepI
1195	substrate	SEP-328	SEP-328
1196	enzyme	biosurfactant	biosurfactant
1197	substrate	waste soybean oil	waste soybean oil
1198	substrate	corn steep liquor	corn steep liquor
1199	enzyme	ALDH	ALDH
1200	enzyme	PuuC	PuuC
1201	substrate	3-HPA	3-HPA
1202	enzyme	AtxA	AtxA
1203	microbiome	Serratia marcescens	Serratia marcescens
1204	enzyme	SM SDR	SM SDR
1205	substrate	1-(3-hydroxyphenyl)-2-(methylamino) ethanone	1-(3-hydroxyphenyl)-2-(methylamino) ethanone
1206	enzyme	Beta-Glucosidase	Beta-Glucosidase
1207	substrate	linalool	linalool
1208	substrate	alpha-terpineol	alpha-terpineol
1209	substrate	β-ionone	β-ionone
1210	substrate	α-ionone	α-ionone
1211	substrate	geranyl acetone	geranyl acetone
1212	substrate	isophorone	isophorone
1213	substrate	dihydroactinidiolide	dihydroactinidiolide
1214	substrate	acetophenone	acetophenone
1215	substrate	3,5-octadiene-2-one	3,5-octadiene-2-one
1216	substrate	decanal	decanal
1217	substrate	safranal	safranal
1218	substrate	β-cyclocitral	β-cyclocitral
1219	substrate	6-methylhept-5-en-2-one	6-methylhept-5-en-2-one
1220	substrate	2-heptanone	2-heptanone
1221	substrate	naphthalene	naphthalene
1222	substrate	EGCG	EGCG
1223	substrate	GCG	GCG
1224	substrate	ECG	ECG
1225	substrate	CG	CG
1226	substrate	GC	GC
1227	substrate	C	C
1228	substrate	EGC	EGC
1229	substrate	GA	GA
1230	microbiome	Hypocrea jecorina	Hypocrea jecorina
1231	enzyme	␣-L-arabinofuranosidase ABF1	␣-L-arabinofuranosidase ABF1
1232	enzyme	␣-L-arabinofuranosidase ABF2	␣-L-arabinofuranosidase ABF2
1233	enzyme	␣-L-arabinofuranosidase ABF3	␣-L-arabinofuranosidase ABF3
1234	enzyme	␤-xylosidase BXL1	␤-xylosidase BXL1
1235	enzyme	aldo-keto reductase Ypr1p	aldo-keto reductase Ypr1p
1236	substrate	2-methylbutyraldehyde	2-methylbutyraldehyde
1237	substrate	hexanal	hexanal
1238	substrate	D,L-glyceraldehyde	D,L-glyceraldehyde
1239	substrate	4-nitrobenzaldehyde	4-nitrobenzaldehyde
1240	enzyme	NADH oxidase	NADH oxidase
1241	substrate	ethyl 4-chloro-3-oxobutanoate	ethyl 4-chloro-3-oxobutanoate
1242	enzyme	keratinase	keratinase
1243	substrate	keratin	keratin
1244	microbiome	Fusarium fujikuroi	Fusarium fujikuroi
1245	enzyme	CPS/KS	CPS/KS
1246	enzyme	glycerol 3-phosphate dehydrogenase (NAD+)	glycerol 3-phosphate dehydrogenase (NAD+)
1247	microbiome	Acetobacter aceti	Acetobacter aceti
1248	microbiome	Bacillus circulans	Bacillus circulans
1249	enzyme	AAC(6')-I	AAC(6')-I
1250	enzyme	AAC(6')-IV	AAC(6')-IV
1251	enzyme	APH(3')-II	APH(3')-II
1252	microbiome	Lactobacillus helveticus	Lactobacillus helveticus
1253	enzyme	IgA	IgA
1254	enzyme	aldose reductase	aldose reductase
1255	enzyme	phosphoglycerate kinase	phosphoglycerate kinase
1256	enzyme	enolase	enolase
1257	substrate	fructose 6-phosphate	fructose 6-phosphate
1258	substrate	1,3-diphosphoglycerate	1,3-diphosphoglycerate
1259	substrate	2-phosphoglycerate	2-phosphoglycerate
1260	substrate	benzaldehyde	benzaldehyde
1261	enzyme	endo-1,4-β-glucanase	endo-1,4-β-glucanase
1262	enzyme	trehalose	trehalose
1263	substrate	alfalfa NDF	alfalfa NDF
1264	substrate	barley grain starch	barley grain starch
1265	enzyme	fRMsr	fRMsr
1266	enzyme	MsrA	MsrA
1267	substrate	methionine-R-sulfoxide	methionine-R-sulfoxide
1268	microbiome	Rhodotorula glutinis	Rhodotorula glutinis
1269	enzyme	phenylalanine ammonia-lyase	phenylalanine ammonia-lyase
1270	enzyme	tyrosine ammonia-lyase	tyrosine ammonia-lyase
1271	substrate	L-phenylalanine	L-phenylalanine
1272	microbiome	Succinivibrio dextrinosolvens	Succinivibrio dextrinosolvens
1273	enzyme	lactate	lactate
1274	enzyme	succinate	succinate
1275	enzyme	Hxt1p	Hxt1p
1276	enzyme	Hxt3p	Hxt3p
1277	enzyme	phenylethyl alcohol	phenylethyl alcohol
1278	enzyme	3-methyl-1-butyl acetate	3-methyl-1-butyl acetate
1279	microbiome	Hansenula sp.	Hansenula sp.
1280	enzyme	ethyl acetate	ethyl acetate
1281	enzyme	2-methyl-1-propanol	2-methyl-1-propanol
1282	enzyme	3-methyl-1-butanol	3-methyl-1-butanol
1283	enzyme	2-methyl-1-butanol	2-methyl-1-butanol
1284	enzyme	mannoprotein	mannoprotein
1285	enzyme	patchoulol synthase	patchoulol synthase
1286	enzyme	FPP synthase	FPP synthase
1287	substrate	farnesyl diphosphate	farnesyl diphosphate
1288	substrate	ethyl propanoate	ethyl propanoate
1289	substrate	ethyl isobutyrate	ethyl isobutyrate
1290	substrate	isobutyl acetate	isobutyl acetate
1291	substrate	ethyl butyrate	ethyl butyrate
1292	substrate	ethyl isovalerate	ethyl isovalerate
1293	substrate	ethyl hexanoate	ethyl hexanoate
1294	enzyme	BSH	BSH
1295	microbiome	Enterococcus hirae	Enterococcus hirae
1296	microbiome	Enterococcus faecium	Enterococcus faecium
1297	substrate	bile salts	bile salts
1298	enzyme	BGLI	BGLI
1299	microbiome	Trichoderma virens	Trichoderma virens
1300	enzyme	malic acid	malic acid
1301	enzyme	pyruvic acid	pyruvic acid
1302	enzyme	succinic acid	succinic acid
1303	enzyme	citric acid	citric acid
1304	enzyme	acetic acid	acetic acid
1305	substrate	malic acid	malic acid
1306	substrate	citric acid	citric acid
1307	enzyme	Hyd-1	Hyd-1
1308	enzyme	Hyd-2	Hyd-2
1309	enzyme	Hyd-4	Hyd-4
1310	enzyme	oxidative-stress regulator	oxidative-stress regulator
1311	microbiome	Bifidobacterium adolescentis	Bifidobacterium adolescentis
1312	microbiome	Zymomonas mobilis	Zymomonas mobilis
1313	microbiome	Bacillus	Bacillus
1314	microbiome	Klebsiella oxytoca	Klebsiella oxytoca
1315	enzyme	tvNK1	tvNK1
1316	enzyme	porcine growth hormone	porcine growth hormone
1317	microbiome	Spirochaeta thermophila	Spirochaeta thermophila
1318	microbiome	Hanseniaspora vineae	Hanseniaspora vineae
1319	enzyme	2-phenylethyl acetate	2-phenylethyl acetate
1320	microbiome	Btk	Btk
1321	substrate	proteins	proteins
1322	enzyme	cinnamate 4-hydroxylase	cinnamate 4-hydroxylase
1323	substrate	cinnamic acid	cinnamic acid
1324	enzyme	aminopeptidase I	aminopeptidase I
1325	enzyme	α-mannosidase	α-mannosidase
1326	substrate	organelles	organelles
1327	substrate	cell compounds	cell compounds
1328	microbiome	Pyrococcus furiosus	Pyrococcus furiosus
1329	enzyme	a-glucosidase	a-glucosidase
1330	enzyme	azocaseinase	azocaseinase
1331	substrate	peptides	peptides
1332	microbiome	Pseudoalteromonas sp. SP48	Pseudoalteromonas sp. SP48
1333	enzyme	algicidal substances	algicidal substances
1334	enzyme	alkaline phosphatase	alkaline phosphatase
1335	enzyme	apyrase	apyrase
1336	enzyme	fructose-1,6-bisphosphatase	fructose-1,6-bisphosphatase
1337	substrate	D-fructose-1,6-bisphosphate	D-fructose-1,6-bisphosphate
1338	enzyme	Xylitol dehydrogenase	Xylitol dehydrogenase
1339	enzyme	d-xylose isomerase	d-xylose isomerase
1340	enzyme	Xylulokinase	Xylulokinase
1341	substrate	l-arabinose	l-arabinose
1342	microbiome	Streptomyces longisporoflavus	Streptomyces longisporoflavus
1343	enzyme	a-amylase	a-amylase
1344	enzyme	AFT1	AFT1
1345	enzyme	HAA1	HAA1
1346	microbiome	Saccharophagus degradans	Saccharophagus degradans
1347	enzyme	cellobiose phosphorylase	cellobiose phosphorylase
1348	microbiome	Clostridium lentocellum	Clostridium lentocellum
1349	enzyme	cellodextrin phosphorylase	cellodextrin phosphorylase
1350	substrate	cellotriose	cellotriose
1351	microbiome	Mucor griseocyanus	Mucor griseocyanus
1352	enzyme	penicillin G acylase	penicillin G acylase
1353	microbiome	Burkholderia cepacia	Burkholderia cepacia
1354	substrate	penicillin G	penicillin G
1355	microbiome	Saccharomyces boulardii	Saccharomyces boulardii
1356	enzyme	cyclohexanone monooxygenase	cyclohexanone monooxygenase
1357	enzyme	glutamate synthase	glutamate synthase
1358	enzyme	keto-acid reductoisomerase	keto-acid reductoisomerase
1359	substrate	valine	valine
1360	substrate	isoleucine	isoleucine
1361	microbiome	Lactobacillus spp.	Lactobacillus spp.
1362	substrate	PSP	PSP
1363	enzyme	UDP-glucose-4-epimerase	UDP-glucose-4-epimerase
1364	microbiome	Trichoderma viride	Trichoderma viride
1365	microbiome	Lactobacillus bulgaricus	Lactobacillus bulgaricus
1366	enzyme	acidification activity	acidification activity
1367	enzyme	b-glucosidase I	b-glucosidase I
1368	microbiome	Exiguobacterium indicum	Exiguobacterium indicum
1369	substrate	azocasein	azocasein
1370	microbiome	Brochothrix thermosphacta	Brochothrix thermosphacta
1371	enzyme	pyruvate formate lyase	pyruvate formate lyase
1372	microbiome	Aspergillus niger NCIM 563	Aspergillus niger NCIM 563
1373	enzyme	Phy I	Phy I
1374	enzyme	Phy II	Phy II
1375	substrate	sodium phytate	sodium phytate
1376	enzyme	ligninase	ligninase
1377	substrate	corn cob	corn cob
1378	enzyme	Top1p	Top1p
1379	substrate	telomeric DNA repeats	telomeric DNA repeats
1380	microbiome	Anaerosphaera aminiphila	Anaerosphaera aminiphila
1381	enzyme	oxidase	oxidase
1382	enzyme	nitrate-reducing enzyme	nitrate-reducing enzyme
1383	microbiome	Thalassospira frigidphilosprofundus	Thalassospira frigidphilosprofundus
1384	enzyme	b-galactosidase	b-galactosidase
1385	enzyme	pyrimidine nucleoside phosphorylase	pyrimidine nucleoside phosphorylase
1386	substrate	uridine	uridine
1387	substrate	5-fluorouracil	5-fluorouracil
1388	enzyme	sesquiterpene cyclase	sesquiterpene cyclase
1389	substrate	trans-farnesyl diphosphate	trans-farnesyl diphosphate
1390	microbiome	Clostridium tetani	Clostridium tetani
1391	enzyme	histidine decarboxylase	histidine decarboxylase
1392	enzyme	glutamate dehydrogenase	glutamate dehydrogenase
1393	enzyme	glutamate formimidoyltransferase	glutamate formimidoyltransferase
1394	enzyme	l-serine dehydratase	l-serine dehydratase
1395	enzyme	threonine aldolase	threonine aldolase
1396	enzyme	formate acetyltransferase 2	formate acetyltransferase 2
1397	enzyme	tyrosine phenol-lyase	tyrosine phenol-lyase
1398	substrate	histidine	histidine
1399	microbiome	Agrobacterium tumefaciens	Agrobacterium tumefaciens
1400	enzyme	lycopene cyclase	lycopene cyclase
1401	enzyme	phytoene desaturase	phytoene desaturase
1402	substrate	lycopene	lycopene
1403	enzyme	azoreductase	azoreductase
1404	enzyme	quinone reductase	quinone reductase
1405	substrate	methyl red	methyl red
1406	enzyme	GDHt	GDHt
1407	enzyme	adenosyl transferase	adenosyl transferase
1408	substrate	vitamin B12	vitamin B12
1409	microbiome	Rhodococcus sp.	Rhodococcus sp.
1410	enzyme	sulfide monooxygenase	sulfide monooxygenase
1411	enzyme	humic acids	humic acids
1412	microbiome	Ganoderma applanatum	Ganoderma applanatum
1413	substrate	hydroxyl radicals	hydroxyl radicals
1414	substrate	superoxide anion radicals	superoxide anion radicals
1415	enzyme	rhIFN-β	rhIFN-β
1416	substrate	ρ-nitrophenyl-β-D-glucopyranoside	ρ-nitrophenyl-β-D-glucopyranoside
1417	enzyme	glutathione reductase	glutathione reductase
1418	substrate	glutathione disulfide	glutathione disulfide
1419	substrate	punicalagin	punicalagin
1420	substrate	granatin B	granatin B
1421	enzyme	3-hydroxy-3-methyl glutaryl co-enzyme A reductase	3-hydroxy-3-methyl glutaryl co-enzyme A reductase
1422	substrate	PIBP	PIBP
1423	substrate	PIVP	PIVP
1424	enzyme	fumarate reductase	fumarate reductase
1425	enzyme	alcohol acetyl transferase	alcohol acetyl transferase
1426	enzyme	pantothenate kinase	pantothenate kinase
1427	enzyme	b-glucuronidase	b-glucuronidase
1428	substrate	capsular polysaccharides	capsular polysaccharides
1429	microbiome	Aerobacter aerogenes	Aerobacter aerogenes
1430	enzyme	oxalacetate decarboxylase	oxalacetate decarboxylase
1431	enzyme	citritase	citritase
1432	substrate	oxalacetate	oxalacetate
1433	microbiome	Candida guilliermondii	Candida guilliermondii
1434	enzyme	cellulolytic enzymes	cellulolytic enzymes
1435	enzyme	cellobiohydrolase Cel7A	cellobiohydrolase Cel7A
1436	enzyme	cellobiohydrolase Cel6A	cellobiohydrolase Cel6A
1437	enzyme	endoglucanase Cel5A	endoglucanase Cel5A
1438	enzyme	endoglucanase Cel12A	endoglucanase Cel12A
1439	enzyme	endoglucanase Cel61A	endoglucanase Cel61A
1440	enzyme	β-glucosidase BGL1	β-glucosidase BGL1
1441	enzyme	xylanase XYNI	xylanase XYNI
1442	enzyme	xylanase XYNIV	xylanase XYNIV
1443	enzyme	malolactic enzyme	malolactic enzyme
1444	microbiome	Salmonella typhimurium	Salmonella typhimurium
1445	enzyme	UDP-galactose-epimerase	UDP-galactose-epimerase
1446	enzyme	kinase	kinase
1447	enzyme	uridyl transferase	uridyl transferase
1448	substrate	UDP-galactose	UDP-galactose
1449	microbiome	Sporotrichum thermophile	Sporotrichum thermophile
1450	enzyme	endo-b-1,4-glucanase	endo-b-1,4-glucanase
1451	enzyme	exo-b-1,4-glucanase	exo-b-1,4-glucanase
1452	substrate	waste tea cup paper	waste tea cup paper
1453	substrate	rice straw	rice straw
1454	microbiome	Streptomyces rochei	Streptomyces rochei
1455	enzyme	3,4-dihydroxyphenylacetate 2,3-dioxygenase	3,4-dihydroxyphenylacetate 2,3-dioxygenase
1456	substrate	3,4-dihydroxyphenylacetate	3,4-dihydroxyphenylacetate
1457	microbiome	Buttiauxella spp.	Buttiauxella spp.
1458	enzyme	6-phytase	6-phytase
1459	enzyme	phosphoenolpyruvate synthase	phosphoenolpyruvate synthase
1460	microbiome	Pichia stipitis	Pichia stipitis
1461	enzyme	formate dehydrogenase-H	formate dehydrogenase-H
1462	enzyme	hydrogenase-3	hydrogenase-3
1463	enzyme	lipopeptides	lipopeptides
1464	enzyme	c-PGA	c-PGA
1465	substrate	soybean	soybean
1466	substrate	sweet potato residues	sweet potato residues
1467	microbiome	Escherichia coli BL21-(DE3)ΔlacZ	Escherichia coli BL21-(DE3)ΔlacZ
1468	enzyme	α2,3-sialyltransferase	α2,3-sialyltransferase
1469	enzyme	UDP-GlcNAc 2epimerase	UDP-GlcNAc 2epimerase
1470	enzyme	Neu5Ac synthase	Neu5Ac synthase
1471	enzyme	CMP-Neu5Ac synthetase	CMP-Neu5Ac synthetase
1472	substrate	UDP-GlcNAc	UDP-GlcNAc
1473	substrate	ManNAc	ManNAc
1474	enzyme	phosphotriesterase	phosphotriesterase
1475	enzyme	organophosphate hydrolase	organophosphate hydrolase
1476	substrate	pirimiphos methyl	pirimiphos methyl
1477	substrate	chlorpyrifos methyl	chlorpyrifos methyl
1478	enzyme	glycosyltransferase	glycosyltransferase
1479	substrate	ginsenoside Rh1	ginsenoside Rh1
1480	substrate	ginsenoside Re	ginsenoside Re
1481	enzyme	lysosomes	lysosomes
1482	enzyme	α-acetolactate synthase	α-acetolactate synthase
1483	enzyme	α-acetolactate decarboxylase	α-acetolactate decarboxylase
1484	substrate	α-acetolactate	α-acetolactate
1485	enzyme	glucan endo-1,6E-glucosidase	glucan endo-1,6E-glucosidase
1486	enzyme	rhamnogalacturonase RGX1	rhamnogalacturonase RGX1
1487	enzyme	glycerol dehydrogenase GLD2	glycerol dehydrogenase GLD2
1488	substrate	D-glucans	D-glucans
1489	substrate	D-glucosides	D-glucosides
1490	enzyme	Trx1p	Trx1p
1491	enzyme	Trx2p	Trx2p
1492	enzyme	hexokinase 1	hexokinase 1
1493	enzyme	hexokinase 2	hexokinase 2
1494	enzyme	glucokinase 1	glucokinase 1
1495	enzyme	aldolase Fba1p	aldolase Fba1p
1496	enzyme	pyruvate kinase Cdc19p	pyruvate kinase Cdc19p
1497	enzyme	pyruvate decarboxylase Pdc6p	pyruvate decarboxylase Pdc6p
1498	enzyme	pyruvate decarboxylase Pdc1p	pyruvate decarboxylase Pdc1p
1499	microbiome	Trichosporon cutaneum	Trichosporon cutaneum
1500	enzyme	PAL/TAL	PAL/TAL
1501	enzyme	TcPAL/TAL	TcPAL/TAL
1502	microbiome	Bacillus licheniformis	Bacillus licheniformis
1503	enzyme	serine alkaline protease	serine alkaline protease
1504	enzyme	macrolactin A	macrolactin A
1505	microbiome	Streptococcus mutans	Streptococcus mutans
1506	enzyme	ThMan5A△CBM	ThMan5A△CBM
1507	substrate	LBG	LBG
1508	substrate	konjac powder	konjac powder
1509	enzyme	D-amino acid oxidase	D-amino acid oxidase
1510	substrate	D-alanine	D-alanine
1511	microbiome	Bifidobacterium longum biovar infantis	Bifidobacterium longum biovar infantis
1512	enzyme	neuraminidase	neuraminidase
1513	microbiome	Bifidobacterium bifidum	Bifidobacterium bifidum
1514	substrate	sialic acid	sialic acid
1515	microbiome	Escherichia coli Nissle 1917	Escherichia coli Nissle 1917
1516	enzyme	microcin M	microcin M
1517	enzyme	microcin H47	microcin H47
1518	substrate	Shiga toxin	Shiga toxin
1519	enzyme	PEPC	PEPC
1520	enzyme	AcTrxR1	AcTrxR1
1521	enzyme	GalP	GalP
1522	enzyme	linalool synthase	linalool synthase
1523	enzyme	t67OMcLIS M F447E	t67OMcLIS M F447E
1524	substrate	geranyl pyrophosphate	geranyl pyrophosphate
1525	enzyme	pyruvate decarboxylase1	pyruvate decarboxylase1
1526	enzyme	alcohol dehydrogenase 1/2	alcohol dehydrogenase 1/2
1527	enzyme	ILV2	ILV2
1528	enzyme	ILV3	ILV3
1529	enzyme	ILV5	ILV5
1530	enzyme	BAT2	BAT2
1531	enzyme	ILV6	ILV6
1532	substrate	2-ketoisovalerate	2-ketoisovalerate
1533	microbiome	Aspergillus fumigatus CY018	Aspergillus fumigatus CY018
1534	enzyme	fumigaclavine C	fumigaclavine C
1535	enzyme	helvolic acid	helvolic acid
1536	enzyme	bacteriocin-like inhibitory substance	bacteriocin-like inhibitory substance
1537	enzyme	hexaene H-85	hexaene H-85
1538	enzyme	azalomycine	azalomycine
1539	enzyme	neutral protease	neutral protease
1540	substrate	selenite	selenite
1541	substrate	selenous acid	selenous acid
1542	microbiome	Saccharothrix yanglingensis	Saccharothrix yanglingensis
1543	enzyme	antimicrobial metabolites	antimicrobial metabolites
1544	substrate	N-acetyl-DL-alanine methyl ester	N-acetyl-DL-alanine methyl ester
1545	microbiome	Candida lipolytica	Candida lipolytica
1546	enzyme	liposan	liposan
1547	enzyme	Yansan	Yansan
1548	substrate	hexadecane	hexadecane
1549	enzyme	YNL134C	YNL134C
1550	microbiome	Xenorhabdus nematophila	Xenorhabdus nematophila
1551	enzyme	Xenocoumacin 1	Xenocoumacin 1
1552	enzyme	xPK	xPK
1553	enzyme	PTA	PTA
1554	enzyme	ERG10	ERG10
1555	enzyme	ERG12	ERG12
1556	enzyme	ERG13	ERG13
1557	enzyme	XYL1	XYL1
1558	enzyme	XYL2	XYL2
1559	enzyme	POS5	POS5
1560	enzyme	pncB	pncB
1561	enzyme	nadD	nadD
1562	enzyme	nadE	nadE
1563	microbiome	Trichoderma reesei CBS 143953	Trichoderma reesei CBS 143953
1564	enzyme	endo-1,4-b-xylanase	endo-1,4-b-xylanase
1565	microbiome	Trichoderma reesei CBS 143945	Trichoderma reesei CBS 143945
1566	enzyme	endo-1,3(4)-b-glucanase	endo-1,3(4)-b-glucanase
1567	enzyme	Pma1p	Pma1p
1568	enzyme	surfactin	surfactin
1569	substrate	Escherichia coli	Escherichia coli
1570	substrate	Staphylococcus aureus	Staphylococcus aureus
1571	substrate	Salmonella typhimurium	Salmonella typhimurium
1572	substrate	Clostridium perfringens	Clostridium perfringens
1573	enzyme	dihydroflavonol 4-reductase	dihydroflavonol 4-reductase
1574	enzyme	leucoanthocyanidin reductase	leucoanthocyanidin reductase
1575	substrate	dihydroquercetin	dihydroquercetin
1576	substrate	leucocyanidin	leucocyanidin
1577	enzyme	thymidine phosphorylase	thymidine phosphorylase
1578	enzyme	thymidine kinase	thymidine kinase
1579	enzyme	uridine phosphorylase	uridine phosphorylase
1580	enzyme	T4 thymidylate synthase	T4 thymidylate synthase
1581	enzyme	T4 nucleotide diphosphate reductase	T4 nucleotide diphosphate reductase
1582	enzyme	bacteriophage PBS2 TMP phosphohydrolase	bacteriophage PBS2 TMP phosphohydrolase
1583	enzyme	dCTP deaminase	dCTP deaminase
1584	enzyme	uridine kinase	uridine kinase
1585	enzyme	uracil-DNA Nglycosylase	uracil-DNA Nglycosylase
1586	enzyme	ThyA	ThyA
1587	enzyme	NrdAB	NrdAB
1588	enzyme	NrdC	NrdC
1589	enzyme	TMPase	TMPase
1590	enzyme	Dut	Dut
1591	substrate	thymidine	thymidine
1592	substrate	dUMP	dUMP
1593	substrate	dTTP	dTTP
1594	substrate	dUTP	dUTP
1595	enzyme	Hxt3	Hxt3
1596	enzyme	gamma-glutamate kinase	gamma-glutamate kinase
1597	enzyme	acetylglutamate kinase	acetylglutamate kinase
1598	microbiome	Cyberlindnera rhodanensis	Cyberlindnera rhodanensis
1599	substrate	glycosides	glycosides
1600	enzyme	D-lactate dehydrogenase	D-lactate dehydrogenase
1601	enzyme	inositol 1-phosphate synthase	inositol 1-phosphate synthase
1602	enzyme	2-deoxyglucose-6-phosphate phosphatase	2-deoxyglucose-6-phosphate phosphatase
1603	substrate	glucose-6-phosphate	glucose-6-phosphate
1604	substrate	2-deoxyglucose-6-phosphate	2-deoxyglucose-6-phosphate
1605	enzyme	sialic acid lyase	sialic acid lyase
1606	enzyme	sialyltransferase	sialyltransferase
1607	substrate	sorbitol	sorbitol
1608	microbiome	Bacillus thuringiensis	Bacillus thuringiensis
1609	enzyme	N-glycanases	N-glycanases
1610	enzyme	O-glycanases	O-glycanases
1611	enzyme	L-lactate dehydrogenase	L-lactate dehydrogenase
1612	substrate	lactate	lactate
1613	enzyme	CYP81A6	CYP81A6
1614	substrate	bensulfuron-methyl	bensulfuron-methyl
1615	enzyme	ethanologenic enzyme	ethanologenic enzyme
1616	enzyme	β3Gn-T6	β3Gn-T6
1617	substrate	GalNAcα-pNP	GalNAcα-pNP
1618	microbiome	Hanseniaspora uvarum	Hanseniaspora uvarum
1619	substrate	ethyl decanoate	ethyl decanoate
1620	enzyme	FADH 2-dependent fumarate reductase	FADH 2-dependent fumarate reductase
1621	enzyme	Ero1p	Ero1p
1622	microbiome	Claviceps paspali	Claviceps paspali
1623	enzyme	alkaloid	alkaloid
1624	enzyme	β-1,3 glucanase	β-1,3 glucanase
1625	enzyme	MK-7	MK-7
1626	microbiome	Actinobacillus actinomycetemcomitans	Actinobacillus actinomycetemcomitans
1627	enzyme	leukotoxin	leukotoxin
1628	enzyme	glycerol-3-phosphorylase	glycerol-3-phosphorylase
1629	enzyme	glycerol-3-phosphate phosphatase	glycerol-3-phosphate phosphatase
1630	enzyme	trehalose 6-phosphate synthase	trehalose 6-phosphate synthase
1631	enzyme	glycogen synthase 2	glycogen synthase 2
1632	enzyme	1,4-α-glucan branching enzyme	1,4-α-glucan branching enzyme
1633	enzyme	phosphoglucomutase	phosphoglucomutase
1634	enzyme	hexokinase	hexokinase
1635	substrate	glycogen	glycogen
1636	microbiome	Lactobacillus casei	Lactobacillus casei
1637	enzyme	3-hexulose-6-phosphate synthase	3-hexulose-6-phosphate synthase
1638	enzyme	maltose-6′-phosphate glucosidase	maltose-6′-phosphate glucosidase
1639	enzyme	6-phospho-beta-galactosidase	6-phospho-beta-galactosidase
1640	enzyme	Pgm	Pgm
1641	enzyme	RffH	RffH
1642	enzyme	RfbB	RfbB
1643	enzyme	RfbC	RfbC
1644	enzyme	RfbD	RfbD
1645	enzyme	GtaB	GtaB
1646	enzyme	GalE	GalE
1647	enzyme	GalT	GalT
1648	enzyme	ManA	ManA
1649	enzyme	Pmm	Pmm
1650	microbiome	Cryptococcus sp. S-2	Cryptococcus sp. S-2
1651	microbiome	Haloferax mediterranei	Haloferax mediterranei
1652	enzyme	poly(3-hydroxybutyrate)	poly(3-hydroxybutyrate)
1653	enzyme	poly(3-hydroxybutyrate-co-3-hydroxyvalerate)	poly(3-hydroxybutyrate-co-3-hydroxyvalerate)
1654	enzyme	endoglucanase II	endoglucanase II
1655	enzyme	EGII	EGII
1656	substrate	cellulosic materials	cellulosic materials
1657	microbiome	Pseudoalteromonas sp. 643A	Pseudoalteromonas sp. 643A
1658	enzyme	EstA esterase	EstA esterase
1659	enzyme	isoprene synthase	isoprene synthase
1660	enzyme	ISPS	ISPS
1661	enzyme	ISPSM4	ISPSM4
1662	enzyme	lipid A 1-phosphatase	lipid A 1-phosphatase
1663	enzyme	lauroyl transferase	lauroyl transferase
1664	enzyme	myristoyl transferase	myristoyl transferase
1665	substrate	lipid A	lipid A
1666	microbiome	Weissella confusa	Weissella confusa
1667	microbiome	Pseudomonas putida KT2440	Pseudomonas putida KT2440
1668	substrate	nonanoic acid	nonanoic acid
1669	enzyme	IbpA	IbpA
1670	enzyme	Ivy	Ivy
1671	enzyme	GroEL	GroEL
1672	enzyme	GlmU	GlmU
1673	enzyme	PspA	PspA
1674	substrate	glucosamine-1-phosphate	glucosamine-1-phosphate
1675	substrate	cutin	cutin
1676	substrate	d-xylose	d-xylose
1677	microbiome	Trichoderma reesei QM9414	Trichoderma reesei QM9414
1678	enzyme	𝛽-glucosidase	𝛽-glucosidase
1679	substrate	geniposide	geniposide
1680	substrate	pNPG	pNPG
1681	enzyme	phosphoglucose isomerase	phosphoglucose isomerase
1682	enzyme	phosphofructokinase-1	phosphofructokinase-1
1683	enzyme	phosphofructokinase-2	phosphofructokinase-2
1684	enzyme	triosephosphate isomerase	triosephosphate isomerase
1685	enzyme	GAP dehydrogenase	GAP dehydrogenase
1686	substrate	fructose-1,6-bisphosphate	fructose-1,6-bisphosphate
1687	substrate	fructose-2,6-bisphosphate	fructose-2,6-bisphosphate
1688	substrate	glyceraldehyde-3-phosphate	glyceraldehyde-3-phosphate
1689	enzyme	phospho-Kss1	phospho-Kss1
1690	enzyme	phospho-Fus3	phospho-Fus3
1691	substrate	Ras2	Ras2
1692	enzyme	endocellulase	endocellulase
1693	substrate	p-nitrophenol-D-cellbioside	p-nitrophenol-D-cellbioside
1694	enzyme	KyLO laccase	KyLO laccase
1695	substrate	catechol	catechol
1696	substrate	2,5-DABSA	2,5-DABSA
1697	microbiome	Fusarium graminearum	Fusarium graminearum
1698	enzyme	galactose oxidase	galactose oxidase
1699	enzyme	FPase	FPase
1700	enzyme	pectinase	pectinase
1701	microbiome	Aeromonas hydrophila	Aeromonas hydrophila
1702	enzyme	NIU-LacA	NIU-LacA
1703	substrate	ABTS	ABTS
1704	substrate	2,6-DMP	2,6-DMP
1705	enzyme	glyceraldehyde-3-phosphate dehydrogenase	glyceraldehyde-3-phosphate dehydrogenase
1706	microbiome	Rhizobium etli	Rhizobium etli
1707	enzyme	PDH	PDH
1708	enzyme	ODH	ODH
1709	enzyme	KT	KT
1710	microbiome	Rhizobium tropici	Rhizobium tropici
1711	enzyme	endo-1,4-beta-xylanase	endo-1,4-beta-xylanase
1712	enzyme	endo-1,3(4)-beta-glucanase	endo-1,3(4)-beta-glucanase
1713	microbiome	Aspergillus fijiensis	Aspergillus fijiensis
1714	substrate	glucan	glucan
1715	substrate	polygalacturonan	polygalacturonan
1716	microbiome	Actinomyces viscosus	Actinomyces viscosus
1717	enzyme	ADP glucose synthase	ADP glucose synthase
1718	enzyme	ADP glucose transferase	ADP glucose transferase
1719	enzyme	glycogen phosphorylase	glycogen phosphorylase
1720	microbiome	Issatchenkia terricola	Issatchenkia terricola
1721	substrate	anthocyanin	anthocyanin
1722	substrate	benzene derivatives	benzene derivatives
1723	substrate	higher alcohols	higher alcohols
1724	substrate	esters	esters
1725	enzyme	b-D-glucuronidase	b-D-glucuronidase
1726	enzyme	Stx1	Stx1
1727	enzyme	Stx2	Stx2
1728	enzyme	human mitochondrial GTP-dependent phosphoenolpyruvate carboxykinase	human mitochondrial GTP-dependent phosphoenolpyruvate carboxykinase
1729	microbiome	Penicillium verruculosum	Penicillium verruculosum
1730	enzyme	TrXeg74A	TrXeg74A
1731	enzyme	TrXeg74A-CD	TrXeg74A-CD
1732	substrate	tamarind xyloglucan	tamarind xyloglucan
1733	microbiome	Aspergillus terreus	Aspergillus terreus
1734	enzyme	L-asparaginase	L-asparaginase
1735	substrate	L-asparagine	L-asparagine
1736	enzyme	3hydroxy-3-methyl-glutaryl-coenzyme A synthase	3hydroxy-3-methyl-glutaryl-coenzyme A synthase
1737	enzyme	AppA2 phytase	AppA2 phytase
1738	enzyme	γ-PGA synthetase	γ-PGA synthetase
1739	enzyme	glutamate racemase	glutamate racemase
1740	enzyme	DHQ synthase	DHQ synthase
1741	enzyme	DHQ dehydratase	DHQ dehydratase
1742	enzyme	D-galactose transporter	D-galactose transporter
1743	enzyme	DHS dehydratase	DHS dehydratase
1744	enzyme	PCA decarboxylase	PCA decarboxylase
1745	microbiome	Acinetobacter calcoaceticus	Acinetobacter calcoaceticus
1746	enzyme	catechol 1,2-dioxygenase	catechol 1,2-dioxygenase
1747	substrate	3-dehydroshikimate	3-dehydroshikimate
1748	substrate	protocatechuic acid	protocatechuic acid
1749	microbiome	Penicillium chrysogenum	Penicillium chrysogenum
1750	enzyme	penicillin G	penicillin G
1751	enzyme	L-lysine decarboxylase	L-lysine decarboxylase
1752	enzyme	putrescine aminotransferase	putrescine aminotransferase
1753	enzyme	γ-aminovaleraldehyde dehydrogenase	γ-aminovaleraldehyde dehydrogenase
1754	microbiome	Pseudomonas fluorescens	Pseudomonas fluorescens
1755	enzyme	4-aminobutyrate transaminase	4-aminobutyrate transaminase
1756	enzyme	succinate semialdehyde dehydrogenase	succinate semialdehyde dehydrogenase
1757	substrate	cadaverine	cadaverine
1758	microbiome	Trichuris suis	Trichuris suis
1759	enzyme	trypsin	trypsin
1760	substrate	bile salt	bile salt
1761	enzyme	Kex 2	Kex 2
1762	substrate	rmMK	rmMK
1763	microbiome	Lactobacillus sp. RKY2	Lactobacillus sp. RKY2
1764	enzyme	MetX	MetX
1765	enzyme	MetY	MetY
1766	substrate	methionine	methionine
1767	microbiome	Pelobacter venetianus	Pelobacter venetianus
1768	enzyme	extracellular depolymerizing enzymes	extracellular depolymerizing enzymes
1769	substrate	polyethylene glycol	polyethylene glycol
1770	microbiome	Staphylococcus aureus	Staphylococcus aureus
1771	enzyme	penicillin	penicillin
1772	enzyme	XYL3	XYL3
1773	microbiome	Saccharomyces cerevisiae | cdt-1	Saccharomyces cerevisiae | cdt-1
1774	enzyme	gh1-1	gh1-1
1775	substrate	pentoses	pentoses
1776	enzyme	delta-9 desaturase	delta-9 desaturase
1777	substrate	saturated fatty acids	saturated fatty acids
1778	substrate	cyanidin-3-glucoside	cyanidin-3-glucoside
1779	substrate	peonidin-3-glucoside	peonidin-3-glucoside
1780	substrate	phosphorus	phosphorus
1781	enzyme	esterase lipase	esterase lipase
1782	enzyme	naphthol-AS-BI-phosphohydrolase	naphthol-AS-BI-phosphohydrolase
1783	microbiome	basidiomycete I-62	basidiomycete I-62
1784	substrate	lignin	lignin
1785	enzyme	shikimate kinase I	shikimate kinase I
1786	enzyme	shikimate kinase II	shikimate kinase II
1787	substrate	shikimate	shikimate
1788	enzyme	Xylanase III	Xylanase III
1789	enzyme	β-glucosidase 1	β-glucosidase 1
1790	substrate	alkaline-pretreated rice straw	alkaline-pretreated rice straw
1791	enzyme	Erv1S32A	Erv1S32A
1792	enzyme	Erv1S32T	Erv1S32T
1793	enzyme	Erv1N34A	Erv1N34A
1794	enzyme	Erv1S32A/N34A	Erv1S32A/N34A
1795	enzyme	Erv1S32T/N34A	Erv1S32T/N34A
1796	microbiome	Trichoderma reesei NRRL 11460	Trichoderma reesei NRRL 11460
1797	substrate	wet corn distillers grain	wet corn distillers grain
1798	enzyme	propionyl-CoA synthetase	propionyl-CoA synthetase
1799	enzyme	acyl-ACP thioesterase	acyl-ACP thioesterase
1800	substrate	propionate	propionate
1801	enzyme	Fre-L3-SttH	Fre-L3-SttH
1802	enzyme	TnaA-L3-GS-CD	TnaA-L3-GS-CD
1803	substrate	tryptophan	tryptophan
1804	substrate	6-Br-Trp	6-Br-Trp
1805	enzyme	GadB	GadB
1806	microbiome	Williopsis saturnus	Williopsis saturnus
1807	microbiome	Streptomyces toyocaensis	Streptomyces toyocaensis
1808	enzyme	A47934	A47934
1809	substrate	corn starch	corn starch
1810	enzyme	FDH2	FDH2
1811	enzyme	NQM1	NQM1
1812	microbiome	Saccharomyces cerevisiae | SOL3	Saccharomyces cerevisiae | SOL3
1813	microbiome	Saccharomyces cerevisiae | SOL4	Saccharomyces cerevisiae | SOL4
1814	enzyme	ALD3	ALD3
1815	enzyme	ADH1	ADH1
1816	enzyme	ACO1	ACO1
1817	enzyme	TRP1	TRP1
1818	microbiome	yeast	yeast
1819	microbiome	Pmicillim brefddianum	Pmicillim brefddianum
1820	enzyme	transglycosylation	transglycosylation
1821	enzyme	xylanase III	xylanase III
1822	substrate	L-sorbose	L-sorbose
1823	enzyme	CsAlaDC	CsAlaDC
1824	enzyme	CsTS1	CsTS1
1825	enzyme	CsGS	CsGS
1826	substrate	ethylamine	ethylamine
1827	enzyme	renin	renin
1828	substrate	angiotensinogen	angiotensinogen
1829	microbiome	Saccharomyces bayanus	Saccharomyces bayanus
1830	enzyme	GAL4	GAL4
1831	enzyme	alcohol dehydrogenase I	alcohol dehydrogenase I
1832	enzyme	arginine decarboxylase	arginine decarboxylase
1833	enzyme	xyloglucan endotransglycosylase	xyloglucan endotransglycosylase
1834	substrate	xyloglucan	xyloglucan
1835	enzyme	uricase	uricase
1836	substrate	uric acid	uric acid
1837	microbiome	Phanerochaete chrysosporium	Phanerochaete chrysosporium
1838	enzyme	filter paperase	filter paperase
1839	substrate	grass powder	grass powder
1840	microbiome	Fervidobacterium islandicum	Fervidobacterium islandicum
1841	enzyme	islandisin	islandisin
1842	substrate	(No explicit substrate mentioned)	(No explicit substrate mentioned)
1843	enzyme	nisin	nisin
1844	microbiome	Brevibacillus laterosporus	Brevibacillus laterosporus
1845	microbiome	Flavobacterium johnsoniae	Flavobacterium johnsoniae
1846	microbiome	Herpetosiphon aurantiacus	Herpetosiphon aurantiacus
1847	microbiome	Elizabethkingia meningoseptica	Elizabethkingia meningoseptica
1848	enzyme	lysine decarboxylase	lysine decarboxylase
1849	enzyme	arginine dihydrolase	arginine dihydrolase
1850	enzyme	ornithine decarboxylase	ornithine decarboxylase
1851	enzyme	urease	urease
1852	substrate	feather keratin	feather keratin
1853	substrate	microcrystalline cellulose	microcrystalline cellulose
1854	substrate	Avicel PH101	Avicel PH101
1855	enzyme	Hxt4	Hxt4
1856	enzyme	Hxt7	Hxt7
1857	enzyme	glyceraldehyde 3-phosphate dehydrogenase	glyceraldehyde 3-phosphate dehydrogenase
1858	enzyme	YlLIP2	YlLIP2
1859	enzyme	8-endotoxin	8-endotoxin
1860	substrate	proline	proline
1861	substrate	lysine	lysine
1862	substrate	leucine	leucine
1863	substrate	cystine	cystine
1864	enzyme	1,3-propanediol dehydrogenase	1,3-propanediol dehydrogenase
1865	substrate	3-hydroxypropionaldehyde	3-hydroxypropionaldehyde
1866	enzyme	XR	XR
1867	enzyme	XDH	XDH
1868	enzyme	XK	XK
1869	enzyme	UTP-glucose-1-phosphate uridylyltransferase 1	UTP-glucose-1-phosphate uridylyltransferase 1
1870	enzyme	phosphoglucomutase 2	phosphoglucomutase 2
1871	substrate	protopanaxadiol	protopanaxadiol
1872	substrate	glucose-1-phosphate	glucose-1-phosphate
1873	enzyme	ethanol production enzymes	ethanol production enzymes
1874	microbiome	Trichoderma guizhouense	Trichoderma guizhouense
1875	enzyme	endoβ-1,4-glucanase	endoβ-1,4-glucanase
1876	substrate	carboxymethyl-cellulose	carboxymethyl-cellulose
1877	substrate	wheat straw	wheat straw
1878	enzyme	formamidase	formamidase
1879	enzyme	phosphite dehydrogenase	phosphite dehydrogenase
1880	enzyme	β-D-glucosidases	β-D-glucosidases
1881	enzyme	farnesyl diphosphate synthase	farnesyl diphosphate synthase
1882	enzyme	squalene epoxidase	squalene epoxidase
1883	enzyme	amyrin C-28 oxidase	amyrin C-28 oxidase
1884	enzyme	cytochrome P450 reductase	cytochrome P450 reductase
1885	substrate	α-amyrin	α-amyrin
1886	substrate	β-amyrin	β-amyrin
1887	microbiome	Escherichia coli DH5α	Escherichia coli DH5α
1888	substrate	ortho-nitrophenyl-β-galactoside	ortho-nitrophenyl-β-galactoside
1889	enzyme	cyanophycin synthetase	cyanophycin synthetase
1890	substrate	citrulline	citrulline
1891	substrate	ornithine	ornithine
1892	enzyme	peroxidase	peroxidase
1893	microbiome	Lactobacillus delbrueckii ssp. bulgaricus	Lactobacillus delbrueckii ssp. bulgaricus
1894	enzyme	green fluorescent protein	green fluorescent protein
1895	enzyme	Adh1p	Adh1p
1896	enzyme	mutAdh1p	mutAdh1p
1897	microbiome	Saccharomyces cerevisiae | mutAdh1p-rev117	Saccharomyces cerevisiae | mutAdh1p-rev117
1898	enzyme	natAdh1p-m295	natAdh1p-m295
1899	enzyme	natAdh1p-m110	natAdh1p-m110
1900	substrate	5-hydroxymethylfurfural	5-hydroxymethylfurfural
1901	enzyme	tryptophan transporter	tryptophan transporter
1902	enzyme	aromatic amino acid exporter	aromatic amino acid exporter
1903	enzyme	CitB	CitB
1904	enzyme	BioH	BioH
1905	substrate	dimethylbutyryl-S-methyl mercaptopropionate	dimethylbutyryl-S-methyl mercaptopropionate
1906	enzyme	killer toxin	killer toxin
1907	enzyme	CrtYB	CrtYB
1908	enzyme	CrtI	CrtI
1909	enzyme	tHMG1	tHMG1
1910	enzyme	ERG9	ERG9
1911	enzyme	CrtE	CrtE
1912	enzyme	AroK	AroK
1913	substrate	histamine	histamine
1914	enzyme	TP-40	TP-40
1915	enzyme	glucosamine-6-phosphate synthase	glucosamine-6-phosphate synthase
1916	enzyme	glucosamine-6-phosphate N-acetyltransferase	glucosamine-6-phosphate N-acetyltransferase
1917	enzyme	GlcNAc-6-phosphate phosphatase	GlcNAc-6-phosphate phosphatase
1918	enzyme	endo-β-1,4glucanase III	endo-β-1,4glucanase III
1919	enzyme	EG III	EG III
1920	enzyme	Cel12A	Cel12A
1921	enzyme	Sor1	Sor1
1922	enzyme	Sor3	Sor3
1923	enzyme	Sor4	Sor4
1924	substrate	sorbicillin	sorbicillin
1925	substrate	2,3-dihydrosorbicillin	2,3-dihydrosorbicillin
1926	enzyme	REP-1	REP-1
1927	microbiome	Saccharomyces cerevisiae | REP-2	Saccharomyces cerevisiae | REP-2
1928	substrate	Rab7	Rab7
1929	substrate	Ypt7	Ypt7
1930	substrate	Ypt1	Ypt1
1931	enzyme	Hyoscyamine 6-β hydroxylase	Hyoscyamine 6-β hydroxylase
1932	substrate	hyoscyamine	hyoscyamine
1933	substrate	6β-hydroxyhyoscyamine	6β-hydroxyhyoscyamine
1934	substrate	scopolamine	scopolamine
1935	substrate	sugars	sugars
1936	enzyme	glycolysis	glycolysis
1937	microbiome	Shewanella	Shewanella
1938	enzyme	HSA/IFNα2b fusion protein	HSA/IFNα2b fusion protein
1939	substrate	Wish cells	Wish cells
1940	enzyme	FLO5	FLO5
1941	enzyme	FLO9	FLO9
1942	microbiome	Humicola grisea var. thermoidea	Humicola grisea var. thermoidea
1943	enzyme	E-glucosidase	E-glucosidase
1944	substrate	p-nitrophenyl-E-D-glucopyranoside	p-nitrophenyl-E-D-glucopyranoside
1945	enzyme	FMO	FMO
1946	substrate	indole	indole
1947	substrate	3-hydroxyindole	3-hydroxyindole
1948	substrate	2-hydroxyindole	2-hydroxyindole
1949	enzyme	LuxS	LuxS
1950	substrate	S-adenosylmethionine	S-adenosylmethionine
1951	substrate	S-ribosylhomocysteine	S-ribosylhomocysteine
1952	enzyme	bacteriocin	bacteriocin
1953	enzyme	xylose dehydrogenase	xylose dehydrogenase
1954	microbiome	Pichia membranifaciens	Pichia membranifaciens
1955	substrate	arbutin	arbutin
1956	substrate	polygalacturonic acid	polygalacturonic acid
1957	substrate	gelatin	gelatin
1958	enzyme	γ-rPLE	γ-rPLE
1959	substrate	p-nitrophenyl acetate	p-nitrophenyl acetate
1960	enzyme	rhaFGF135	rhaFGF135
1961	substrate	molasses	molasses
1962	substrate	sodium nitrate	sodium nitrate
1963	enzyme	endochitinase	endochitinase
1964	enzyme	NAGase	NAGase
1965	enzyme	b-1,3-glucanase	b-1,3-glucanase
1966	enzyme	acid phosphatase	acid phosphatase
1967	substrate	chitin	chitin
1968	substrate	b-1,3-glucan	b-1,3-glucan
1969	enzyme	cytokinin dehydrogenase	cytokinin dehydrogenase
1970	substrate	isopentenyladenine	isopentenyladenine
1971	enzyme	GshF	GshF
1972	microbiome	Saccharomyces cerevisiae | Talaromyces emersonii	Saccharomyces cerevisiae | Talaromyces emersonii
1973	enzyme	cel7A cellobiohydrolase	cel7A cellobiohydrolase
1974	microbiome	Bacillus strain B-2	Bacillus strain B-2
1975	microbiome	Lactobacillus acidophilus ATCC 4356	Lactobacillus acidophilus ATCC 4356
1976	microbiome	Bifidobacterium longum CCRC 15708	Bifidobacterium longum CCRC 15708
1977	enzyme	betagalactosidase	betagalactosidase
1978	microbiome	Streptomyces griseoloalbus	Streptomyces griseoloalbus
1979	microbiome	Bacillus sp. LX-1	Bacillus sp. LX-1
1980	microbiome	Lactobacillus plantarum MTCC 5422	Lactobacillus plantarum MTCC 5422
1981	enzyme	carbohydrate-active enzyme	carbohydrate-active enzyme
1982	enzyme	beta glucosidase	beta glucosidase
1983	enzyme	beta galactosidase	beta galactosidase
1984	enzyme	glycoside hydrolase	glycoside hydrolase
1985	enzyme	pectin acetylesterase	pectin acetylesterase
1986	enzyme	acetyl xylan esterase	acetyl xylan esterase
1987	substrate	galacturonan	galacturonan
1988	substrate	terpenes	terpenes
1989	substrate	volatile aromatic ester compounds	volatile aromatic ester compounds
1990	enzyme	beta-glycosidase	beta-glycosidase
1991	microbiome	Metschnikowia agaves	Metschnikowia agaves
1992	enzyme	β-glucosidases	β-glucosidases
1993	enzyme	β-glucanases	β-glucanases
1994	enzyme	pectinases	pectinases
1995	enzyme	proteases	proteases
1996	enzyme	lichenases	lichenases
1997	enzyme	xylanases	xylanases
1998	enzyme	amylases	amylases
1999	enzyme	sulfite reductase	sulfite reductase
2000	substrate	norisoprenoids	norisoprenoids
2001	enzyme	GPDH	GPDH
2002	microbiome	Pichia pastoris X-33	Pichia pastoris X-33
2003	microbiome	Aspergillus niger 817	Aspergillus niger 817
2004	enzyme	rCHIKV E2 protein	rCHIKV E2 protein
2005	microbiome	Chaetomium thermophilum	Chaetomium thermophilum
2006	enzyme	nattokinase	nattokinase
2007	substrate	nattokinase	nattokinase
2008	microbiome	Streptomyces sp. 7b	Streptomyces sp. 7b
2009	enzyme	1,4-α-D-glucan glucohydrolase	1,4-α-D-glucan glucohydrolase
2010	microbiome	Thermotoga maritima	Thermotoga maritima
2011	microbiome	Aneurinibacillus migulanus	Aneurinibacillus migulanus
2012	enzyme	GS synthetase	GS synthetase
2013	enzyme	α1,2-fucosyltransferase	α1,2-fucosyltransferase
2014	substrate	Gal-β1,3-GalNAc-OR	Gal-β1,3-GalNAc-OR
2015	substrate	GDP-fucose	GDP-fucose
2016	enzyme	LysA	LysA
2017	enzyme	LysA2	LysA2
2018	substrate	ammonia	ammonia
2019	microbiome	Streptomyces griseosporeus	Streptomyces griseosporeus
2020	enzyme	FK409	FK409
2021	substrate	noradrenaline	noradrenaline
2022	microbiome	Komagataeibacter saccharivorans	Komagataeibacter saccharivorans
2023	microbiome	Gluconacetobacter entanii	Gluconacetobacter entanii
2024	substrate	tannins	tannins
2025	enzyme	ScMDD	ScMDD
2026	enzyme	His 6 -ScMDD2	His 6 -ScMDD2
2027	substrate	3-HMB	3-HMB
2028	microbiome	Streptomyces sp. ANU 6277	Streptomyces sp. ANU 6277
2029	enzyme	chitinase	chitinase
2030	microbiome	Microbispora sp. V2	Microbispora sp. V2
2031	microbiome	S. aureofaciens CMU Ac 130	S. aureofaciens CMU Ac 130
2032	microbiome	S. viridificans	S. viridificans
2033	enzyme	lignocellulosedegrading enzymes	lignocellulosedegrading enzymes
2034	microbiome	Coprinus comatus	Coprinus comatus
2035	substrate	glucoamylase	glucoamylase
2036	substrate	p-nitrophenyl β-D-glucopyranoside	p-nitrophenyl β-D-glucopyranoside
2037	enzyme	succinate-cytochrome c oxidoreductase	succinate-cytochrome c oxidoreductase
2038	enzyme	malate synthase	malate synthase
2039	enzyme	aldolase	aldolase
2040	enzyme	nicotinamide adenine dinucleotide phosphate-linked glutamate dehydrogenase	nicotinamide adenine dinucleotide phosphate-linked glutamate dehydrogenase
2041	substrate	ethyl alcohol	ethyl alcohol
2042	microbiome	Lactobacillus fermentum	Lactobacillus fermentum
2043	enzyme	SUC2	SUC2
2044	enzyme	malic enzyme	malic enzyme
2045	enzyme	THI4	THI4
2046	enzyme	HAP4	HAP4
2047	enzyme	phosphomannomutase	phosphomannomutase
2048	substrate	mannose-1-phosphate	mannose-1-phosphate
2049	enzyme	cinnamyl alcohol dehydrogenase	cinnamyl alcohol dehydrogenase
2050	substrate	HMF	HMF
2051	microbiome	Saccharomyces cerevisiae | RPE1	Saccharomyces cerevisiae | RPE1
2052	enzyme	RKI1	RKI1
2053	substrate	(C6mim)Br	(C6mim)Br
2054	substrate	citrate salt	citrate salt
2055	enzyme	CBH II	CBH II
2056	enzyme	fumaric acid	fumaric acid
2057	microbiome	Acremonium cellulolyticus C-1	Acremonium cellulolyticus C-1
2058	enzyme	hexokinase isoenzyme	hexokinase isoenzyme
2059	enzyme	fructose 1,6-bisphosphate aldolase	fructose 1,6-bisphosphate aldolase
2060	enzyme	3-phosphoglycerate kinase	3-phosphoglycerate kinase
2061	enzyme	tetrameric phosphoglycerate mutase	tetrameric phosphoglycerate mutase
2062	substrate	D-psicose	D-psicose
2063	microbiome	Aspergillus brasiliensis	Aspergillus brasiliensis
2064	enzyme	pectin lyase	pectin lyase
2065	microbiome	Subdoligranulum variabile	Subdoligranulum variabile
2066	microbiome	Prevotella ruminicola	Prevotella ruminicola
2067	enzyme	TC2-24 XI	TC2-24 XI
2068	microbiome	Escherichia coli RM214	Escherichia coli RM214
2069	microbiome	Rhodotorula mucilaginosa	Rhodotorula mucilaginosa
2070	enzyme	cytochrome bd	cytochrome bd
2071	substrate	menaquinol	menaquinol
2072	microbiome	Coriolus versicolor	Coriolus versicolor
2073	enzyme	lignin peroxidase	lignin peroxidase
2074	enzyme	AspDH	AspDH
2075	enzyme	ADC	ADC
2076	substrate	OAA	OAA
2077	microbiome	Escherichia coli K12	Escherichia coli K12
2078	enzyme	uracil DNA glycosylase	uracil DNA glycosylase
2079	substrate	uracil-containing DNA	uracil-containing DNA
2080	enzyme	β-amyrin synthase	β-amyrin synthase
2081	enzyme	CYP93E3	CYP93E3
2082	enzyme	CYP72A566	CYP72A566
2083	enzyme	EcPepQ	EcPepQ
2084	substrate	Ala-Pro	Ala-Pro
2085	microbiome	Lactobacillus acidophilus	Lactobacillus acidophilus
2086	enzyme	thermostable deoxyribonuclease	thermostable deoxyribonuclease
2087	microbiome	Lachancea thermotolerans	Lachancea thermotolerans
2088	substrate	sugar	sugar
2089	substrate	dulcitol	dulcitol
2090	microbiome	Brevibacterium helvolum	Brevibacterium helvolum
2091	enzyme	TMP phosphohydrolase	TMP phosphohydrolase
2092	substrate	thymidine monophosphate	thymidine monophosphate
2093	microbiome	Streptomyces sp. M-106	Streptomyces sp. M-106
2094	microbiome	Streptomyces sp. M-206	Streptomyces sp. M-206
2095	microbiome	Streptomyces sp. M-606	Streptomyces sp. M-606
2096	enzyme	glucose-1-phosphate thymidylyltransferase	glucose-1-phosphate thymidylyltransferase
2097	enzyme	dTDP-D-glucose 4,6-dehydratase	dTDP-D-glucose 4,6-dehydratase
2098	enzyme	dTDP-4-keto-6-deoxyglucose 3,5-epimerase	dTDP-4-keto-6-deoxyglucose 3,5-epimerase
2099	enzyme	dTDP-4-keto-rhamnose reductase	dTDP-4-keto-rhamnose reductase
2100	enzyme	UDP-N-acetylglucosamine 4,6-dehydratase	UDP-N-acetylglucosamine 4,6-dehydratase
2101	enzyme	UDP-2-acetamido-2,6-beta-L-arabino-hexul-4-ose reductase	UDP-2-acetamido-2,6-beta-L-arabino-hexul-4-ose reductase
2102	enzyme	UDP-N-acetyl-L-fucosamine synthase	UDP-N-acetyl-L-fucosamine synthase
2103	substrate	glucose 1-phosphate	glucose 1-phosphate
2104	substrate	UDP-D-GlcNAc	UDP-D-GlcNAc
2105	substrate	β-conglycinin	β-conglycinin
2106	substrate	glycinin	glycinin
2107	microbiome	Aspergillus niger DWA8	Aspergillus niger DWA8
2108	enzyme	linoleic acid isomerase	linoleic acid isomerase
2109	enzyme	threonine deaminase	threonine deaminase
2110	enzyme	catabolic threonine dehydratase	catabolic threonine dehydratase
2111	enzyme	macrolactin	macrolactin
2112	enzyme	IDI1	IDI1
2113	enzyme	ALD6	ALD6
2114	enzyme	ACS2	ACS2
2115	enzyme	TPS1	TPS1
2116	enzyme	HSP104	HSP104
2117	microbiome	Saccharomyces cerevisiae | Acc1 S1157A	Saccharomyces cerevisiae | Acc1 S1157A
2118	enzyme	chitinase ChiA	chitinase ChiA
2119	substrate	polyols	polyols
2120	enzyme	pLG72	pLG72
2121	enzyme	hydrogenase 3	hydrogenase 3
2122	enzyme	ATP-forming phosphoenolpyruvate carboxykinase	ATP-forming phosphoenolpyruvate carboxykinase
2123	substrate	sugar cane bagasse	sugar cane bagasse
2124	microbiome	Streptomyces tenebrarius	Streptomyces tenebrarius
2125	enzyme	tobramycin	tobramycin
2126	enzyme	gentamicin	gentamicin
2127	substrate	nebramycin factors	nebramycin factors
2128	substrate	aminoglycosides	aminoglycosides
2129	enzyme	aconitate hydratase	aconitate hydratase
2130	enzyme	2-oxoglutarate dehydrogenase	2-oxoglutarate dehydrogenase
2131	substrate	2-oxoglutarate	2-oxoglutarate
2132	enzyme	HheC	HheC
2133	microbiome	yeast extract	yeast extract
2134	microbiome	Streptomyces sp. SB-P1	Streptomyces sp. SB-P1
2135	enzyme	glucose isomerase	glucose isomerase
2136	enzyme	MAL31 permease	MAL31 permease
2137	enzyme	MAL32 maltase	MAL32 maltase
2138	enzyme	MAL33 transcription factor	MAL33 transcription factor
2139	enzyme	YPR196W	YPR196W
2140	enzyme	PAD1	PAD1
2141	enzyme	FDC1	FDC1
2142	enzyme	ATF1	ATF1
2143	enzyme	ATF2	ATF2
2144	microbiome	Saccharomyces cerevisiae | RMR1	Saccharomyces cerevisiae | RMR1
2145	substrate	hydroxycinnamic acids	hydroxycinnamic acids
2146	microbiome	Natrialba	Natrialba
2147	enzyme	poly(c-glutamic acid)	poly(c-glutamic acid)
2148	enzyme	poly(b-hydroxy butyric acid)	poly(b-hydroxy butyric acid)
2149	substrate	D-glutamic acid	D-glutamic acid
2150	substrate	3-hydroxybutyric acid	3-hydroxybutyric acid
2151	microbiome	Polaribacter sp. SM1127	Polaribacter sp. SM1127
2152	enzyme	mannitol-1-phosphate 5-dehydrogenase	mannitol-1-phosphate 5-dehydrogenase
2153	enzyme	mannose PTS	mannose PTS
2154	enzyme	6-phosphofructokinase	6-phosphofructokinase
2155	enzyme	fructose bisphosphate aldolase	fructose bisphosphate aldolase
2156	enzyme	phosphogluconate dehydrogenase	phosphogluconate dehydrogenase
2157	enzyme	ribokinase	ribokinase
2158	enzyme	phosphocarrier protein HPr	phosphocarrier protein HPr
2159	enzyme	branched-chain amino acid aminotransferase	branched-chain amino acid aminotransferase
2160	enzyme	L-2-hydroxyisocaproate dehydrogenase	L-2-hydroxyisocaproate dehydrogenase
2161	enzyme	acetate kinase	acetate kinase
2162	substrate	glycolytic intermediates	glycolytic intermediates
2163	enzyme	Fkp	Fkp
2164	enzyme	Gsk	Gsk
2165	enzyme	IspH	IspH
2166	substrate	1-hydroxy-2-methyl-2-(E)-butenyl diphosphate	1-hydroxy-2-methyl-2-(E)-butenyl diphosphate
2167	enzyme	D-xylulokinase	D-xylulokinase
2168	microbiome	S. cerevisiae	S. cerevisiae
2169	enzyme	methionine adenosyltransferase	methionine adenosyltransferase
2170	microbiome	Streptomyces sp. YG-5	Streptomyces sp. YG-5
2171	enzyme	wax ester synthase/acyl-coenzyme:diacylglycerol acyltransferase	wax ester synthase/acyl-coenzyme:diacylglycerol acyltransferase
2172	enzyme	WS1	WS1
2173	substrate	oleoyl-CoA	oleoyl-CoA
2174	substrate	dipalmitoyl-glycerol	dipalmitoyl-glycerol
2175	enzyme	CAZymes	CAZymes
2176	enzyme	pectinolytic enzymes	pectinolytic enzymes
2177	enzyme	mannanolytic enzymes	mannanolytic enzymes
2178	substrate	corn stover	corn stover
2179	substrate	soybean hulls	soybean hulls
2180	microbiome	Aspergillus wentii	Aspergillus wentii
2181	enzyme	sorbicillin derivatives	sorbicillin derivatives
2182	microbiome	Lactobacillus rhamnosus	Lactobacillus rhamnosus
2183	enzyme	flavone glycosides	flavone glycosides
2184	microbiome	Fibrobacter succinogenes	Fibrobacter succinogenes
2185	microbiome	Butyrivibrio fibrisolvens	Butyrivibrio fibrisolvens
2186	substrate	D-galactouronic acid	D-galactouronic acid
2187	microbiome	Penicillium echinulatum	Penicillium echinulatum
2188	enzyme	PHB synthase	PHB synthase
2189	microbiome	Streptomyces avermitilis	Streptomyces avermitilis
2190	enzyme	avermectin	avermectin
2191	enzyme	AP50	AP50
2192	enzyme	Trichodermapepsin	Trichodermapepsin
2193	substrate	plant biomass	plant biomass
2194	microbiome	Aspergillus versicolor	Aspergillus versicolor
2195	microbiome	Aspergillus sydowii	Aspergillus sydowii
2196	enzyme	α-arabinofuranosidase	α-arabinofuranosidase
2197	enzyme	α-glucosidase	α-glucosidase
2198	enzyme	thrombin	thrombin
2199	enzyme	prethrombin-2	prethrombin-2
2200	enzyme	prethrombin-2Δ13	prethrombin-2Δ13
2201	enzyme	protein disulfide isomerase	protein disulfide isomerase
2202	enzyme	PKS-NRPS	PKS-NRPS
2203	enzyme	cytochrome P450 oxidase	cytochrome P450 oxidase
2204	enzyme	Diels-Alderase	Diels-Alderase
2205	substrate	acyl tetramic acid	acyl tetramic acid
2206	substrate	pyridone	pyridone
2207	substrate	ilicicolin H	ilicicolin H
2208	microbiome	Pseudomonas sp. ATCC 55595	Pseudomonas sp. ATCC 55595
2209	enzyme	enzymes for toluene degradation	enzymes for toluene degradation
2210	substrate	toluene	toluene
2211	microbiome	Pleurotus laciniatocrenatus	Pleurotus laciniatocrenatus
2212	substrate	vanillic acid	vanillic acid
2213	enzyme	pNPCase	pNPCase
2214	microbiome	Hanseniaspora uvarum | SSU1	Hanseniaspora uvarum | SSU1
2215	microbiome	Candida zemplinina	Candida zemplinina
2216	enzyme	SSU1	SSU1
2217	microbiome	Metschnikowia spp. | SSU1	Metschnikowia spp. | SSU1
2218	microbiome	Torulaspora delbrueckii | SSU1	Torulaspora delbrueckii | SSU1
2219	substrate	sulfite	sulfite
2220	enzyme	enzyme-linked fluorescence immunoassay	enzyme-linked fluorescence immunoassay
2221	substrate	minced beef	minced beef
2222	enzyme	monoclonal antibodies	monoclonal antibodies
2223	enzyme	Gxf1	Gxf1
2224	substrate	hemoglobin	hemoglobin
2225	enzyme	Spo0A	Spo0A
2226	enzyme	TrLOx	TrLOx
2227	substrate	methylglyoxal	methylglyoxal
2228	substrate	furfuryl alcohol	furfuryl alcohol
2229	enzyme	aspartate aminotransferase	aspartate aminotransferase
2230	enzyme	homoserine dehydrogenase	homoserine dehydrogenase
2231	enzyme	threonine synthase	threonine synthase
2232	enzyme	aspartyl semialdehyde dehydrogenase	aspartyl semialdehyde dehydrogenase
2233	enzyme	homoserine kinase	homoserine kinase
2234	enzyme	chorismate mutase T	chorismate mutase T
2235	enzyme	prephenate dehydrogenase	prephenate dehydrogenase
2236	enzyme	pyridine nucleotide transhydrogenase	pyridine nucleotide transhydrogenase
2237	enzyme	cellulose synthase	cellulose synthase
2238	enzyme	galactitol-specific PTS enzyme IIB component	galactitol-specific PTS enzyme IIB component
2239	enzyme	N-acetylornithine aminotransferase	N-acetylornithine aminotransferase
2240	enzyme	diaminopimelate decarboxylase	diaminopimelate decarboxylase
2241	enzyme	lyase/synthase	lyase/synthase
2242	enzyme	N-succinyl-diaminopimelate deacylase	N-succinyl-diaminopimelate deacylase
2243	enzyme	diaminopimelate epimerase	diaminopimelate epimerase
2244	enzyme	glycine decarboxylase	glycine decarboxylase
2245	enzyme	glycine cleavage complex lipoprotein	glycine cleavage complex lipoprotein
2246	enzyme	glycine cleavage complex aminomethyltransferase	glycine cleavage complex aminomethyltransferase
2247	enzyme	glycine hydroxymethyltransferase	glycine hydroxymethyltransferase
2248	substrate	L-homoserine	L-homoserine
2249	substrate	L-threonine	L-threonine
2250	substrate	L-aspartate-semialdehyde	L-aspartate-semialdehyde
2251	substrate	L-glycine	L-glycine
2252	enzyme	peptidases	peptidases
2253	substrate	polypeptides	polypeptides
2254	enzyme	acetyl-CoA synthase I	acetyl-CoA synthase I
2255	enzyme	TKL1	TKL1
2256	enzyme	KmTAL1opt	KmTAL1opt
2257	enzyme	KmRKI1opt	KmRKI1opt
2258	enzyme	KmRPE1opt	KmRPE1opt
2259	microbiome	Lactococcus lactis subsp. cremoris MG1363	Lactococcus lactis subsp. cremoris MG1363
2260	enzyme	NADH oxidases	NADH oxidases
2261	enzyme	UDP-glycosyltransferase	UDP-glycosyltransferase
2262	substrate	(+)-pinoresinol	(+)-pinoresinol
2263	enzyme	olsF	olsF
2264	enzyme	olsC	olsC
2265	substrate	ornithine lipids	ornithine lipids
2266	substrate	hydroxylated ornithine lipids	hydroxylated ornithine lipids
2267	enzyme	AsbF	AsbF
2268	enzyme	QsuB	QsuB
2269	enzyme	Qa-4	Qa-4
2270	substrate	3,4-dihydroxybenzoic acid	3,4-dihydroxybenzoic acid
2271	substrate	aminolevulinic acid	aminolevulinic acid
2272	enzyme	glycerol-3-phosphate acyltransferase	glycerol-3-phosphate acyltransferase
2273	microbiome	Peptostreptococcus productus	Peptostreptococcus productus
2274	enzyme	CO dehydrogenase	CO dehydrogenase
2275	substrate	CO	CO
2276	substrate	H2-CO2	H2-CO2
2277	enzyme	Hsf1	Hsf1
2278	substrate	Hsf1	Hsf1
2279	enzyme	polyhydroxyalkanoates synthase	polyhydroxyalkanoates synthase
2280	enzyme	sHSP20	sHSP20
2281	enzyme	Gdh2	Gdh2
2282	enzyme	Gdh1	Gdh1
2283	substrate	α-ketoglutarate	α-ketoglutarate
2284	enzyme	coumarate-CoA ligase	coumarate-CoA ligase
2285	enzyme	benzalacetone synthase	benzalacetone synthase
2286	enzyme	cinnamate-4-hydroxylase	cinnamate-4-hydroxylase
2287	enzyme	Tr AA9A	Tr AA9A
2288	enzyme	Ta LPMO9A	Ta LPMO9A
2289	microbiome	Thielavia australiensis	Thielavia australiensis
2290	enzyme	LPMO9B	LPMO9B
2291	substrate	cotton linters	cotton linters
2292	substrate	softwood kraft fibres	softwood kraft fibres
2293	substrate	dextrins	dextrins
2294	enzyme	dolichylphosphate mannose synthase	dolichylphosphate mannose synthase
2295	substrate	N-acetylglucosamine	N-acetylglucosamine
2296	microbiome	Methylobacterium extorquens	Methylobacterium extorquens
2297	enzyme	methanol dehydrogenase	methanol dehydrogenase
2298	enzyme	levoglucosan kinase	levoglucosan kinase
2299	substrate	levoglucosan	levoglucosan
2300	microbiome	Lactobacillus lactis	Lactobacillus lactis
2301	enzyme	D-lactic acid	D-lactic acid
2302	enzyme	HFB1	HFB1
2303	microbiome	Aspergillus fumigatus	Aspergillus fumigatus
2304	enzyme	RodA	RodA
2305	enzyme	RodB	RodB
2306	microbiome	Grifola frondosa	Grifola frondosa
2307	enzyme	HGFI	HGFI
2308	microbiome	Fusarium culmorum	Fusarium culmorum
2309	enzyme	FcHyd3p	FcHyd3p
2310	enzyme	FcHyd5p	FcHyd5p
2311	enzyme	HFB2	HFB2
2312	enzyme	P450 2F3	P450 2F3
2313	substrate	3-methylindole	3-methylindole
2314	enzyme	HaeIII restriction endonuclease	HaeIII restriction endonuclease
2315	microbiome	Klugveromgces cicerisporus	Klugveromgces cicerisporus
2316	enzyme	Xyn10C	Xyn10C
2317	microbiome	Sarcina ventriculi	Sarcina ventriculi
2318	microbiome	Bacteroides succinogenes S85	Bacteroides succinogenes S85
2319	enzyme	cellulose hydrolysis enzyme	cellulose hydrolysis enzyme
2320	microbiome	Ruminococcus albus 7	Ruminococcus albus 7
2321	microbiome	Ruminococcus flavefaciens FD1	Ruminococcus flavefaciens FD1
2322	enzyme	ß-galactosidase	ß-galactosidase
2323	enzyme	ssDNA formation enzyme	ssDNA formation enzyme
2324	microbiome	Lactobacillus gasseri	Lactobacillus gasseri
2325	enzyme	maltogenic amylase	maltogenic amylase
2326	enzyme	histone 4	histone 4
2327	enzyme	syntaxin	syntaxin
2328	enzyme	SNARE	SNARE
2329	enzyme	TrCel5A	TrCel5A
2330	microbiome	Ustilago maydis	Ustilago maydis
2331	enzyme	itaconate	itaconate
2332	substrate	phenolic monomers	phenolic monomers
2333	enzyme	maltose permease	maltose permease
2334	enzyme	MutmelA	MutmelA
2335	microbiome	Bacillus subtilis KSM-64	Bacillus subtilis KSM-64
2336	substrate	bombinin	bombinin
2337	substrate	glycerol-3-phosphate	glycerol-3-phosphate
2338	microbiome	Kloeckera apiculata	Kloeckera apiculata
2339	enzyme	metalloproteinases	metalloproteinases
2340	enzyme	serine endopeptidases	serine endopeptidases
2341	enzyme	aminopeptidases	aminopeptidases
2342	substrate	trypsin inhibitor	trypsin inhibitor
2343	microbiome	Zygosaccharomyces bailii	Zygosaccharomyces bailii
2344	microbiome	Bacillus subtilis 168	Bacillus subtilis 168
2345	substrate	fatty acyl-CoA	fatty acyl-CoA
2346	microbiome	Sporidiobolus pararoseus	Sporidiobolus pararoseus
2347	enzyme	synthetic lipase	synthetic lipase
2348	microbiome	Rhizopus chinensis	Rhizopus chinensis
2349	enzyme	whole-cell synthetic lipase	whole-cell synthetic lipase
2350	substrate	fructooligosaccharides	fructooligosaccharides
2351	microbiome	Bacillus sphaericus	Bacillus sphaericus
2352	enzyme	hydratase	hydratase
2353	enzyme	secondary alcohol dehydrogenase	secondary alcohol dehydrogenase
2354	microbiome	Propionibacterium freudenreichii	Propionibacterium freudenreichii
2355	enzyme	ADP-glucose pyrophosphorylase	ADP-glucose pyrophosphorylase
2356	enzyme	GDP-glucose pyrophosphorylase	GDP-glucose pyrophosphorylase
2357	enzyme	UDP-glucose pyrophosphorylase	UDP-glucose pyrophosphorylase
2358	enzyme	OtsA	OtsA
2359	substrate	NDP-glucose	NDP-glucose
2360	substrate	trehalose-6-phosphate	trehalose-6-phosphate
2361	enzyme	cyclodextrin glycosyltransferase	cyclodextrin glycosyltransferase
2362	enzyme	l-tryptophan	l-tryptophan
2363	microbiome	Schizosaccharomyces pombe	Schizosaccharomyces pombe
2364	enzyme	recombinant protein	recombinant protein
2365	enzyme	BlGGT	BlGGT
2366	enzyme	BlGGT/DN12	BlGGT/DN12
2367	enzyme	BlGGT/DN43	BlGGT/DN43
2368	enzyme	BlGGT/DN44	BlGGT/DN44
2369	enzyme	succinate:quinone oxidoreductase	succinate:quinone oxidoreductase
2370	enzyme	NADH:quinone oxidoreductase	NADH:quinone oxidoreductase
2371	enzyme	proton translocating ATP synthase	proton translocating ATP synthase
2372	enzyme	phosphoenolpyruvate-carboxykinase	phosphoenolpyruvate-carboxykinase
2373	enzyme	YlILT1	YlILT1
2374	enzyme	ScILT1	ScILT1
2375	enzyme	Ykl107wp	Ykl107wp
2376	substrate	glycolaldehyde	glycolaldehyde
2377	microbiome	Arxula adeninivorans	Arxula adeninivorans
2378	enzyme	3-deoxy-D-arabinoheptulosonate-7-phosphate synthase	3-deoxy-D-arabinoheptulosonate-7-phosphate synthase
2379	enzyme	phosphotransferase system HPr	phosphotransferase system HPr
2380	substrate	3-deoxy-D-arabinoheptulosonate-7-phosphate	3-deoxy-D-arabinoheptulosonate-7-phosphate
2381	enzyme	glucan synthase	glucan synthase
2382	enzyme	chitin synthase	chitin synthase
2383	microbiome	Enterobacter aerogenes	Enterobacter aerogenes
2384	enzyme	mannitol dehydrogenase	mannitol dehydrogenase
2385	enzyme	PGM	PGM
2386	enzyme	UGP	UGP
2387	enzyme	β-GS	β-GS
2388	enzyme	FKS	FKS
2389	substrate	β-glucan	β-glucan
2390	substrate	pullulan	pullulan
2391	microbiome	Aspergillus niveus	Aspergillus niveus
2392	enzyme	PaCel3A	PaCel3A
2393	enzyme	PaCel3AM	PaCel3AM
2394	enzyme	rCel3a-ec	rCel3a-ec
2395	enzyme	rCel3a-tr	rCel3a-tr
2396	microbiome	Kluyvera intermedia	Kluyvera intermedia
2397	enzyme	Ki-TPL	Ki-TPL
2398	substrate	L-DOPA	L-DOPA
2399	enzyme	butyrate kinase	butyrate kinase
2400	enzyme	acetoacetate decarboxylase	acetoacetate decarboxylase
2401	enzyme	acetoacetyl-CoA/acyl-CoA transferase	acetoacetyl-CoA/acyl-CoA transferase
2402	enzyme	butyraldehyde dehydrogenase	butyraldehyde dehydrogenase
2403	enzyme	butanol dehydrogenase	butanol dehydrogenase
2404	substrate	butyric acid	butyric acid
2405	enzyme	ribulosebisphosphate carboxylase	ribulosebisphosphate carboxylase
2406	enzyme	β-lactamase	β-lactamase
2407	substrate	ribulosebisphosphate	ribulosebisphosphate
2408	enzyme	trehalose biosynthesis	trehalose biosynthesis
2409	enzyme	pyruvate phosphate dikinase	pyruvate phosphate dikinase
2410	enzyme	histidine protein kinase/phosphorylase	histidine protein kinase/phosphorylase
2411	substrate	HPr	HPr
2412	enzyme	D-xylonate dehydratase	D-xylonate dehydratase
2413	substrate	D-xylonic acid	D-xylonic acid
2414	enzyme	pullulan	pullulan
2415	microbiome	Saccharomyces sp. W0	Saccharomyces sp. W0
2416	microbiome	Saccharomyces cerevisiae boulardii	Saccharomyces cerevisiae boulardii
2417	substrate	crude fibre	crude fibre
2418	enzyme	L-tryptophan	L-tryptophan
2419	substrate	farnesyl pyrophosphate	farnesyl pyrophosphate
2420	microbiome	Alkalibacter saccharofermentans	Alkalibacter saccharofermentans
2421	enzyme	formate lyase	formate lyase
2422	substrate	soybean meal	soybean meal
2423	enzyme	cis-aconitate decarboxylase	cis-aconitate decarboxylase
2424	microbiome	Streptococcus bovis JB1	Streptococcus bovis JB1
2425	enzyme	L-lactate	L-lactate
2426	enzyme	glucose phosphoenolpyruvate phosphotransferase	glucose phosphoenolpyruvate phosphotransferase
2427	microbiome	Monascus purpureus	Monascus purpureus
2428	enzyme	GABA	GABA
2429	enzyme	monacolin K	monacolin K
2430	substrate	rice	rice
2431	microbiome	Talalaromyces emersonii	Talalaromyces emersonii
2432	enzyme	Cel3a	Cel3a
2433	enzyme	gluconokinase	gluconokinase
2434	enzyme	gluconate-6-P dehydrase	gluconate-6-P dehydrase
2435	enzyme	Protein Kinase A	Protein Kinase A
2436	enzyme	Elongase 1	Elongase 1
2437	enzyme	Mitochondrial potassium-activated aldehyde dehydrogenase	Mitochondrial potassium-activated aldehyde dehydrogenase
2438	enzyme	Glyceraldehyde-3-phosphate dehydrogenase 1	Glyceraldehyde-3-phosphate dehydrogenase 1
2439	enzyme	Hexokinase-1	Hexokinase-1
2440	substrate	glyceraldehyde 3-phosphate	glyceraldehyde 3-phosphate
2441	microbiome	Streptomyces sp. SM01	Streptomyces sp. SM01
2442	enzyme	picolinamycin	picolinamycin
2443	substrate	picolinamide	picolinamide
2444	microbiome	Aspergillus niger NRRL-567	Aspergillus niger NRRL-567
2445	enzyme	filter paper cellulase	filter paper cellulase
2446	enzyme	CisF3H	CisF3H
2447	substrate	kaempferol	kaempferol
2448	substrate	naringenin	naringenin
2449	enzyme	lipase B	lipase B
2450	enzyme	V-ATPase	V-ATPase
2451	microbiome	Paenibacillus sp. TKU042	Paenibacillus sp. TKU042
2452	substrate	tamarind seed powder	tamarind seed powder
2453	substrate	Arg	Arg
2454	substrate	Lys	Lys
2455	substrate	His	His
2456	microbiome	Pseudomonas sp. HK-6	Pseudomonas sp. HK-6
2457	enzyme	PnrB	PnrB
2458	enzyme	His6-PnrB	His6-PnrB
2459	substrate	TNT	TNT
2460	microbiome	Lc. lactis DPC3147	Lc. lactis DPC3147
2461	enzyme	lacticin 3147	lacticin 3147
2462	substrate	Staph. aureus	Staph. aureus
2463	microbiome	Clostridium IV	Clostridium IV
2464	enzyme	caproic acid	caproic acid
2465	microbiome	Lactobacillus	Lactobacillus
2466	microbiome	Cephalosporium acremonium	Cephalosporium acremonium
2467	substrate	methyl oleate	methyl oleate
2468	microbiome	Saccharomyces cerevisiae UFLA CA11	Saccharomyces cerevisiae UFLA CA11
2469	enzyme	asparaginase type I	asparaginase type I
2470	substrate	asparagine	asparagine
2471	substrate	H2O2	H2O2
2472	enzyme	exo-1,3-beta-glucanase	exo-1,3-beta-glucanase
2473	microbiome	Pseudomonas aeruginosa	Pseudomonas aeruginosa
2474	enzyme	rhamnolipid	rhamnolipid
2475	enzyme	EstIM1	EstIM1
2476	substrate	p-nitrophenyl propionate	p-nitrophenyl propionate
2477	substrate	p-nitrophenyl butyrate	p-nitrophenyl butyrate
2478	substrate	p-nitrophenyl valerate	p-nitrophenyl valerate
2479	substrate	p-nitrophenyl hexanoate	p-nitrophenyl hexanoate
2480	substrate	p-nitrophenyl octanoate	p-nitrophenyl octanoate
2481	substrate	p-nitrophenyl decanoate	p-nitrophenyl decanoate
2482	substrate	p-nitrophenyl laurate	p-nitrophenyl laurate
2483	substrate	p-nitrophenyl myristate	p-nitrophenyl myristate
2484	substrate	p-nitrophenyl palmitate	p-nitrophenyl palmitate
2485	substrate	p-nitrophenyl stearate	p-nitrophenyl stearate
2486	microbiome	Eubacterium limosum	Eubacterium limosum
2487	enzyme	formyltetrahydrofolate synthetase	formyltetrahydrofolate synthetase
2488	microbiome	Acetitomaculum ruminis	Acetitomaculum ruminis
2489	enzyme	acetyl-CoA synthase	acetyl-CoA synthase
2490	substrate	hydrogen	hydrogen
2491	substrate	carbon dioxide	carbon dioxide
2492	microbiome	Bacillus sp.	Bacillus sp.
2493	substrate	potato starch	potato starch
2494	substrate	cassava starch	cassava starch
2495	enzyme	ICL	ICL
2496	enzyme	MDH	MDH
2497	enzyme	PCK	PCK
2498	enzyme	ME	ME
2499	substrate	cardiolipin	cardiolipin
2500	enzyme	Act	Act
2501	enzyme	Acl2	Acl2
2502	enzyme	YciA	YciA
2503	substrate	β-alanine	β-alanine
2504	substrate	BA-CoA	BA-CoA
2505	microbiome	Komagataella phaffii	Komagataella phaffii
2506	enzyme	human lysozyme	human lysozyme
2507	enzyme	anti-idiotypic antibody fragment	anti-idiotypic antibody fragment
2508	microbiome	Candida lusitaniae	Candida lusitaniae
2509	enzyme	Fab0	Fab0
2510	enzyme	poly(Phe)-synthesizing enzyme	poly(Phe)-synthesizing enzyme
2511	substrate	FOS	FOS
2512	enzyme	RifA	RifA
2513	enzyme	AHBA	AHBA
2514	enzyme	N-acetyl P8͞1-OG	N-acetyl P8͞1-OG
2515	substrate	2,6-dimethyl-3,5,7-trihydroxy-7-(3-amino-5-hydroxyphenyl)-2,4-heptadienoic acid	2,6-dimethyl-3,5,7-trihydroxy-7-(3-amino-5-hydroxyphenyl)-2,4-heptadienoic acid
2516	substrate	N-acetyl P8͞1-OG	N-acetyl P8͞1-OG
2517	enzyme	papain	papain
2518	enzyme	⊎-glucanase	⊎-glucanase
2519	enzyme	fermentation enzymes	fermentation enzymes
2520	enzyme	erythritol	erythritol
2521	microbiome	Staphylococcus gallinarum	Staphylococcus gallinarum
2522	enzyme	pregallidermin	pregallidermin
2523	enzyme	gallidermin	gallidermin
2524	enzyme	tyramine	tyramine
2525	microbiome	E. coli LY180	E. coli LY180
2526	substrate	hemicellulose sugars	hemicellulose sugars
2527	enzyme	acetaldehyde	acetaldehyde
2528	microbiome	Azotobacter vinelandii	Azotobacter vinelandii
2529	enzyme	IGF-1	IGF-1
2530	enzyme	lactose hydrolase	lactose hydrolase
2531	substrate	p-nitrophenol ß-D-glucopyranoside	p-nitrophenol ß-D-glucopyranoside
2532	microbiome	Yersinia enterocolitica	Yersinia enterocolitica
2533	enzyme	mannitol fermentation enzyme	mannitol fermentation enzyme
2534	microbiome	Cupriavidus necator	Cupriavidus necator
2535	enzyme	WS hydrolysis enzymes	WS hydrolysis enzymes
2536	enzyme	acetohydroxyacid synthase II	acetohydroxyacid synthase II
2537	substrate	dihydroxyacetone phosphate	dihydroxyacetone phosphate
2538	enzyme	NanS-p2-His	NanS-p2-His
2539	enzyme	NanS-p4-His	NanS-p4-His
2540	substrate	Neu5,9Ac2	Neu5,9Ac2
2541	substrate	pentagalloylglucose	pentagalloylglucose
2542	substrate	amylopectin	amylopectin
2543	microbiome	Neurospora crassa	Neurospora crassa
2544	enzyme	L-arabinose reductase	L-arabinose reductase
2545	enzyme	L-ribulokinase	L-ribulokinase
2546	enzyme	L-ribulose-5-P 4-epimerase	L-ribulose-5-P 4-epimerase
2547	substrate	3-hydroxyvalerate	3-hydroxyvalerate
2548	enzyme	α-farnesene synthase	α-farnesene synthase
2549	enzyme	HMG1	HMG1
2550	microbiome	Serratia plymuthica	Serratia plymuthica
2551	enzyme	nuclease	nuclease
2552	microbiome	Serratia sp.	Serratia sp.
2553	enzyme	pectate lyase	pectate lyase
2554	microbiome	Blakeslea trispora	Blakeslea trispora
2555	enzyme	PDC	PDC
2556	enzyme	ADH II	ADH II
2557	microbiome	Staphylococcus	Staphylococcus
2558	enzyme	MetA	MetA
2559	enzyme	MetK	MetK
2560	substrate	S-adenosyl methionine	S-adenosyl methionine
2561	enzyme	L-ketothiolase	L-ketothiolase
2562	enzyme	3-hydroxyacyl-ACP CoA transacylase	3-hydroxyacyl-ACP CoA transacylase
2563	substrate	3-hydroxyalkanoic acid	3-hydroxyalkanoic acid
2564	enzyme	extracellular lipase	extracellular lipase
2565	enzyme	NO dioxygenase	NO dioxygenase
2566	enzyme	flavohemoglobin	flavohemoglobin
2567	substrate	NO	NO
2568	enzyme	Mep2	Mep2
2569	enzyme	Fet3	Fet3
2570	enzyme	Ftr1	Ftr1
2571	enzyme	Fre1	Fre1
2572	enzyme	Ctr1	Ctr1
2573	enzyme	Mac1	Mac1
2574	substrate	iron	iron
2575	substrate	copper	copper
2576	substrate	ferrioxamine B	ferrioxamine B
2577	enzyme	β-glucans	β-glucans
2578	substrate	aflatoxin B1	aflatoxin B1
2579	enzyme	4-a-D-glucan glucohydrolase	4-a-D-glucan glucohydrolase
2580	enzyme	glutathione synthetase	glutathione synthetase
2581	enzyme	γ-glutamylcysteine ligase	γ-glutamylcysteine ligase
2582	substrate	γ-glutamylcysteine	γ-glutamylcysteine
2583	enzyme	dihydrolipoamide dehydrogenase	dihydrolipoamide dehydrogenase
2584	substrate	dihydrolipoamide	dihydrolipoamide
2585	microbiome	Trichoderma orientalis	Trichoderma orientalis
2586	substrate	crude protein	crude protein
2587	enzyme	DHAD	DHAD
2588	substrate	2,3-dihydroxy-isovalerate	2,3-dihydroxy-isovalerate
2589	enzyme	proline oxidase	proline oxidase
2590	enzyme	γ-glutamyl kinase	γ-glutamyl kinase
2591	enzyme	amylomaltase	amylomaltase
2592	substrate	pea starch	pea starch
2593	substrate	kerosene	kerosene
2594	substrate	xylene	xylene
2595	substrate	coconut oil	coconut oil
2596	substrate	sunflower oil	sunflower oil
2597	substrate	hexane	hexane
2598	substrate	heptane	heptane
2599	microbiome	S. cerevisiae DQ1	S. cerevisiae DQ1
2600	enzyme	2 ketoglutarate decarboxylase	2 ketoglutarate decarboxylase
2601	enzyme	dehydrogenase of hydroxy carboxylic acids	dehydrogenase of hydroxy carboxylic acids
2602	substrate	2 ketoglutarate	2 ketoglutarate
2603	substrate	succinate semialdehyde	succinate semialdehyde
2604	microbiome	Lactobacillus manihotiÕorans	Lactobacillus manihotiÕorans
2605	microbiome	Escherichia sp. 12	Escherichia sp. 12
2606	enzyme	deglycosylation enzyme	deglycosylation enzyme
2607	enzyme	acetylation enzyme	acetylation enzyme
2608	microbiome	Escherichia sp. 4	Escherichia sp. 4
2609	microbiome	Enterococcus sp. 30	Enterococcus sp. 30
2610	microbiome	Bacillus sp. 46	Bacillus sp. 46
2611	substrate	isorhamnetin 3-O-glucoside	isorhamnetin 3-O-glucoside
2612	microbiome	Acetobactor	Acetobactor
2613	substrate	cassava pulp	cassava pulp
2614	enzyme	esterified glucomannan	esterified glucomannan
2615	enzyme	OPLlTE	OPLlTE
2616	enzyme	OPEfTE	OPEfTE
2617	enzyme	OPBcTE	OPBcTE
2618	substrate	short-chain fatty acids	short-chain fatty acids
2619	substrate	unsaturated fatty acids	unsaturated fatty acids
2620	substrate	C13-norisoprenoids	C13-norisoprenoids
2621	microbiome	Pichia guilliermondii	Pichia guilliermondii
2622	enzyme	BLA.NH1	BLA.NH1
2623	enzyme	His6-BLA.NH1	His6-BLA.NH1
2624	substrate	phytate	phytate
2625	enzyme	KdcA	KdcA
2626	enzyme	KivD	KivD
2627	substrate	α-ketoisovalerate	α-ketoisovalerate
2628	microbiome	Pseudomonas hibiscicola	Pseudomonas hibiscicola
2629	enzyme	tyrosine phenol lyase	tyrosine phenol lyase
2630	enzyme	TmrA	TmrA
2631	enzyme	HchA	HchA
2632	enzyme	CfrA	CfrA
2633	enzyme	DcrA	DcrA
2634	substrate	chloroform	chloroform
2635	substrate	1,1,2-trichloroethane	1,1,2-trichloroethane
2636	substrate	g-hexachlorocyclohexane	g-hexachlorocyclohexane
2637	substrate	1,1-dichloroethane	1,1-dichloroethane
2638	microbiome	Halomonas sp. SK1	Halomonas sp. SK1
2639	enzyme	oHktA	oHktA
2640	microbiome	Thermus thermophilus	Thermus thermophilus
2641	enzyme	cHktA	cHktA
2642	substrate	dithionite	dithionite
2643	substrate	3-amino-1,2,4-triazole	3-amino-1,2,4-triazole
2644	substrate	NaN3	NaN3
2645	substrate	NH2OH	NH2OH
2646	substrate	KCN	KCN
2647	enzyme	GFP	GFP
2648	microbiome	Staphylococcus xylosus	Staphylococcus xylosus
2649	microbiome	Wangia sp. C52	Wangia sp. C52
2650	enzyme	cold-adapted amylase	cold-adapted amylase
2651	enzyme	D-hydantoinase	D-hydantoinase
2652	substrate	DL-HPH	DL-HPH
2653	enzyme	glycerol-3-phosphatase	glycerol-3-phosphatase
2654	microbiome	Cytospora sp. Ehrenb. W.F.P.L. 13A	Cytospora sp. Ehrenb. W.F.P.L. 13A
2655	enzyme	grahamimycin A	grahamimycin A
2656	substrate	inositol	inositol
2657	enzyme	tryptophan	tryptophan
2658	substrate	raw starch	raw starch
2659	enzyme	BaPul13A	BaPul13A
2660	substrate	ethyl caprylate	ethyl caprylate
2661	enzyme	β-cyclodextrin glycosyltransferase	β-cyclodextrin glycosyltransferase
2662	enzyme	α-CGTase	α-CGTase
2663	enzyme	NADPH-dependent aldehyde reductase	NADPH-dependent aldehyde reductase
2664	enzyme	galactose-1-phosphate uridylyltransferase	galactose-1-phosphate uridylyltransferase
2665	enzyme	UDP-glucose 4-epimerase	UDP-glucose 4-epimerase
2666	substrate	α-d-galactose	α-d-galactose
2667	substrate	galactose 1-phosphate	galactose 1-phosphate
2668	enzyme	NADH dehydrogenase II	NADH dehydrogenase II
2669	enzyme	cytochrome d oxidase	cytochrome d oxidase
2670	enzyme	Ni-Fe hydrogenase 1	Ni-Fe hydrogenase 1
2671	enzyme	Ni-Fe hydrogenase 2	Ni-Fe hydrogenase 2
2672	substrate	oxygen	oxygen
2673	microbiome	Lactobacillus sakei	Lactobacillus sakei
2674	enzyme	adenosine deaminase	adenosine deaminase
2675	substrate	inosine	inosine
2676	enzyme	PI hexokinase	PI hexokinase
2677	enzyme	PII hexokinase	PII hexokinase
2678	substrate	organophosphorus	organophosphorus
2679	substrate	superoxide	superoxide
2680	microbiome	Lactobacillus E14	Lactobacillus E14
2681	microbiome	Saccharomyces cerevisiae MK-157	Saccharomyces cerevisiae MK-157
2682	substrate	2-ketoglutarate	2-ketoglutarate
2683	enzyme	HSP78	HSP78
2684	enzyme	HSP26	HSP26
2685	enzyme	HSP30	HSP30
2686	enzyme	glyoxalase I	glyoxalase I
2687	enzyme	leadless acyl-CoA thioesterase	leadless acyl-CoA thioesterase
2688	enzyme	fatty acid hydroxylase	fatty acid hydroxylase
2689	substrate	free fatty acids	free fatty acids
2690	microbiome	Streptomyces sp. MF374-C4	Streptomyces sp. MF374-C4
2691	enzyme	amino acid-RNA ligase	amino acid-RNA ligase
2692	microbiome	Erwinia sp. D12	Erwinia sp. D12
2693	enzyme	glycerol 3-phosphatase	glycerol 3-phosphatase
2694	microbiome	Streptomyces chartreusis	Streptomyces chartreusis
2695	enzyme	hydroheptin	hydroheptin
2696	enzyme	chartreusin	chartreusin
2697	enzyme	PgCYP2	PgCYP2
2698	enzyme	PnCYP2	PnCYP2
2699	enzyme	synPgCYP2	synPgCYP2
2700	enzyme	synPnCYP2	synPnCYP2
2701	enzyme	PgUGT71A53	PgUGT71A53
2702	enzyme	PgUGT71A54	PgUGT71A54
2703	enzyme	PgUGT94Q13	PgUGT94Q13
2704	substrate	PPD	PPD
2705	substrate	PPT	PPT
2706	substrate	Rg1	Rg1
2707	enzyme	alkaline endoglucanase	alkaline endoglucanase
2708	enzyme	alkaline cellobiohydrolase	alkaline cellobiohydrolase
2709	microbiome	Streptomyces sp. RA-WS2	Streptomyces sp. RA-WS2
2710	enzyme	setomimycin	setomimycin
2711	substrate	soyabean meal	soyabean meal
2712	microbiome	Scheffersomyces stipitis	Scheffersomyces stipitis
2713	enzyme	trypanocidal metabolites	trypanocidal metabolites
2714	microbiome	Rhodopseudomonas BHU 01	Rhodopseudomonas BHU 01
2715	enzyme	acetylating acetaldehyde dehydrogenase	acetylating acetaldehyde dehydrogenase
2716	substrate	butyryl-CoA	butyryl-CoA
2717	microbiome	P. quadriseptata	P. quadriseptata
2718	enzyme	monocillin I	monocillin I
2719	substrate	monocillin I	monocillin I
2720	enzyme	TCA cycle enzymes	TCA cycle enzymes
2721	enzyme	penicillin acylase	penicillin acylase
2722	substrate	2-nitro-5-[(phenylacetyl)amino]benzoic acid	2-nitro-5-[(phenylacetyl)amino]benzoic acid
2723	substrate	6-aminopenicillanic acid	6-aminopenicillanic acid
2724	enzyme	siroheme NADH-nitrite reductase	siroheme NADH-nitrite reductase
2725	substrate	N-acetyl-glucosamine	N-acetyl-glucosamine
2726	microbiome	Limosilactobacillus fermentum	Limosilactobacillus fermentum
2727	enzyme	ACE	ACE
2728	substrate	angiotensin I	angiotensin I
2729	substrate	bradykinin	bradykinin
2730	substrate	polyphenol	polyphenol
2731	microbiome	Penicillium janthinellum	Penicillium janthinellum
2732	microbiome	T. viride	T. viride
2733	microbiome	G. Lucidum	G. Lucidum
2734	enzyme	chitin deacetylase	chitin deacetylase
2735	substrate	glycol chitin	glycol chitin
2736	substrate	ethylene glycol chitin	ethylene glycol chitin
2737	substrate	H2S	H2S
2738	enzyme	a-farnesene synthase	a-farnesene synthase
2739	enzyme	b-farnesene synthase	b-farnesene synthase
2740	enzyme	santalene synthase	santalene synthase
2741	enzyme	scFvM	scFvM
2742	substrate	scFvM	scFvM
2743	microbiome	Penicillium bilaii	Penicillium bilaii
2744	enzyme	gliotoxin	gliotoxin
2745	microbiome	Bacillus pumilus	Bacillus pumilus
2746	enzyme	α-L-arabinosidase	α-L-arabinosidase
2747	substrate	p-nitrophenyl α-L-arabinofuranoside	p-nitrophenyl α-L-arabinofuranoside
2748	enzyme	VHb	VHb
2749	enzyme	PhaCAB	PhaCAB
2750	substrate	polyhydroxybutyrate	polyhydroxybutyrate
2751	enzyme	benzaldehyde lyase	benzaldehyde lyase
2752	enzyme	EN J1	EN J1
2753	enzyme	EN J3	EN J3
2754	substrate	N-methyl isoleucine	N-methyl isoleucine
2755	microbiome	Trametes versicolor	Trametes versicolor
2756	enzyme	b-cellobiohydrolase	b-cellobiohydrolase
2757	substrate	a-cellulose	a-cellulose
2758	enzyme	YicI	YicI
2759	substrate	xylosyl fluoride	xylosyl fluoride
2760	substrate	isoprimeverose	isoprimeverose
2761	substrate	xyloside	xyloside
2762	enzyme	arabinofuranosidase	arabinofuranosidase
2763	enzyme	13-Xylosidase	13-Xylosidase
2764	microbiome	S. cereVisiae	S. cereVisiae
2765	enzyme	cinnamate carboxy-lyase	cinnamate carboxy-lyase
2766	microbiome	Monascus pilosus	Monascus pilosus
2767	enzyme	cyclooxygenase-2	cyclooxygenase-2
2768	enzyme	inducible nitric oxide synthase	inducible nitric oxide synthase
2769	substrate	prostaglandin E2	prostaglandin E2
2770	substrate	nitric oxide	nitric oxide
2771	enzyme	cortisol	cortisol
2772	enzyme	serum amyloid A	serum amyloid A
2773	substrate	cortisol	cortisol
2774	substrate	serum amyloid A	serum amyloid A
2775	microbiome	Streptomyces rugosporus	Streptomyces rugosporus
2776	enzyme	pyrroindomycin	pyrroindomycin
2777	microbiome	Gluconobacter oxydans	Gluconobacter oxydans
2778	enzyme	Accellerase® 1500	Accellerase® 1500
2779	enzyme	alcohol oxidase	alcohol oxidase
2780	enzyme	DCCD-sensitive ATPase	DCCD-sensitive ATPase
2781	enzyme	UcpA	UcpA
2782	enzyme	GroESL	GroESL
2783	microbiome	Escherichia coli | N16	Escherichia coli | N16
2784	enzyme	peptide antibiotics	peptide antibiotics
2785	enzyme	anti-Botrytis antibiotics	anti-Botrytis antibiotics
2786	substrate	Alternaria brassicicola	Alternaria brassicicola
2787	substrate	Botrytis cinerea	Botrytis cinerea
2788	enzyme	collagen prolyl 4-hydroxylase	collagen prolyl 4-hydroxylase
2789	substrate	collagen	collagen
2790	substrate	cassava powder hydrolysate	cassava powder hydrolysate
2791	enzyme	glutamyl-tRNA reductase	glutamyl-tRNA reductase
2792	enzyme	hydroxymethylbilane synthase	hydroxymethylbilane synthase
2793	enzyme	urogen III synthase	urogen III synthase
2794	enzyme	porphobilinogen synthase	porphobilinogen synthase
2795	enzyme	uroporphyrinogen methyltransferase	uroporphyrinogen methyltransferase
2796	enzyme	heme monooxygenase	heme monooxygenase
2797	substrate	ALA	ALA
2798	substrate	urogen III	urogen III
2799	substrate	heme	heme
2800	microbiome	Streptomyces sp. 17944	Streptomyces sp. 17944
2801	enzyme	TAM hybrid polyketide synthase	TAM hybrid polyketide synthase
2802	enzyme	nonribosomal peptide synthase	nonribosomal peptide synthase
2803	enzyme	TamI P-450 oxygenase	TamI P-450 oxygenase
2804	substrate	tirandamycin B	tirandamycin B
2805	microbiome	Trametes sp. AH28-2	Trametes sp. AH28-2
2806	substrate	guaiacol	guaiacol
2807	microbiome	Carnobacterium piscicola	Carnobacterium piscicola
2808	microbiome	Trichoderma atroviride	Trichoderma atroviride
2809	enzyme	6PP	6PP
2810	enzyme	OmpW-GFP	OmpW-GFP
2811	substrate	GFP	GFP
2812	enzyme	phosphotransferase	phosphotransferase
2813	enzyme	AmpH	AmpH
2814	substrate	tetrapentapeptide	tetrapentapeptide
2815	substrate	tetratetrapeptide	tetratetrapeptide
2816	substrate	nitrocefin	nitrocefin
2817	enzyme	trehalose-6-phosphate synthase	trehalose-6-phosphate synthase
2818	enzyme	neutral trehalase	neutral trehalase
2819	enzyme	nitrogenase	nitrogenase
2820	enzyme	Ydr541cp	Ydr541cp
2821	enzyme	Ygl039wp	Ygl039wp
2822	substrate	butylaldehyde	butylaldehyde
2823	enzyme	phosphoenolpyruvate-dependent glucose-specific phosphotransferase system	phosphoenolpyruvate-dependent glucose-specific phosphotransferase system
2824	enzyme	Viscozyme L	Viscozyme L
2825	enzyme	Hxt1	Hxt1
2826	enzyme	Hxt2	Hxt2
2827	enzyme	Hxt6	Hxt6
2828	enzyme	fructose-6-phosphate phosphoketolase	fructose-6-phosphate phosphoketolase
2829	enzyme	human-like collagen II	human-like collagen II
2830	enzyme	β-D-glucosidase	β-D-glucosidase
2831	enzyme	xylosidase	xylosidase
2832	substrate	p-nitrophenyl-β-D-xylopyranoside	p-nitrophenyl-β-D-xylopyranoside
2833	enzyme	quinoprotein glucose dehydrogenase	quinoprotein glucose dehydrogenase
2834	enzyme	ECGDH1	ECGDH1
2835	enzyme	ECGDH2	ECGDH2
2836	enzyme	PTGDH	PTGDH
2837	enzyme	γ-glutamyltranspeptidase	γ-glutamyltranspeptidase
2838	substrate	γ-Glu-Val-Gly	γ-Glu-Val-Gly
2839	enzyme	secretory acid phosphatases	secretory acid phosphatases
2840	enzyme	Pho5p	Pho5p
2841	substrate	inositol hexaphosphate	inositol hexaphosphate
2842	microbiome	Actinoplanes teichomyceticus	Actinoplanes teichomyceticus
2843	enzyme	teicoplanin	teicoplanin
2844	substrate	teicoplanin	teicoplanin
2845	enzyme	PGA synthetase complex	PGA synthetase complex
2846	enzyme	glutamine-2-oxoglutarate aminotransferase	glutamine-2-oxoglutarate aminotransferase
2847	enzyme	alanine racemase	alanine racemase
2848	enzyme	D-amino acid aminotransferase	D-amino acid aminotransferase
2849	substrate	-ketoglutaric acid	-ketoglutaric acid
2850	substrate	L-alanine	L-alanine
2851	enzyme	ADH	ADH
2852	enzyme	ACS	ACS
2853	substrate	isocitric acid	isocitric acid
2854	enzyme	alkane hydroxylase	alkane hydroxylase
2855	substrate	hydrocarbon	hydrocarbon
2856	microbiome	Pseudonocardia carboxydivorans	Pseudonocardia carboxydivorans
2857	substrate	lignosulfonates	lignosulfonates
2858	enzyme	HPO	HPO
2859	enzyme	AtCPR	AtCPR
2860	substrate	(+)-valencene	(+)-valencene
2861	enzyme	D-galacturonate reductase	D-galacturonate reductase
2862	substrate	D-galacturonic acid	D-galacturonic acid
2863	enzyme	EIIGic	EIIGic
2864	enzyme	EIIMan	EIIMan
2865	enzyme	EI	EI
2866	enzyme	HPr	HPr
2867	enzyme	folylpolyglutamate synthetase	folylpolyglutamate synthetase
2868	substrate	folate	folate
2869	enzyme	L1 protein	L1 protein
2870	microbiome	Vibrio sp. C42	Vibrio sp. C42
2871	enzyme	AlyC7	AlyC7
2872	substrate	sodium alginate	sodium alginate
2873	substrate	PM	PM
2874	substrate	PG	PG
2875	substrate	PMG	PMG
2876	enzyme	Xyn2	Xyn2
2877	enzyme	XM1	XM1
2878	enzyme	XM2	XM2
2879	substrate	hemicelluloses	hemicelluloses
2880	enzyme	formate dehydrogenase 1	formate dehydrogenase 1
2881	enzyme	pyruvate carboxy kinase	pyruvate carboxy kinase
2882	enzyme	PhaP	PhaP
2883	enzyme	ribulose-1,5-bisphosphate carboxylase	ribulose-1,5-bisphosphate carboxylase
2884	enzyme	phosphoribulokinase	phosphoribulokinase
2885	substrate	ribulose-5-phosphate	ribulose-5-phosphate
2886	microbiome	Streptomyces sp. BV410	Streptomyces sp. BV410
2887	enzyme	staurosporine	staurosporine
2888	enzyme	type 1 pili	type 1 pili
2889	enzyme	curli	curli
2890	enzyme	aerobactin	aerobactin
2891	enzyme	D1.3 anti-lysozyme Fab	D1.3 anti-lysozyme Fab
2892	enzyme	guanosine-inosine kinase	guanosine-inosine kinase
2893	enzyme	GMP reductase	GMP reductase
2894	substrate	GMP	GMP
2895	enzyme	ethyl caprylate	ethyl caprylate
2896	enzyme	ethyl caproate	ethyl caproate
2897	enzyme	diethyl succinate	diethyl succinate
2898	enzyme	ethyl propionate	ethyl propionate
2899	enzyme	hexyl acetate	hexyl acetate
2900	enzyme	phenethyl acetate	phenethyl acetate
2901	enzyme	decyl alcohol	decyl alcohol
2902	enzyme	2,4-di-tertbutyl phenol	2,4-di-tertbutyl phenol
2903	microbiome	Bacillus halodurans	Bacillus halodurans
2904	enzyme	putrescine:2-oxoglutaric acid aminotransferase	putrescine:2-oxoglutaric acid aminotransferase
2905	substrate	putrescine	putrescine
2906	substrate	2-oxoglutaric acid	2-oxoglutaric acid
2907	enzyme	fengycin	fengycin
2908	enzyme	bacillibactin	bacillibactin
2909	enzyme	bacilysin	bacilysin
2910	enzyme	bacillaene	bacillaene
2911	microbiome	Aspergillus terreus UV 1718	Aspergillus terreus UV 1718
2912	microbiome	Aspergillus terreus ATCC 20542	Aspergillus terreus ATCC 20542
2913	substrate	lipopolysaccharide	lipopolysaccharide
2914	enzyme	cellobiose 2-epimerase	cellobiose 2-epimerase
2915	microbiome	Cladosporium sphaerospermum	Cladosporium sphaerospermum
2916	enzyme	PKS	PKS
2917	enzyme	hIFNg	hIFNg
2918	microbiome	Bacillus cereus ZH14	Bacillus cereus ZH14
2919	enzyme	ribonuclease	ribonuclease
2920	substrate	MgSO4·7H2O	MgSO4·7H2O
2921	substrate	KNO3	KNO3
2922	enzyme	galactose dehydrogenase	galactose dehydrogenase
2923	enzyme	GCS	GCS
2924	enzyme	GS	GS
2925	enzyme	L-(+)-lactic acid	L-(+)-lactic acid
2926	microbiome	Fusarium verticillioides	Fusarium verticillioides
2927	enzyme	fumonisin B1	fumonisin B1
2928	enzyme	fumonisin B2	fumonisin B2
2929	substrate	corn	corn
2930	substrate	malt extract	malt extract
2931	microbiome	Aspergillus fumigatus ABK9	Aspergillus fumigatus ABK9
2932	microbiome	Trichoderma reesei SAP3	Trichoderma reesei SAP3
2933	enzyme	caffeic acid O-methyltransferase	caffeic acid O-methyltransferase
2934	enzyme	serotonin N-acetyltransferase	serotonin N-acetyltransferase
2935	substrate	serotonin	serotonin
2936	enzyme	ALA dehydratase	ALA dehydratase
2937	substrate	5-aminolevulinic acid	5-aminolevulinic acid
2938	substrate	levulinic acid	levulinic acid
2939	substrate	l-malic acid	l-malic acid
2940	enzyme	pantothenate-β-alanine ligase	pantothenate-β-alanine ligase
2941	enzyme	ethanolamine kinase	ethanolamine kinase
2942	enzyme	phosphatidic acid phosphatase	phosphatidic acid phosphatase
2943	enzyme	C-5 sterol desaturase	C-5 sterol desaturase
2944	substrate	pantothenate	pantothenate
2945	substrate	ethanolamine	ethanolamine
2946	substrate	phosphatidic acid	phosphatidic acid
2947	enzyme	α-1,3-fucosyltransferase	α-1,3-fucosyltransferase
2948	enzyme	FucT	FucT
2949	enzyme	FutB	FutB
2950	enzyme	Fra1	Fra1
2951	microbiome	Thermococcus strain ES-1	Thermococcus strain ES-1
2952	enzyme	formate benzyl viologen oxidoreductase	formate benzyl viologen oxidoreductase
2953	substrate	phenylacetaldehyde	phenylacetaldehyde
2954	enzyme	CYP88D6	CYP88D6
2955	enzyme	CYP72A154	CYP72A154
2956	enzyme	NADPH-cytochrome P450 reductase	NADPH-cytochrome P450 reductase
2957	enzyme	GuCYB5	GuCYB5
2958	enzyme	ERG20	ERG20
2959	enzyme	ERG1	ERG1
2960	enzyme	ERG8	ERG8
2961	enzyme	ERG19	ERG19
2962	substrate	glycyrrhizin	glycyrrhizin
2963	substrate	β-amylase	β-amylase
2964	substrate	phosphomevalonate	phosphomevalonate
2965	substrate	hydroxymethylglutaryl-CoA	hydroxymethylglutaryl-CoA
2966	substrate	mevalonate	mevalonate
2967	substrate	diphosphomevalonate	diphosphomevalonate
2968	substrate	skim milk	skim milk
2969	enzyme	serine threonine phosphatase	serine threonine phosphatase
2970	substrate	D-fructose	D-fructose
2971	enzyme	exo-polymer	exo-polymer
2972	substrate	corn steep powder	corn steep powder
2973	enzyme	Pol5	Pol5
2974	microbiome	Orpinomyces sp. GMLF18	Orpinomyces sp. GMLF18
2975	enzyme	β-(1,3-1,4)-glucanase	β-(1,3-1,4)-glucanase
2976	substrate	lichenan	lichenan
2977	enzyme	cell-wall degrading enzymes	cell-wall degrading enzymes
2978	enzyme	carbohydrate esterases	carbohydrate esterases
2979	enzyme	polysaccharide lyases	polysaccharide lyases
2980	enzyme	auxiliary activities	auxiliary activities
2981	enzyme	maltose acetyltransferase	maltose acetyltransferase
2982	enzyme	MAT-E125N	MAT-E125N
2983	substrate	puerarin	puerarin
2984	substrate	cytochrome c	cytochrome c
2985	substrate	2,6-dichloroindophenol	2,6-dichloroindophenol
2986	substrate	1,4-benzoquinone	1,4-benzoquinone
2987	enzyme	YahK	YahK
2988	enzyme	YjgB	YjgB
2989	enzyme	YqhD	YqhD
2990	substrate	butyraldehyde	butyraldehyde
2991	enzyme	biotin carboxylase	biotin carboxylase
2992	enzyme	carboxyltransferase	carboxyltransferase
2993	enzyme	acetate kinase-phosphotransacetylase	acetate kinase-phosphotransacetylase
2994	substrate	glyoxylate	glyoxylate
2995	substrate	galacturonic acid	galacturonic acid
2996	substrate	glycoside isoflavones	glycoside isoflavones
2997	substrate	superoxide radicals	superoxide radicals
2998	enzyme	amidase	amidase
2999	substrate	acetamide	acetamide
3000	enzyme	esterase YP 004875.1	esterase YP 004875.1
3001	microbiome	Pseudomonas oleovorans	Pseudomonas oleovorans
3002	enzyme	L1 lipase	L1 lipase
3003	enzyme	dihydroxyacetone reductase	dihydroxyacetone reductase
3004	substrate	2-pentanol	2-pentanol
3005	substrate	2-pentanone	2-pentanone
3006	enzyme	swollenin	swollenin
3007	enzyme	decarboxylase	decarboxylase
3008	substrate	tyramine	tyramine
3009	enzyme	barley α-amylase isozyme 1	barley α-amylase isozyme 1
3010	substrate	oligosaccharides	oligosaccharides
3011	microbiome	Pleurotus florida	Pleurotus florida
3012	enzyme	phosphoglycerate mutase	phosphoglycerate mutase
3013	enzyme	Sortase A	Sortase A
3014	substrate	Dabcyl-QALPET-GEE-Edans	Dabcyl-QALPET-GEE-Edans
3015	substrate	a-acetolactate	a-acetolactate
3016	substrate	cellulosic material	cellulosic material
3017	enzyme	c-type cytochromes	c-type cytochromes
3018	enzyme	MtrA	MtrA
3019	enzyme	STC	STC
3020	substrate	methylene blue	methylene blue
3021	enzyme	aryl-alcohol oxidase	aryl-alcohol oxidase
3022	substrate	veratryl alcohol	veratryl alcohol
3023	substrate	p-methoxybenzyl alcohol	p-methoxybenzyl alcohol
3024	substrate	2,4-hexadien-1-ol	2,4-hexadien-1-ol
3025	enzyme	toluene dioxygenase	toluene dioxygenase
3026	substrate	bromobenzene	bromobenzene
3027	enzyme	Cad	Cad
3028	substrate	pyridoxal 50-phosphate	pyridoxal 50-phosphate
3029	microbiome	Blautia faecis	Blautia faecis
3030	microbiome	Lactiplantibacillus plantarum 299V	Lactiplantibacillus plantarum 299V
3031	microbiome	Saccharomyces boulardii CNCM I-745	Saccharomyces boulardii CNCM I-745
3032	substrate	glucosides	glucosides
3033	enzyme	fibrinolytic enzyme	fibrinolytic enzyme
3034	substrate	monosodium glutamate	monosodium glutamate
3035	enzyme	nonpolyenic macrolide complex AK-111-81	nonpolyenic macrolide complex AK-111-81
3036	enzyme	Succinyl-CoA synthetase alpha chain	Succinyl-CoA synthetase alpha chain
3037	enzyme	succinyl-diaminopimelate desuccinylase	succinyl-diaminopimelate desuccinylase
3038	enzyme	dihydro-dipicolinate reductase	dihydro-dipicolinate reductase
3039	enzyme	phosphoribosylformimino-5-aminoimidazole carboxamide ribotide isomerase	phosphoribosylformimino-5-aminoimidazole carboxamide ribotide isomerase
3040	enzyme	imidazole glycerol phosphate synthase	imidazole glycerol phosphate synthase
3041	enzyme	histidinol-phosphate aminotransferase	histidinol-phosphate aminotransferase
3042	enzyme	peptidyl-prolyl cis-trans isomerase	peptidyl-prolyl cis-trans isomerase
3043	enzyme	flagellar assembly protein	flagellar assembly protein
3044	enzyme	flagellar motor switch protein	flagellar motor switch protein
3045	enzyme	ATP synthase alpha chain	ATP synthase alpha chain
3046	enzyme	S-ribosylhomocysteinase	S-ribosylhomocysteinase
3047	substrate	N-succinyl-LL-2,6-diaminoheptanedioate	N-succinyl-LL-2,6-diaminoheptanedioate
3048	substrate	alcohols	alcohols
3049	microbiome	Escherichia coli | TM1	Escherichia coli | TM1
3050	microbiome	Escherichia coli | D-TM1	Escherichia coli | D-TM1
3051	microbiome	Pichia thermomethanolica BCC16875	Pichia thermomethanolica BCC16875
3052	substrate	N-glycans	N-glycans
3053	substrate	mannoproteins	mannoproteins
3054	enzyme	ACE inhibitory enzyme	ACE inhibitory enzyme
3055	microbiome	Arthrobacter aurescens	Arthrobacter aurescens
3056	enzyme	hydantoinase	hydantoinase
3057	enzyme	carbamoylase	carbamoylase
3058	substrate	D,L-IMH	D,L-IMH
3059	substrate	N-CTrp	N-CTrp
3060	enzyme	RoPYC	RoPYC
3061	enzyme	RoPYCP474N	RoPYCP474N
3062	microbiome	Staphylococcus spp.	Staphylococcus spp.
3063	enzyme	lysostaphin	lysostaphin
3064	substrate	erythromycin	erythromycin
3065	enzyme	poly(3-hydroxydecanoate)	poly(3-hydroxydecanoate)
3066	enzyme	poly(3-hydroxyoctanoate-co-3-hydroxydecanoate)	poly(3-hydroxyoctanoate-co-3-hydroxydecanoate)
3067	enzyme	poly(3-hydroxyoctanoate-co-3-hydroxy-10-azidodecanoate)	poly(3-hydroxyoctanoate-co-3-hydroxy-10-azidodecanoate)
3068	substrate	decanoic acid	decanoic acid
3069	microbiome	Lactiplantibacillus casei	Lactiplantibacillus casei
3070	enzyme	GK	GK
3071	enzyme	INY	INY
3072	enzyme	PFK	PFK
3073	enzyme	SeKT	SeKT
3074	microbiome	Saccharomyces eubayanus | SeKT	Saccharomyces eubayanus | SeKT
3075	enzyme	cysteine desulfidase	cysteine desulfidase
3076	substrate	nonylphenol	nonylphenol
3077	substrate	2,4,5-trichlorophenol	2,4,5-trichlorophenol
3078	substrate	oxytetracycline	oxytetracycline
3079	microbiome	C. p.~spali	C. p.~spali
3080	enzyme	aikalol(is	aikalol(is
3081	enzyme	acetate ester synthase	acetate ester synthase
3082	substrate	phenylethyl acetate	phenylethyl acetate
3083	enzyme	D(-)-lactate dehydrogenase	D(-)-lactate dehydrogenase
3084	microbiome	Erwinia carotovora	Erwinia carotovora
3085	enzyme	ARO10	ARO10
3086	microbiome	Saccharomyces cerevisiae | ARO10	Saccharomyces cerevisiae | ARO10
3087	microbiome	Saccharomyces cerevisiae | ARO9	Saccharomyces cerevisiae | ARO9
3088	enzyme	ARO9	ARO9
3089	substrate	n-propanol	n-propanol
3090	substrate	2-methylbutanol	2-methylbutanol
3091	enzyme	D-ribulose-5-phosphate 3-epimerase	D-ribulose-5-phosphate 3-epimerase
3092	enzyme	Tkl1p	Tkl1p
3093	enzyme	M-βGal	M-βGal
3094	substrate	ONPG	ONPG
3095	substrate	1,3-β-D-galactosyl-D-glucose	1,3-β-D-galactosyl-D-glucose
3096	substrate	allolactose	allolactose
3097	enzyme	1,3-propanediol oxidoreductase	1,3-propanediol oxidoreductase
3098	substrate	1,3-propanediol	1,3-propanediol
3099	enzyme	polyketide-synthase	polyketide-synthase
3100	enzyme	PKS 73618	PKS 73618
3101	enzyme	PKS 73621	PKS 73621
3102	enzyme	AM 73623	AM 73623
3103	enzyme	TF 102497	TF 102497
3104	enzyme	MFS 43701	MFS 43701
3105	enzyme	AM 73631	AM 73631
3106	enzyme	PKS 82208	PKS 82208
3107	enzyme	calreticulin-N58	calreticulin-N58
3108	microbiome	Streptomyces lincolnensis	Streptomyces lincolnensis
3109	enzyme	lincomycin	lincomycin
3110	substrate	ammonium chloride	ammonium chloride
3111	enzyme	SWO1	SWO1
3112	substrate	kraft lignin	kraft lignin
3113	substrate	Avicel PH-101	Avicel PH-101
3114	substrate	ppGpp	ppGpp
3115	enzyme	tricarboxylicacid-cycle enzymes	tricarboxylicacid-cycle enzymes
3116	substrate	butanol	butanol
3117	substrate	p-nitrophenyl caprylate	p-nitrophenyl caprylate
3118	enzyme	l-DOPA-specific decarboxylase	l-DOPA-specific decarboxylase
3119	substrate	l-tyrosine	l-tyrosine
3120	substrate	l-DOPA	l-DOPA
3121	enzyme	trypsin-like	trypsin-like
3122	enzyme	chymotrypsin-like	chymotrypsin-like
3123	enzyme	caspase-like	caspase-like
3124	substrate	AMC	AMC
3125	enzyme	cellobiohydrolase CBH1	cellobiohydrolase CBH1
3126	enzyme	cellobiohydrolase CBH2	cellobiohydrolase CBH2
3127	enzyme	endoglucanase Cel61b	endoglucanase Cel61b
3128	enzyme	xylanase2	xylanase2
3129	enzyme	beta-xylosidase Bxl1	beta-xylosidase Bxl1
3130	enzyme	acetyl xylan esterase Axe1	acetyl xylan esterase Axe1
3131	enzyme	cellulose-binding protein	cellulose-binding protein
3132	enzyme	endo-beta-1,4-xylanase	endo-beta-1,4-xylanase
3133	enzyme	beta-glucuronidase	beta-glucuronidase
3134	enzyme	alpha-1,2-mannosidase	alpha-1,2-mannosidase
3135	substrate	polygalacturon	polygalacturon
3136	substrate	beta-glucuronide	beta-glucuronide
3137	enzyme	glycerol-3-phosphatase dehydrogenase	glycerol-3-phosphatase dehydrogenase
3138	enzyme	c-glutamylcysteine synthetase	c-glutamylcysteine synthetase
3139	enzyme	BlNagZ	BlNagZ
3140	substrate	pNP-β-D-GlcNAc	pNP-β-D-GlcNAc
3141	enzyme	RibB	RibB
3142	enzyme	Zwf	Zwf
3143	enzyme	Pyk	Pyk
3144	enzyme	Pfk	Pfk
3145	enzyme	Acs	Acs
3146	enzyme	CS	CS
3147	enzyme	TCA	TCA
3148	enzyme	Mez	Mez
3149	enzyme	Xylk	Xylk
3150	enzyme	Xyli	Xyli
3151	enzyme	Icl	Icl
3152	enzyme	MS	MS
3153	enzyme	Pps	Pps
3154	substrate	FDP	FDP
3155	substrate	PEP	PEP
3156	substrate	GF6P	GF6P
3157	substrate	Acs	Acs
3158	substrate	CIT	CIT
3159	substrate	PYR	PYR
3160	substrate	ACE	ACE
3161	substrate	MS	MS
3162	microbiome	Clostridium papyrosolvens	Clostridium papyrosolvens
3163	enzyme	Fe-Fe hydrogenase	Fe-Fe hydrogenase
3164	microbiome	Halothermothrix orenii	Halothermothrix orenii
3165	enzyme	KlFAD2	KlFAD2
3166	enzyme	KlFAD3	KlFAD3
3167	substrate	α-linolenic acid	α-linolenic acid
3168	microbiome	Saccharomyces kudriavzevii	Saccharomyces kudriavzevii
3169	enzyme	2-phenylethanol	2-phenylethanol
3170	enzyme	active amyl alcohol	active amyl alcohol
3171	enzyme	amyl acetate	amyl acetate
3172	enzyme	formate hydrogen lyase	formate hydrogen lyase
3173	microbiome	Starmerella bacillaris	Starmerella bacillaris
3174	microbiome	Streptococcus thermophilus	Streptococcus thermophilus
3175	enzyme	heat shock protein	heat shock protein
3176	enzyme	trehalose-6-phosphate phosphatase	trehalose-6-phosphate phosphatase
3177	enzyme	Cu/Zn superoxide dismutase	Cu/Zn superoxide dismutase
3178	enzyme	β-1,3-glucanase	β-1,3-glucanase
3179	enzyme	β-1,3-glucan laminaripentaohydrolase	β-1,3-glucan laminaripentaohydrolase
3180	substrate	NIPAB	NIPAB
3181	enzyme	diphtheria toxin	diphtheria toxin
3182	enzyme	diphtheria toxin fragment B	diphtheria toxin fragment B
3183	substrate	diphtheria toxin	diphtheria toxin
3184	substrate	diphtheria toxin fragment B	diphtheria toxin fragment B
3185	microbiome	Hansenula polymorpha	Hansenula polymorpha
3186	enzyme	toxin A	toxin A
3187	enzyme	toxin B	toxin B
3188	microbiome	Lacticaseibacillus casei	Lacticaseibacillus casei
3189	microbiome	Lacticaseibacillus rhamnosus	Lacticaseibacillus rhamnosus
3190	enzyme	alamethicin synthase	alamethicin synthase
3191	enzyme	orsellinic acid synthase	orsellinic acid synthase
3192	enzyme	cinnamic acid 4-hydroxylase	cinnamic acid 4-hydroxylase
3193	enzyme	stilbene synthase	stilbene synthase
3194	enzyme	glucan 1,4-alpha-glucosidase	glucan 1,4-alpha-glucosidase
3195	enzyme	rBimA	rBimA
3196	enzyme	iturin A	iturin A
3197	microbiome	Candida shehatae	Candida shehatae
3198	enzyme	cytochrome c reductase	cytochrome c reductase
3199	enzyme	dehydrogenase	dehydrogenase
3200	enzyme	amorpha-4,11-diene synthase	amorpha-4,11-diene synthase
3201	substrate	FPP	FPP
3202	microbiome	Trichoderma reesei U3	Trichoderma reesei U3
3203	microbiome	B. coagulans	B. coagulans
3204	enzyme	Pgk1	Pgk1
3205	enzyme	SMT3	SMT3
3206	enzyme	SLX5	SLX5
3207	enzyme	SLX8	SLX8
3208	enzyme	UBC9	UBC9
3209	microbiome	Bacillus megaterium	Bacillus megaterium
3210	substrate	caproic acid	caproic acid
3211	substrate	propionic acid	propionic acid
3212	substrate	iso-butyric acid	iso-butyric acid
3213	substrate	valeric acid	valeric acid
3214	enzyme	GlpK	GlpK
3215	enzyme	PntAB	PntAB
3216	enzyme	HMG-CoA synthase	HMG-CoA synthase
3217	enzyme	Eph1	Eph1
3218	substrate	1,2-epoxyhexane	1,2-epoxyhexane
3219	substrate	1-oxaspiro[2.5]octane-2-carbonitrile	1-oxaspiro[2.5]octane-2-carbonitrile
3220	enzyme	ADH6	ADH6
3221	enzyme	ADH7	ADH7
3222	enzyme	SFA1	SFA1
3223	substrate	5-hydroxymethyl furfural	5-hydroxymethyl furfural
3224	enzyme	fatty acyl-CoA/ACP reductase	fatty acyl-CoA/ACP reductase
3225	enzyme	AdhP	AdhP
3226	substrate	fatty acyl-CoAs	fatty acyl-CoAs
3227	substrate	fatty acyl-ACPs	fatty acyl-ACPs
3228	substrate	hexadecanal	hexadecanal
3229	microbiome	Rhizopus delemar	Rhizopus delemar
3230	enzyme	Ilv5	Ilv5
3231	enzyme	Aro10	Aro10
3232	substrate	2-acetolactate	2-acetolactate
3233	substrate	isobutyraldehyde	isobutyraldehyde
3234	enzyme	D-psicose 3-epimerase	D-psicose 3-epimerase
3235	enzyme	L-xylulose reductase	L-xylulose reductase
3236	substrate	L-ribulose	L-ribulose
3237	substrate	L-xylulose	L-xylulose
3238	enzyme	Ykl071wp	Ykl071wp
3239	enzyme	Faa1p	Faa1p
3240	substrate	oleate	oleate
3241	microbiome	Debaryomyces occidentalis	Debaryomyces occidentalis
3242	microbiome	Paenibacillus elgii	Paenibacillus elgii
3243	enzyme	antimicrobial compounds	antimicrobial compounds
3244	enzyme	AGT1 permease	AGT1 permease
3245	substrate	p-nitrophenyl-αD-glucopyranoside	p-nitrophenyl-αD-glucopyranoside
3246	microbiome	Amycolatopsis orientalis	Amycolatopsis orientalis
3247	enzyme	vancomycin	vancomycin
3248	microbiome	Nakazawaea ishiwadae	Nakazawaea ishiwadae
3249	enzyme	Chi46	Chi46
3250	substrate	chitosan 10B	chitosan 10B
3251	enzyme	amylolytic enzyme	amylolytic enzyme
3252	enzyme	isoamylase	isoamylase
3253	microbiome	Thermobifida fusca	Thermobifida fusca
3254	enzyme	stx 2	stx 2
3255	enzyme	eae GEN	eae GEN
3256	microbiome	Escherichia coli | eae O157	Escherichia coli | eae O157
3257	microbiome	Kluyveromyces lactis	Kluyveromyces lactis
3258	enzyme	acyl-CoA carboxylase	acyl-CoA carboxylase
3259	enzyme	fatty acid synthase	fatty acid synthase
3260	enzyme	12 desaturase	12 desaturase
3261	enzyme	ω3 desaturase	ω3 desaturase
3262	enzyme	acetoacetyl-CoA thiolase	acetoacetyl-CoA thiolase
3263	enzyme	squalene monoxygenase	squalene monoxygenase
3264	enzyme	GshFss	GshFss
3265	enzyme	mRCL	mRCL
3266	enzyme	MBP-mRCL	MBP-mRCL
3267	substrate	ester	ester
3268	microbiome	Fusarium oxysporum	Fusarium oxysporum
3269	enzyme	Kex2p	Kex2p
3270	substrate	single-chain antibody	single-chain antibody
3271	substrate	IgG1	IgG1
3272	microbiome	Streptomyces sp. DO-115	Streptomyces sp. DO-115
3273	enzyme	kapurimycin A3	kapurimycin A3
3274	enzyme	AuEH2	AuEH2
3275	substrate	racemic styrene oxide	racemic styrene oxide
3276	enzyme	exo-PG	exo-PG
3277	microbiome	Lactobacillus panis	Lactobacillus panis
3278	enzyme	glucose 6-phosphate isomerase	glucose 6-phosphate isomerase
3279	enzyme	pyruvate synthase	pyruvate synthase
3280	enzyme	GDP-mannose 3,5-epimerase	GDP-mannose 3,5-epimerase
3281	enzyme	GDP-L-galactose phosphorylase	GDP-L-galactose phosphorylase
3282	enzyme	L-galactose-1-phosphate phosphatase	L-galactose-1-phosphate phosphatase
3283	substrate	GDP-D-mannose	GDP-D-mannose
3284	substrate	L-galactono-1,4-lactone	L-galactono-1,4-lactone
3285	microbiome	Pichia	Pichia
3286	microbiome	Candida	Candida
3287	microbiome	Issatchenkia	Issatchenkia
3288	substrate	terpenylglycosides	terpenylglycosides
3289	enzyme	DewA	DewA
3290	substrate	Teflon	Teflon
3291	substrate	glass	glass
3292	microbiome	Debaryomyces hansenii	Debaryomyces hansenii
3293	enzyme	AtoDA	AtoDA
3294	microbiome	Microbacterium sp. OU01	Microbacterium sp. OU01
3295	enzyme	CaneCPI-1	CaneCPI-1
3296	substrate	papain	papain
3297	microbiome	Clostridium tertium	Clostridium tertium
3298	enzyme	RsaI	RsaI
3299	enzyme	MspI	MspI
3300	enzyme	TaqI	TaqI
3301	enzyme	succinic semi-aldehyde dehydrogenase	succinic semi-aldehyde dehydrogenase
3302	substrate	succinate semi-aldehyde	succinate semi-aldehyde
3303	microbiome	Fructobacillus durionis	Fructobacillus durionis
3304	enzyme	nicotinamide phosphoribosyltransferase	nicotinamide phosphoribosyltransferase
3305	microbiome	Fructobacillus tropaeoli	Fructobacillus tropaeoli
3306	substrate	nicotinamide	nicotinamide
3307	microbiome	Bacillus subtilis MTCC5480	Bacillus subtilis MTCC5480
3308	microbiome	Bacillus subtilis MTCC1747	Bacillus subtilis MTCC1747
3309	enzyme	proteolytic enzyme	proteolytic enzyme
3310	microbiome	Trichoderma reesei | HAM5	Trichoderma reesei | HAM5
3311	enzyme	carbohydrases	carbohydrases
3312	substrate	stachyose	stachyose
3313	enzyme	thiamine phosphate synthase	thiamine phosphate synthase
3314	substrate	thiamine monophosphate	thiamine monophosphate
3315	enzyme	ATP phosphoribosyl transferase	ATP phosphoribosyl transferase
3316	enzyme	HisG	HisG
3317	microbiome	Bacillus subtilis BKDS1	Bacillus subtilis BKDS1
3318	enzyme	glycolytic enzymes	glycolytic enzymes
3319	enzyme	respiratory enzymes	respiratory enzymes
3320	enzyme	cellobiohydrolase 1	cellobiohydrolase 1
3321	enzyme	Ole1p	Ole1p
3322	microbiome	Bacteroides succinogenes	Bacteroides succinogenes
3323	enzyme	Geobacillus thermocatenulatus lipase 2	Geobacillus thermocatenulatus lipase 2
3324	substrate	waste cooking oils	waste cooking oils
3325	enzyme	αxylosidase/α-glucosidase	αxylosidase/α-glucosidase
3326	enzyme	polysaccharide monooxygenase CEL61b	polysaccharide monooxygenase CEL61b
3327	enzyme	β-xylosidase BXL1	β-xylosidase BXL1
3328	enzyme	carbohydrate esterase	carbohydrate esterase
3329	enzyme	α-Glucuronidase GLR1	α-Glucuronidase GLR1
3330	enzyme	α-1,2-mannosidase	α-1,2-mannosidase
3331	microbiome	Pseudomonas aeruginosa YS-7	Pseudomonas aeruginosa YS-7
3332	substrate	4-nitrophenyl laurate ester	4-nitrophenyl laurate ester
3333	substrate	triglyceride	triglyceride
3334	enzyme	β-1,3-1,4-glucanase	β-1,3-1,4-glucanase
3335	enzyme	hlyF	hlyF
3336	enzyme	ompT	ompT
3337	substrate	saponin	saponin
3338	enzyme	sMOMENT	sMOMENT
3339	enzyme	glucose 1-dehydrogenase	glucose 1-dehydrogenase
3340	substrate	m-chlorophenacyl chloride	m-chlorophenacyl chloride
3341	enzyme	proteinase A	proteinase A
3342	enzyme	trypsin inhibitor	trypsin inhibitor
3343	enzyme	α-L-rhamnosidase	α-L-rhamnosidase
3344	substrate	naringin	naringin
3345	substrate	p-nitrophenyl-α-rhamnoside	p-nitrophenyl-α-rhamnoside
3346	microbiome	Brettanomyces intermedius	Brettanomyces intermedius
3347	enzyme	acetaldehyde dehydrogenases	acetaldehyde dehydrogenases
3348	substrate	(3R,4R,5S)-4-(2,2-difluoroacetylamino)-5-amino-3-(1-ethyl-propoxy)-cyclohex-1-enecarboxylic acid	(3R,4R,5S)-4-(2,2-difluoroacetylamino)-5-amino-3-(1-ethyl-propoxy)-cyclohex-1-enecarboxylic acid
3349	substrate	(3R,4R,5S)-5-amino-3-(1-ethyl-propoxy)-cyclohex-1-enecarboxylic acids	(3R,4R,5S)-5-amino-3-(1-ethyl-propoxy)-cyclohex-1-enecarboxylic acids
3350	microbiome	Lactobacillus curvatus LTH 1174	Lactobacillus curvatus LTH 1174
3351	enzyme	curvacin A	curvacin A
3352	microbiome	Bionectria ochroleuca	Bionectria ochroleuca
3353	enzyme	endo-1,4-β-D-xylanase XYNA1	endo-1,4-β-D-xylanase XYNA1
3354	enzyme	endo-1,4-β-D-xylanase XYNB	endo-1,4-β-D-xylanase XYNB
3355	microbiome	Paracoccus homiensis	Paracoccus homiensis
3356	microbiome	Rhodopseudomonas palustris	Rhodopseudomonas palustris
3357	substrate	butyrate	butyrate
3358	microbiome	Humicola lanuginosa	Humicola lanuginosa
3359	enzyme	ß-glucosidase	ß-glucosidase
3360	substrate	corncobs	corncobs
3361	substrate	superoxide radical	superoxide radical
3362	enzyme	fructose-6-phosphate aldolase	fructose-6-phosphate aldolase
3363	microbiome	Candida sojae	Candida sojae
3364	enzyme	Cs4130	Cs4130
3365	enzyme	Cs3894	Cs3894
3366	microbiome	Saccharomycodes ludwigii	Saccharomycodes ludwigii
3367	microbiome	Zygosaccharomyces florentinus	Zygosaccharomyces florentinus
3368	microbiome	Hanseniaspora osmophila	Hanseniaspora osmophila
3369	microbiome	Trabulsiella guamensis	Trabulsiella guamensis
3370	enzyme	tyrosine hydrolase	tyrosine hydrolase
3371	microbiome	Dekkera bruxellensis	Dekkera bruxellensis
3372	enzyme	ß-D-glucosidase	ß-D-glucosidase
3373	substrate	complex sugars	complex sugars
3374	substrate	konjac glucomannan	konjac glucomannan
3375	enzyme	FDH-H	FDH-H
3376	enzyme	Hyd	Hyd
3377	microbiome	Clostridium difficile	Clostridium difficile
3378	enzyme	phosphoenolpyruvate phosphotransferase	phosphoenolpyruvate phosphotransferase
3379	microbiome	Penicillium fellutanum	Penicillium fellutanum
3380	enzyme	cyclosporine A	cyclosporine A
3381	enzyme	bioethanol	bioethanol
3382	enzyme	F0F1-ATPase	F0F1-ATPase
3383	microbiome	Pyrenochaeta	Pyrenochaeta
3384	enzyme	dopamine-β-hydroxylase	dopamine-β-hydroxylase
3385	microbiome	Bacillus coagulans	Bacillus coagulans
3386	substrate	grape pathogenesis-related proteins	grape pathogenesis-related proteins
3387	enzyme	soraphen Ala	soraphen Ala
3388	microbiome	Penicillium funiculosum	Penicillium funiculosum
3389	enzyme	rBgl6	rBgl6
3390	substrate	pNPGal	pNPGal
3391	microbiome	Starmerella bombicola	Starmerella bombicola
3392	enzyme	sophorolipids	sophorolipids
3393	substrate	palmitic acid	palmitic acid
3394	substrate	stearic acid	stearic acid
3395	substrate	isoprene	isoprene
3396	enzyme	a-L-arabinofuranosidase	a-L-arabinofuranosidase
3397	substrate	casein phosphopeptides	casein phosphopeptides
3398	microbiome	Bacillus thuringiensis subsp. israelensis	Bacillus thuringiensis subsp. israelensis
3399	enzyme	b-d-fructofuranosidase fructohydrolase	b-d-fructofuranosidase fructohydrolase
3400	enzyme	terminase	terminase
3401	enzyme	DNA helicase	DNA helicase
3402	enzyme	DNA primase	DNA primase
3403	enzyme	endonuclease	endonuclease
3404	enzyme	ATPase	ATPase
3405	enzyme	capsid protein	capsid protein
3406	enzyme	tail fiber protein	tail fiber protein
3407	enzyme	tail type measure protein	tail type measure protein
3408	enzyme	tail assembly chaperone protein	tail assembly chaperone protein
3409	enzyme	tail tube protein	tail tube protein
3410	enzyme	tail completion protein	tail completion protein
3411	enzyme	u-spanin	u-spanin
3412	enzyme	holin protein	holin protein
3413	substrate	bacterial cell wall	bacterial cell wall
3414	enzyme	H+ATPase	H+ATPase
3415	substrate	gluten	gluten
3416	enzyme	levansucrase	levansucrase
3417	enzyme	PEP-carboxykinase	PEP-carboxykinase
3418	enzyme	polyphosphate kinase	polyphosphate kinase
3419	enzyme	Vitreoscilla hemoglobin	Vitreoscilla hemoglobin
3420	enzyme	PMT1	PMT1
3421	enzyme	RPN6	RPN6
3422	enzyme	RPL34B	RPL34B
3423	microbiome	Saccharomyces kudriavzevii | NUG1	Saccharomyces kudriavzevii | NUG1
3424	enzyme	protective antigen	protective antigen
3425	enzyme	FfIBP	FfIBP
3426	substrate	ice	ice
3427	substrate	lignocellulosic material	lignocellulosic material
3428	enzyme	protease A	protease A
3429	enzyme	coagulase	coagulase
3430	enzyme	a-toxin	a-toxin
3431	enzyme	phenylalanine deaminase	phenylalanine deaminase
3432	enzyme	P-glucuronidase	P-glucuronidase
3433	microbiome	Proteus mirabilis	Proteus mirabilis
3434	substrate	glucuronide	glucuronide
3435	enzyme	aromatic amino acid hydroxylase	aromatic amino acid hydroxylase
3436	enzyme	tryptophan decarboxylase	tryptophan decarboxylase
3437	substrate	5-hydroxytryptophan	5-hydroxytryptophan
3438	enzyme	6-O-sulfotransferase isoform-3	6-O-sulfotransferase isoform-3
3439	substrate	N-sulfo, N-acetyl heparosan	N-sulfo, N-acetyl heparosan
3440	enzyme	b-xylosidase	b-xylosidase
3441	enzyme	PtXyl43	PtXyl43
3442	substrate	pNP-b-D-xylopyranoside	pNP-b-D-xylopyranoside
3443	substrate	pNP-a-L-arabinofuranoside	pNP-a-L-arabinofuranoside
3444	substrate	xylooligosaccharides	xylooligosaccharides
3445	substrate	AELC	AELC
3446	enzyme	PHB	PHB
3447	enzyme	KpsF	KpsF
3448	substrate	A5P	A5P
3449	substrate	Ru5P	Ru5P
3450	microbiome	Streptococcus pneumoniae	Streptococcus pneumoniae
3451	enzyme	streptococcal pyruvate oxidase	streptococcal pyruvate oxidase
3452	enzyme	sophorolipid	sophorolipid
3453	substrate	palm oil	palm oil
3454	substrate	palm olein	palm olein
3455	substrate	myristic acid	myristic acid
3456	substrate	linolenic acid	linolenic acid
3457	substrate	rice-bran oil	rice-bran oil
3458	substrate	waste frying oil	waste frying oil
3459	enzyme	ethyllactate	ethyllactate
3460	enzyme	NADPH-dependent glutamate dehydrogenase	NADPH-dependent glutamate dehydrogenase
3461	enzyme	NADH-dependent glutamate dehydrogenase	NADH-dependent glutamate dehydrogenase
3462	enzyme	Hxk2p	Hxk2p
3463	enzyme	Pgi1p	Pgi1p
3464	enzyme	Tpi1p	Tpi1p
3465	enzyme	Tdh1p	Tdh1p
3466	enzyme	Tdh2p	Tdh2p
3467	enzyme	Pgk1p	Pgk1p
3468	enzyme	Gpm1p	Gpm1p
3469	enzyme	Gpm2p	Gpm2p
3470	enzyme	Eno1p	Eno1p
3471	enzyme	Cox5ap	Cox5ap
3472	enzyme	Cox4p	Cox4p
3473	enzyme	Cox6p	Cox6p
3474	enzyme	Qcr7p	Qcr7p
3475	enzyme	Atp14p	Atp14p
3476	enzyme	Atp16p	Atp16p
3477	enzyme	Atp2p	Atp2p
3478	enzyme	Atp7p	Atp7p
3479	enzyme	Atp3p	Atp3p
3480	enzyme	Atp1p	Atp1p
3481	enzyme	Atp18p	Atp18p
3482	enzyme	Sod2p	Sod2p
3483	enzyme	Ahp1p	Ahp1p
3484	enzyme	Sod1p	Sod1p
3485	enzyme	Grx3p	Grx3p
3486	enzyme	Grx5p	Grx5p
3487	enzyme	Tsa1p	Tsa1p
3488	enzyme	Grx1p	Grx1p
3489	enzyme	Gpd2p	Gpd2p
3490	enzyme	Rhr2p	Rhr2p
3491	enzyme	alditol oxidase	alditol oxidase
3492	enzyme	glycerate 2-kinase 1/2	glycerate 2-kinase 1/2
3493	substrate	D-glycerate	D-glycerate
3494	enzyme	LT	LT
3495	microbiome	Candida wickerhamii	Candida wickerhamii
3496	substrate	salicin	salicin
3497	substrate	Mecasermin	Mecasermin
3498	microbiome	Ralstonia eutropha	Ralstonia eutropha
3499	enzyme	poly(hydroxybutyrate) synthase	poly(hydroxybutyrate) synthase
3500	substrate	poly(hydroxybutyrate)	poly(hydroxybutyrate)
3501	microbiome	Galactomyces geotrichum	Galactomyces geotrichum
3502	enzyme	phenolic acid decarboxylases	phenolic acid decarboxylases
3503	enzyme	acyltransferases	acyltransferases
3504	enzyme	esterases	esterases
3505	substrate	γ-amino butyric acid	γ-amino butyric acid
3506	enzyme	chicken lactate dehydrogenase	chicken lactate dehydrogenase
3507	microbiome	Rhodococcus erythropolis	Rhodococcus erythropolis
3508	enzyme	bioflocculant	bioflocculant
3509	substrate	potato starch wastewater	potato starch wastewater
3510	enzyme	versatile peroxidase	versatile peroxidase
3511	substrate	Mn²⁺	Mn²⁺
3512	substrate	phenolic compounds	phenolic compounds
3513	substrate	non-phenolic aromatic compounds	non-phenolic aromatic compounds
3514	substrate	dyes	dyes
3515	substrate	H₂O₂	H₂O₂
3516	enzyme	ADP-ribose pyrophosphatase	ADP-ribose pyrophosphatase
3517	substrate	isopentenyl pyrophosphate	isopentenyl pyrophosphate
3518	substrate	dimethylallyl pyrophosphate	dimethylallyl pyrophosphate
3519	enzyme	hexose-proton symporter	hexose-proton symporter
3520	microbiome	Bacillus subtilis subsp.	Bacillus subtilis subsp.
3521	enzyme	pepsin	pepsin
3522	enzyme	BGL2	BGL2
3523	enzyme	EXG1	EXG1
3524	enzyme	KNH1	KNH1
3525	enzyme	SUN4	SUN4
3526	microbiome	Saccharomyces cerevisiae | NCW2	Saccharomyces cerevisiae | NCW2
3527	enzyme	CCW12	CCW12
3528	enzyme	ELO1	ELO1
3529	enzyme	FAA1	FAA1
3530	microbiome	Saccharomyces cerevisiae | OPI3	Saccharomyces cerevisiae | OPI3
3531	enzyme	PMC1	PMC1
3532	enzyme	ZWF1	ZWF1
3533	enzyme	CYC1	CYC1
3534	enzyme	(R)-specific enoyl-CoA hydratase	(R)-specific enoyl-CoA hydratase
3535	enzyme	PHA synthase	PHA synthase
3536	substrate	dodecanoic acid	dodecanoic acid
3537	enzyme	RuBisCO	RuBisCO
3538	substrate	RuBP	RuBP
3539	microbiome	Lactobacillus delbrueckii	Lactobacillus delbrueckii
3540	substrate	bovine serum albumin	bovine serum albumin
3541	enzyme	glucosidase	glucosidase
3542	enzyme	OmpF	OmpF
3543	microbiome	Streptomyces lividans	Streptomyces lividans
3544	enzyme	recombinant MtgA	recombinant MtgA
3545	substrate	N-carbobenzoxy-L-glutaminylglycine	N-carbobenzoxy-L-glutaminylglycine
3546	enzyme	endo-polygalacturonase	endo-polygalacturonase
3547	enzyme	AglDUCD	AglDUCD
3548	enzyme	Agl-KA	Agl-KA
3549	substrate	a-1,3-glucan	a-1,3-glucan
3550	microbiome	Sphingomonas paucimobilis	Sphingomonas paucimobilis
3551	enzyme	gellan gum synthase	gellan gum synthase
3552	enzyme	Pfs nucleosidase	Pfs nucleosidase
3553	enzyme	DHAP shunt kinase	DHAP shunt kinase
3554	enzyme	DHAP shunt isomerase	DHAP shunt isomerase
3555	enzyme	DHAP shunt aldolase	DHAP shunt aldolase
3556	substrate	5′-methylthioadenosine	5′-methylthioadenosine
3557	substrate	5′-deoxyadenosine	5′-deoxyadenosine
3558	microbiome	Lentinula edodes	Lentinula edodes
3559	enzyme	UDPG-pyrophosphorylase	UDPG-pyrophosphorylase
3560	substrate	polysaccharides	polysaccharides
3561	microbiome	Bacillus alcalophilus	Bacillus alcalophilus
3562	enzyme	α-1,4-glucan-glucanohydrolase	α-1,4-glucan-glucanohydrolase
3563	enzyme	GAPDH	GAPDH
3564	enzyme	PGK	PGK
3565	enzyme	ALD	ALD
3566	enzyme	FLO11	FLO11
3567	microbiome	Propionibacterium thoenii	Propionibacterium thoenii
3568	enzyme	propionic acid	propionic acid
3569	microbiome	Propionibacterium acidipropionici	Propionibacterium acidipropionici
3570	microbiome	Propionibacterium jensenii	Propionibacterium jensenii
3571	microbiome	Propionibacterium freudenreichii subsp. freudenreichii	Propionibacterium freudenreichii subsp. freudenreichii
3572	microbiome	Propionibacterium freudenreichii subsp. shermanii	Propionibacterium freudenreichii subsp. shermanii
3573	enzyme	Hbd	Hbd
3574	enzyme	Crt	Crt
3575	enzyme	Adhe2	Adhe2
3576	enzyme	BdhB	BdhB
3577	enzyme	EutE	EutE
3578	enzyme	ACSL641P	ACSL641P
3579	enzyme	AADH	AADH
3580	enzyme	β-xylanase	β-xylanase
3581	substrate	Birchwood xylan	Birchwood xylan
3582	substrate	oat-spelt xylan	oat-spelt xylan
3583	substrate	polypeptone	polypeptone
3584	substrate	L-lactic acid	L-lactic acid
3585	microbiome	Trichoderma longibrachiatum	Trichoderma longibrachiatum
3586	substrate	colloidal chitin	colloidal chitin
3587	microbiome	Postia placenta	Postia placenta
3588	substrate	4-nitrophenyl phosphate	4-nitrophenyl phosphate
3589	microbiome	Xanthomonas maltophilia	Xanthomonas maltophilia
3590	enzyme	glucoside transferase	glucoside transferase
3591	substrate	hydroquinone	hydroquinone
3592	enzyme	N21S invertase	N21S invertase
3593	microbiome	Psychromonas antarcticus	Psychromonas antarcticus
3594	microbiome	Shiraia-like sp.	Shiraia-like sp.
3595	enzyme	hypocrellin	hypocrellin
3596	enzyme	hypomycin	hypomycin
3597	substrate	ent-shiraiachrome A	ent-shiraiachrome A
3598	substrate	hypocrellin	hypocrellin
3599	substrate	hypomycin A	hypomycin A
3600	substrate	hypomycin C	hypomycin C
3601	substrate	hypomycin E	hypomycin E
3602	enzyme	Hsp12p	Hsp12p
3603	enzyme	ScCGT1-P164T	ScCGT1-P164T
3604	enzyme	3-phosphoglycerate dehydrogenase	3-phosphoglycerate dehydrogenase
3605	substrate	L-serine	L-serine
3606	enzyme	EspP autotransporter	EspP autotransporter
3607	enzyme	Fn-TPL	Fn-TPL
3608	substrate	L-dihydroxyphenylalanine	L-dihydroxyphenylalanine
3609	enzyme	acetyl esterase	acetyl esterase
3610	enzyme	phenolic acid esterase	phenolic acid esterase
3611	substrate	phenols	phenols
3612	enzyme	Candida antarctica Lipase B	Candida antarctica Lipase B
3613	enzyme	mutant GFP	mutant GFP
3614	substrate	CalB	CalB
3615	substrate	pPaGFP	pPaGFP
3616	microbiome	Halomonas salina DSM 5928 T	Halomonas salina DSM 5928 T
3617	enzyme	ectoine synthase	ectoine synthase
3618	enzyme	phosphatase	phosphatase
3619	microbiome	Aspergillus alliaceus	Aspergillus alliaceus
3620	enzyme	hydroxylase	hydroxylase
3621	substrate	17β-estradiol	17β-estradiol
3622	enzyme	glyoxal oxidase	glyoxal oxidase
3623	substrate	formaldehyde	formaldehyde
3624	substrate	glyoxylic acid	glyoxylic acid
3625	substrate	hydroxymethylfurfural	hydroxymethylfurfural
3626	enzyme	Fab 3H6	Fab 3H6
3627	enzyme	Fsy1p	Fsy1p
3628	microbiome	Penicillium sp. SS1	Penicillium sp. SS1
3629	enzyme	endo-b-1,4-xylanase	endo-b-1,4-xylanase
3630	enzyme	UDPG-linked trehalose-6-phosphate synthase	UDPG-linked trehalose-6-phosphate synthase
3631	microbiome	Aspergillus	Aspergillus
3632	microbiome	Neurospora intermedia	Neurospora intermedia
3633	enzyme	Cytochrome c	Cytochrome c
3634	enzyme	SH hydrogenase	SH hydrogenase
3635	enzyme	CbhC16	CbhC16
3636	microbiome	Trichoderma reesei CBS 114044	Trichoderma reesei CBS 114044
3637	enzyme	LipB52	LipB52
3638	substrate	p-nitrophenol-caprate	p-nitrophenol-caprate
3639	microbiome	Cupriavidus taiwanensis	Cupriavidus taiwanensis
3640	enzyme	polyhydroxybutyrate synthase	polyhydroxybutyrate synthase
3641	substrate	gluconic acid	gluconic acid
3642	enzyme	Gal4p	Gal4p
3643	enzyme	Gal80p	Gal80p
3644	enzyme	Rho1-Gal4p	Rho1-Gal4p
3645	enzyme	HD-Gal3Cp	HD-Gal3Cp
3646	enzyme	Mdh	Mdh
3647	enzyme	Hps	Hps
3648	enzyme	Phi	Phi
3649	enzyme	Selenocysteine Synthase	Selenocysteine Synthase
3650	substrate	seryl-tRNAsec	seryl-tRNAsec
3651	enzyme	GABA shunt	GABA shunt
3652	enzyme	carnitine shuttle	carnitine shuttle
3653	enzyme	cellobiosidase	cellobiosidase
3654	enzyme	b-D-glucosidase	b-D-glucosidase
3655	enzyme	thiol-specific peroxiredoxin	thiol-specific peroxiredoxin
3656	enzyme	L-ribulose-5-phosphate 4-epimerase	L-ribulose-5-phosphate 4-epimerase
3657	enzyme	TTMP	TTMP
3658	enzyme	endo-1,4-xylanase	endo-1,4-xylanase
3659	substrate	birch wood xylan	birch wood xylan
3660	enzyme	ω-aminotransferase	ω-aminotransferase
3661	enzyme	carboxylic acid reductase	carboxylic acid reductase
3662	enzyme	phosphopantetheinyl transferase	phosphopantetheinyl transferase
3663	substrate	cinnamaldehyde	cinnamaldehyde
3664	microbiome	Escherichia coli | K88	Escherichia coli | K88
3665	microbiome	Streptomyces platensis	Streptomyces platensis
3666	enzyme	PtmT1	PtmT1
3667	enzyme	PtmT3	PtmT3
3668	substrate	ent-copalyl diphosphate	ent-copalyl diphosphate
3669	enzyme	luciferase	luciferase
3670	substrate	luciferin	luciferin
3671	microbiome	Gibberella fujikuroi	Gibberella fujikuroi
3672	enzyme	gibberellin A 4	gibberellin A 4
3673	enzyme	serine proteases	serine proteases
3674	enzyme	metalloproteases	metalloproteases
3675	enzyme	aspartic proteases	aspartic proteases
3676	enzyme	nitrile hydratase	nitrile hydratase
3677	substrate	2-Amino-2,3-dimethylbutyramide	2-Amino-2,3-dimethylbutyramide
3678	enzyme	rHb1.1	rHb1.1
3679	substrate	globin	globin
3680	enzyme	NpHphA	NpHphA
3681	enzyme	NshphCD	NshphCD
3682	enzyme	NshphB	NshphB
3683	substrate	L-Phe	L-Phe
3684	substrate	2-BMA	2-BMA
3685	substrate	L-Hph	L-Hph
3686	enzyme	PhaC1437	PhaC1437
3687	enzyme	Pct540	Pct540
3688	enzyme	CYP52A17SS	CYP52A17SS
3689	microbiome	Penicillium purpurogenum	Penicillium purpurogenum
3690	microbiome	Lactobacillus reuteri	Lactobacillus reuteri
3691	enzyme	reuterin	reuterin
3692	enzyme	glucosidase II alpha subunit	glucosidase II alpha subunit
3693	substrate	Glc 2 Man 9 GlcNAc 2	Glc 2 Man 9 GlcNAc 2
3694	microbiome	Pseudomonas putida	Pseudomonas putida
3695	enzyme	3-hydroxyacyl-CoA-acyl carrier protein transferase	3-hydroxyacyl-CoA-acyl carrier protein transferase
3696	substrate	octoate	octoate
3697	enzyme	PPC	PPC
3698	enzyme	gammanase	gammanase
3699	enzyme	Pectinex Ultra SP	Pectinex Ultra SP
3700	enzyme	endogalactanase	endogalactanase
3701	enzyme	Driselase	Driselase
3702	enzyme	L-arginine	L-arginine
3703	microbiome	Blautia hydrogenotrophica	Blautia hydrogenotrophica
3704	enzyme	phosphate butyryltransferase	phosphate butyryltransferase
3705	microbiome	Escherichia coli BL21	Escherichia coli BL21
3706	microbiome	Saccharomyces diastaticus	Saccharomyces diastaticus
3707	microbiome	Endomycopsis capsularis	Endomycopsis capsularis
3708	enzyme	RNase III	RNase III
3709	enzyme	Endoglucanase I	Endoglucanase I
3710	substrate	Carboxymethyl Cellulase	Carboxymethyl Cellulase
3711	enzyme	UDP-N-acetylglucosamine	UDP-N-acetylglucosamine
3712	enzyme	UDP-GlcNAc	UDP-GlcNAc
3713	enzyme	UDP-N-acetylgalactosamine-undecaprenyl-phosphate N-acetylgalactosaminephosphotransferase	UDP-N-acetylgalactosamine-undecaprenyl-phosphate N-acetylgalactosaminephosphotransferase
3714	substrate	peptidoglycan	peptidoglycan
3715	enzyme	cellulose	cellulose
3716	substrate	esculin	esculin
3717	microbiome	Sphingomonas trueperi	Sphingomonas trueperi
3718	enzyme	sucrose-6-phosphate hydrolase	sucrose-6-phosphate hydrolase
3719	substrate	P(3HB)	P(3HB)
3720	substrate	peroxide	peroxide
3721	enzyme	phenylalanine dehydrogenase	phenylalanine dehydrogenase
3722	substrate	grape-skin materials	grape-skin materials
3723	enzyme	dihydrodipicolinate synthase	dihydrodipicolinate synthase
3724	substrate	l-lysine	l-lysine
3725	enzyme	gallic acid	gallic acid
3726	enzyme	ursolic acid	ursolic acid
3727	enzyme	oleanolic acid	oleanolic acid
3728	enzyme	fumarate hydratase	fumarate hydratase
3729	enzyme	Embden-Meyerhof-Parnas pathway enzymes	Embden-Meyerhof-Parnas pathway enzymes
3730	microbiome	Desulfovibrio sp.	Desulfovibrio sp.
3731	enzyme	DhpA	DhpA
3732	enzyme	SlaB	SlaB
3733	enzyme	SuyAB	SuyAB
3734	substrate	DHPS	DHPS
3735	substrate	SLA	SLA
3736	substrate	SL	SL
3737	substrate	cotton stalk	cotton stalk
3738	microbiome	Hansenula anomala	Hansenula anomala
3739	enzyme	648 antigen	648 antigen
3740	microbiome	Micromonospora olivasterospora	Micromonospora olivasterospora
3741	enzyme	astromicin	astromicin
3742	substrate	scyllo-inosose	scyllo-inosose
3743	substrate	scyllo-inosamine	scyllo-inosamine
3744	microbiome	Haloanaerobium salsugo	Haloanaerobium salsugo
3745	substrate	MUX	MUX
3746	enzyme	mannoproteins	mannoproteins
3747	substrate	cellohexaose	cellohexaose
3748	enzyme	EamB	EamB
3749	substrate	L-cysteine	L-cysteine
3750	substrate	dry matter	dry matter
3751	substrate	neutral detergent fibre	neutral detergent fibre
3752	enzyme	methylglyoxal synthase	methylglyoxal synthase
3753	substrate	1,2-propanediol	1,2-propanediol
3754	enzyme	alpha-glucoside permease	alpha-glucoside permease
3755	enzyme	sorbitol dehydrogenase	sorbitol dehydrogenase
3756	enzyme	acetylglutamate synthase	acetylglutamate synthase
3757	substrate	p-Nitrophenyl-b-D-glucopyranoside	p-Nitrophenyl-b-D-glucopyranoside
3758	microbiome	Trichoderma reesei Rut C-30	Trichoderma reesei Rut C-30
3759	substrate	sugar beet pulp	sugar beet pulp
3760	enzyme	Endoglucanases	Endoglucanases
3761	enzyme	Cellobiohydrolases	Cellobiohydrolases
3762	enzyme	b-glucosidases	b-glucosidases
3763	enzyme	NADH-dependent glycerol-3-phosphate dehydrogenase	NADH-dependent glycerol-3-phosphate dehydrogenase
3764	enzyme	glucose oxidase	glucose oxidase
3765	enzyme	β-1,3-glucanases	β-1,3-glucanases
3766	enzyme	heat-labile toxin	heat-labile toxin
3767	substrate	galactooligosaccharides	galactooligosaccharides
3768	enzyme	PEPCK	PEPCK
3769	enzyme	Rhizomucor miehei lipase	Rhizomucor miehei lipase
3770	microbiome	Rhodopseudomonas capsulata	Rhodopseudomonas capsulata
3771	enzyme	1-phosphofructokinase	1-phosphofructokinase
3772	enzyme	triosephosphate dehydrogenase	triosephosphate dehydrogenase
3773	enzyme	pyruvate reductase	pyruvate reductase
3774	enzyme	glutamine	glutamine
3775	enzyme	citrulline	citrulline
3776	enzyme	valine	valine
3777	enzyme	isoleucine	isoleucine
3778	enzyme	ornithine	ornithine
3779	enzyme	lysine	lysine
3780	enzyme	histidine	histidine
3781	enzyme	aspartic acid	aspartic acid
3782	enzyme	threonine	threonine
3783	enzyme	glutamic acid	glutamic acid
3784	enzyme	cystine	cystine
3785	enzyme	methionine	methionine
3786	enzyme	tyrosine	tyrosine
3787	enzyme	phenylalanine	phenylalanine
3788	enzyme	arginine	arginine
3789	substrate	Whatman filter paper	Whatman filter paper
3790	substrate	sugarcane bagasse	sugarcane bagasse
3791	enzyme	GLK	GLK
3792	microbiome	Rhizopus oligosporus	Rhizopus oligosporus
3793	enzyme	peptidase	peptidase
3794	substrate	soy protein	soy protein
3795	enzyme	aspartokinase	aspartokinase
3796	substrate	L-aspartic acid	L-aspartic acid
3797	enzyme	β-glucosidase 2	β-glucosidase 2
3798	substrate	periplasmic proteins	periplasmic proteins
3799	microbiome	Neocallimastix sp. GMLF2	Neocallimastix sp. GMLF2
3800	enzyme	Xyl2A	Xyl2A
3801	enzyme	ethyl octanoate	ethyl octanoate
3802	enzyme	carnitine-O-acyl transferases	carnitine-O-acyl transferases
3803	substrate	L-carnitine	L-carnitine
3804	substrate	crotonobetaine	crotonobetaine
3805	microbiome	Corynebacterium lilium	Corynebacterium lilium
3806	enzyme	serine acetyltransferase	serine acetyltransferase
3807	substrate	protein complexes	protein complexes
3808	substrate	cell wall	cell wall
3809	enzyme	b-mannosidase	b-mannosidase
3810	substrate	p-nitrophenyl b-mannopyranoside	p-nitrophenyl b-mannopyranoside
3811	enzyme	Alcalase	Alcalase
3812	microbiome	Lactococcus lactis subsp. lactis CECT 539	Lactococcus lactis subsp. lactis CECT 539
3813	microbiome	Pediococcus acidilactici NRRL B-5627	Pediococcus acidilactici NRRL B-5627
3814	enzyme	pediocin	pediocin
3815	enzyme	α-cyclodextrin glycosyltransferase	α-cyclodextrin glycosyltransferase
3816	enzyme	α-ketoglutaric acid synthase	α-ketoglutaric acid synthase
3817	enzyme	enzymatic complexes	enzymatic complexes
3818	substrate	beauvericin	beauvericin
3819	enzyme	His6-scFv fragments	His6-scFv fragments
3820	substrate	histidine-tagged single-chain Fv-antibody fragments	histidine-tagged single-chain Fv-antibody fragments
3821	enzyme	metacaspase	metacaspase
3822	enzyme	BGL1	BGL1
3823	enzyme	β-glucosidase BglC	β-glucosidase BglC
3824	substrate	crystalline cellulose (Avicel)	crystalline cellulose (Avicel)
3825	enzyme	penicillin G amidase	penicillin G amidase
3826	microbiome	Pseudoalteromonas haloplanktis	Pseudoalteromonas haloplanktis
3827	enzyme	VHHD6.1	VHHD6.1
3828	microbiome	Fusobacterium necrophorum	Fusobacterium necrophorum
3829	enzyme	lysine deaminase	lysine deaminase
3830	enzyme	rhKGF-2	rhKGF-2
3831	enzyme	maltose binding protein	maltose binding protein
3832	enzyme	PHY7 phytase	PHY7 phytase
3833	substrate	glycosidic precursors	glycosidic precursors
3834	enzyme	TrCel61A	TrCel61A
3835	enzyme	endo-1,4-␤-d-glucanase	endo-1,4-␤-d-glucanase
3836	substrate	soy spent flake	soy spent flake
3837	substrate	MUG	MUG
3838	enzyme	restriction endonucleases	restriction endonucleases
3839	enzyme	8BMP	8BMP
3840	enzyme	lactaldehyde oxidoreductase	lactaldehyde oxidoreductase
3841	enzyme	cellodextrin transporter 2	cellodextrin transporter 2
3842	enzyme	L-valine	L-valine
3843	substrate	castor oil	castor oil
3844	microbiome	Rhodotorula spp.	Rhodotorula spp.
3845	substrate	glycosidically bound terpenes	glycosidically bound terpenes
3846	microbiome	Leuconostoc citreum	Leuconostoc citreum
3847	enzyme	hINF-b	hINF-b
3848	microbiome	Pediococcus acidilactici	Pediococcus acidilactici
3849	enzyme	pediocin PA-1/AcH	pediocin PA-1/AcH
3850	enzyme	Rapidase	Rapidase
3851	substrate	capsaicin	capsaicin
3852	substrate	reducing sugar	reducing sugar
3853	enzyme	CEL7B	CEL7B
3854	enzyme	CEL12A	CEL12A
3855	substrate	MUC	MUC
3856	substrate	MULAC	MULAC
3857	enzyme	XYN1	XYN1
3858	enzyme	XYN2	XYN2
3859	enzyme	XYN4	XYN4
3860	enzyme	XYN5	XYN5
3861	substrate	cane molasses	cane molasses
3862	enzyme	streptomycin	streptomycin
3863	substrate	acetone	acetone
3864	enzyme	HPPCn	HPPCn
3865	enzyme	hyaluronic acid	hyaluronic acid
3866	microbiome	Streptococcus	Streptococcus
3867	substrate	water	water
3868	enzyme	transaminase	transaminase
3869	enzyme	a-keto acid reductase	a-keto acid reductase
3870	substrate	formyline	formyline
3871	enzyme	HlyC	HlyC
3872	substrate	proHlyA	proHlyA
3873	substrate	myristoyl-ACP	myristoyl-ACP
3874	enzyme	BD dehydrogenase	BD dehydrogenase
3875	substrate	HB	HB
3876	microbiome	Candida versatilis	Candida versatilis
3877	enzyme	aflatoxin B1-degrading enzyme	aflatoxin B1-degrading enzyme
3878	substrate	p-nitrophenol	p-nitrophenol
3879	enzyme	trehalase	trehalase
3880	substrate	reduced glutathione	reduced glutathione
3881	microbiome	Serratia proteamacula 657	Serratia proteamacula 657
3882	enzyme	prodigiosin	prodigiosin
3883	substrate	prodigiosin	prodigiosin
3884	enzyme	N-methylpurine-DNA glycosylase	N-methylpurine-DNA glycosylase
3885	substrate	hypoxanthine	hypoxanthine
3886	substrate	PNPG	PNPG
3887	microbiome	Peniophora lycii	Peniophora lycii
3888	microbiome	Trichoderma reesei ZM4-F3	Trichoderma reesei ZM4-F3
3889	microbiome	Clostridium	Clostridium
3890	substrate	2,4,6-trichlorophenol	2,4,6-trichlorophenol
3891	substrate	2,4-dichlorophenol	2,4-dichlorophenol
3892	enzyme	melibiase	melibiase
3893	substrate	melibiose	melibiose
3894	microbiome	Candida batistae	Candida batistae
3895	enzyme	cytochrome P450 monooxygenase	cytochrome P450 monooxygenase
3896	enzyme	coenzyme A-acylating propionaldehyde dehydrogenase	coenzyme A-acylating propionaldehyde dehydrogenase
3897	substrate	3-hydroxypropyl-CoA	3-hydroxypropyl-CoA
3898	microbiome	Streptomyces sp. AA50	Streptomyces sp. AA50
3899	enzyme	spiramycin	spiramycin
3900	enzyme	actinomycin D	actinomycin D
3901	microbiome	Streptomyces sp. CA17	Streptomyces sp. CA17
3902	microbiome	Streptomyces sp. BA2	Streptomyces sp. BA2
3903	enzyme	actinomycin K1c	actinomycin K1c
3904	microbiome	Streptomyces sp. CAH29	Streptomyces sp. CAH29
3905	enzyme	lyngbyatoxin A	lyngbyatoxin A
3906	enzyme	teleocidin A1	teleocidin A1
3907	enzyme	alanine transaminase	alanine transaminase
3908	enzyme	HeLac4c	HeLac4c
3909	substrate	2,2'-Azino-bis(3-ethylbenzothiazoline-6-sulfonic acid) diammonium salt	2,2'-Azino-bis(3-ethylbenzothiazoline-6-sulfonic acid) diammonium salt
3910	substrate	guaiacylglycerol-β-guaiacyl ether	guaiacylglycerol-β-guaiacyl ether
3911	microbiome	Clostridium beijerinckii BA101	Clostridium beijerinckii BA101
3912	enzyme	1±6 glycosidase	1±6 glycosidase
3913	substrate	pinitol	pinitol
3914	substrate	verbascose	verbascose
3915	microbiome	Paenibacillus barcinonensis	Paenibacillus barcinonensis
3916	enzyme	endoglucanase A	endoglucanase A
3917	enzyme	aromatic esters	aromatic esters
3918	enzyme	L-tartrate dehydratase	L-tartrate dehydratase
3919	substrate	L-tartrate	L-tartrate
3920	microbiome	Neisseria lactamica	Neisseria lactamica
3921	enzyme	beta-galactosidase	beta-galactosidase
3922	enzyme	ATP-citrate lyase	ATP-citrate lyase
3923	substrate	PNP β-1,4-glucopyranoside	PNP β-1,4-glucopyranoside
3924	substrate	PNP β-xylopyranoside	PNP β-xylopyranoside
3925	microbiome	Aspergillus nidulans	Aspergillus nidulans
3926	enzyme	isopenicillin N synthetase	isopenicillin N synthetase
3927	enzyme	5(L-aaminoadipyl)-L-cysteinyl-D-vaiine synthetase	5(L-aaminoadipyl)-L-cysteinyl-D-vaiine synthetase
3928	enzyme	acyl transferase	acyl transferase
3929	substrate	penicillin	penicillin
3930	enzyme	3-keto reductase	3-keto reductase
3931	substrate	ceramide	ceramide
3932	microbiome	Penicillium mallochii	Penicillium mallochii
3933	microbiome	Talaromyces brunneus	Talaromyces brunneus
3934	microbiome	Penicillium sclerotiorum	Penicillium sclerotiorum
3935	microbiome	Paraliobacillus ryukyuensis	Paraliobacillus ryukyuensis
3936	enzyme	KatE catalase	KatE catalase
3937	substrate	oleuropein	oleuropein
3938	enzyme	L-phenylalanine dehydrogenase	L-phenylalanine dehydrogenase
3939	substrate	D-methionine	D-methionine
3940	substrate	sugar beet molasses	sugar beet molasses
3941	substrate	whey	whey
3942	enzyme	slide coagulase	slide coagulase
3943	enzyme	exogenous DNase	exogenous DNase
3944	enzyme	DkgA	DkgA
3945	microbiome	Porphyromonas gingivalis	Porphyromonas gingivalis
3946	enzyme	RgpA	RgpA
3947	enzyme	RgpB	RgpB
3948	enzyme	Kgp	Kgp
3949	enzyme	RNA polymerase sigma factor	RNA polymerase sigma factor
3950	enzyme	phosphoglucoisomerase	phosphoglucoisomerase
3951	microbiome	Lactobacillus vini	Lactobacillus vini
3952	enzyme	arginine deiminase	arginine deiminase
3953	enzyme	glutamine lyase	glutamine lyase
3954	substrate	phospholipid	phospholipid
3955	microbiome	Aspergillus niger RK3	Aspergillus niger RK3
3956	microbiome	Trichoderma reesei MTCC164	Trichoderma reesei MTCC164
3957	substrate	Eicchornia crassipes	Eicchornia crassipes
3958	substrate	bisphenol A	bisphenol A
3959	microbiome	Clostridium vulturis	Clostridium vulturis
3960	enzyme	glutamic acid decarboxylase	glutamic acid decarboxylase
3961	microbiome	Bacillus subtilis subsp. spizizenii	Bacillus subtilis subsp. spizizenii
3962	substrate	raw potato starch	raw potato starch
3963	enzyme	XylBH39	XylBH39
3964	enzyme	XylBH43	XylBH43
3965	substrate	p-nitrophenyl-β-D-xyloside	p-nitrophenyl-β-D-xyloside
3966	substrate	p-nitrophenyl-α-L-arabinofuranoside	p-nitrophenyl-α-L-arabinofuranoside
3967	microbiome	Acinetobacter sp.	Acinetobacter sp.
3968	enzyme	indole-3-acetate monooxygenase	indole-3-acetate monooxygenase
3969	enzyme	xylanase XYN2	xylanase XYN2
3970	substrate	wheat straw pulp	wheat straw pulp
3971	enzyme	human soluble catechol-O-methyltransferase	human soluble catechol-O-methyltransferase
3972	enzyme	Vitreoscilla haemoglobin	Vitreoscilla haemoglobin
3973	enzyme	D-lactic acid dehydrogenase	D-lactic acid dehydrogenase
3974	substrate	impurity 6AA	impurity 6AA
3975	microbiome	microbial consortium	microbial consortium
3976	substrate	fats	fats
3977	enzyme	itaconic acid	itaconic acid
3978	enzyme	RzNIT	RzNIT
3979	substrate	3-cyanopyridine	3-cyanopyridine
3980	enzyme	coenzyme-A ligase	coenzyme-A ligase
3981	enzyme	resveratrol synthase	resveratrol synthase
3982	substrate	p-coumaroyl-CoA	p-coumaroyl-CoA
3983	enzyme	TaCel7A	TaCel7A
3984	enzyme	TrCel7A	TrCel7A
3985	enzyme	cinnamoyl decarboxylase	cinnamoyl decarboxylase
3986	substrate	malvidin-3-O-glucoside	malvidin-3-O-glucoside
3987	microbiome	Halobacterium salinarum	Halobacterium salinarum
3988	enzyme	ornithine carbamoyltransferase	ornithine carbamoyltransferase
3989	enzyme	carbamate kinase	carbamate kinase
3990	substrate	carbamoyl-phosphate	carbamoyl-phosphate
3991	enzyme	EAC446	EAC446
3992	microbiome	Streptomyces aureochromogenes	Streptomyces aureochromogenes
3993	enzyme	Clp protease	Clp protease
3994	substrate	polyoxins	polyoxins
3995	enzyme	xylose transporter MGT05196	xylose transporter MGT05196
3996	enzyme	xylitol dehydrogenase XYL2	xylitol dehydrogenase XYL2
3997	enzyme	pyruvate kinase PYK1	pyruvate kinase PYK1
3998	enzyme	metallothionein-like protein	metallothionein-like protein
3999	enzyme	SIP18p	SIP18p
4000	enzyme	promegapoietin	promegapoietin
4001	enzyme	TatA	TatA
4002	enzyme	TatB	TatB
4003	enzyme	TatC	TatC
4004	substrate	FhuD	FhuD
4005	enzyme	polyketide synthase	polyketide synthase
4006	substrate	polyketide	polyketide
4007	substrate	poly-3-(hydroxybutyrate-co-hydroxyvalerate)	poly-3-(hydroxybutyrate-co-hydroxyvalerate)
4008	microbiome	Synechococcus elongatus	Synechococcus elongatus
4009	microbiome	Methylophaga sp. strain SK1	Methylophaga sp. strain SK1
4010	enzyme	bacterial FMO	bacterial FMO
4011	substrate	trimethylamine	trimethylamine
4012	substrate	cysteamine	cysteamine
4013	substrate	thiourea	thiourea
4014	enzyme	glutaminase	glutaminase
4015	substrate	L-glutamine	L-glutamine
4016	enzyme	DsbC	DsbC
4017	substrate	BDNF	BDNF
4018	enzyme	F1Fo ATPase	F1Fo ATPase
4019	enzyme	cytochrome c oxidase	cytochrome c oxidase
4020	enzyme	AdhE A267T/E568K	AdhE A267T/E568K
4021	microbiome	Sulfolobus tokodaii	Sulfolobus tokodaii
4022	enzyme	dye-linked D-lactate dehydrogenase	dye-linked D-lactate dehydrogenase
4023	substrate	D-lactate	D-lactate
4024	substrate	D-2-hydroxybutyrate	D-2-hydroxybutyrate
4025	enzyme	Protein G	Protein G
4026	substrate	Fab	Fab
4027	substrate	lignocellulosic polysaccharides	lignocellulosic polysaccharides
4028	microbiome	Saccharopolyspora erythraea	Saccharopolyspora erythraea
4029	substrate	rapeseed oil	rapeseed oil
4030	enzyme	NTH1	NTH1
4031	enzyme	NTH2	NTH2
4032	substrate	sunflower meal	sunflower meal
4033	substrate	full-fat soybean	full-fat soybean
4034	enzyme	6,8-linoleate diol synthase	6,8-linoleate diol synthase
4035	microbiome	Escherichia coli | T879A variant	Escherichia coli | T879A variant
4036	enzyme	glutathione synthase	glutathione synthase
4037	enzyme	thiol oxidase	thiol oxidase
4038	substrate	GSH	GSH
4039	substrate	GSSG	GSSG
4040	microbiome	Geothrix fermentans	Geothrix fermentans
4041	enzyme	c-type cytochrome	c-type cytochrome
4042	substrate	sweet sorghum juice	sweet sorghum juice
4043	enzyme	P450BM3	P450BM3
4044	substrate	cassava bagasse	cassava bagasse
4045	enzyme	geranylgeranyl pyrophosphate synthetase	geranylgeranyl pyrophosphate synthetase
4046	enzyme	phytoene synthase	phytoene synthase
4047	enzyme	phytoene dehydrogenase	phytoene dehydrogenase
4048	enzyme	𝛽-carotene hydroxylase	𝛽-carotene hydroxylase
4049	enzyme	𝛽-carotene ketolase	𝛽-carotene ketolase
4050	substrate	𝛽-carotene	𝛽-carotene
4051	enzyme	poly g-glutamate	poly g-glutamate
4052	substrate	NH4NO3	NH4NO3
4053	enzyme	cellobiohydrolase II	cellobiohydrolase II
4054	substrate	steam-exploded corn stover	steam-exploded corn stover
4055	enzyme	haemolysin	haemolysin
4056	microbiome	Irpex lacteus	Irpex lacteus
4057	substrate	carbamazepine	carbamazepine
4058	substrate	hormones	hormones
4059	enzyme	HBsAg	HBsAg
4060	microbiome	Clostridium pasteurianum	Clostridium pasteurianum
4061	enzyme	1,3-PDO dehydrogenase	1,3-PDO dehydrogenase
4062	enzyme	hydrogen peroxidase	hydrogen peroxidase
4063	enzyme	xylanase 2	xylanase 2
4064	enzyme	hybrid xylanase	hybrid xylanase
4065	enzyme	EG I	EG I
4066	enzyme	EG II	EG II
4067	enzyme	CBH I	CBH I
4068	enzyme	Ecostone L	Ecostone L
4069	enzyme	Cellulase B	Cellulase B
4070	substrate	cotton	cotton
4071	substrate	indigo	indigo
4072	enzyme	furfural-degrading enzyme	furfural-degrading enzyme
4073	enzyme	pyruvate formate-lyase 1-activating enzyme	pyruvate formate-lyase 1-activating enzyme
4074	enzyme	formate acetyltransferase	formate acetyltransferase
4075	enzyme	fatty acyl-CoA reductase	fatty acyl-CoA reductase
4076	substrate	1-hexadecanol	1-hexadecanol
4077	microbiome	Oenoccocus oeni	Oenoccocus oeni
4078	microbiome	Schizochytrium limacinum	Schizochytrium limacinum
4079	enzyme	docosahexaenoic acid	docosahexaenoic acid
4080	enzyme	β-carotene	β-carotene
4081	microbiome	Mycobacterium	Mycobacterium
4082	enzyme	steroid 1,2-dehydrogenase	steroid 1,2-dehydrogenase
4083	substrate	androstandienedione	androstandienedione
4084	microbiome	Bacillus altitudinis	Bacillus altitudinis
4085	enzyme	acetyl-coenzyme A synthetase	acetyl-coenzyme A synthetase
4086	enzyme	FAD-dependent proline dehydrogenase	FAD-dependent proline dehydrogenase
4087	enzyme	NAD+-dependent glutamate semialdehyde dehydrogenase	NAD+-dependent glutamate semialdehyde dehydrogenase
4088	enzyme	γ-glutamylputrescine synthetase	γ-glutamylputrescine synthetase
4089	enzyme	3-hydroxy-3-methylglutaryl-CoA reductase	3-hydroxy-3-methylglutaryl-CoA reductase
4090	enzyme	2,3-oxidosqualene synthase	2,3-oxidosqualene synthase
4091	substrate	resveratrol	resveratrol
4092	microbiome	Lactobacillus casei 20975	Lactobacillus casei 20975
4093	microbiome	Lactobacillus plantarum RS	Lactobacillus plantarum RS
4094	microbiome	Lactobacillus plantarum JXJ	Lactobacillus plantarum JXJ
4095	microbiome	Lactobacillus fermentum F9	Lactobacillus fermentum F9
4096	microbiome	Lactobacillus fermentum F16	Lactobacillus fermentum F16
4097	enzyme	steryl ester hydrolase	steryl ester hydrolase
4098	substrate	ergosteryl esters	ergosteryl esters
4099	substrate	d-lactic acid	d-lactic acid
4100	substrate	malondialdehyde	malondialdehyde
4101	microbiome	Gloeophyllum trabeum	Gloeophyllum trabeum
4102	enzyme	mycoversilin	mycoversilin
4103	substrate	HEC	HEC
4104	enzyme	L-histidine HCl H2O	L-histidine HCl H2O
4105	substrate	L-histidine	L-histidine
4106	substrate	UDPG	UDPG
4107	microbiome	Streptomyces sp. X119-6	Streptomyces sp. X119-6
4108	enzyme	L-glutamate oxidase	L-glutamate oxidase
4109	microbiome	Microcoleus chthonoplastes	Microcoleus chthonoplastes
4110	microbiome	Trichoderma citrinoviride	Trichoderma citrinoviride
4111	enzyme	hydroxylamine reductase	hydroxylamine reductase
4112	substrate	hydroxylamine	hydroxylamine
4113	enzyme	l-asparaginase	l-asparaginase
4114	substrate	l-asparagine	l-asparagine
4115	substrate	ascorbate	ascorbate
4116	enzyme	acetate ester	acetate ester
4117	microbiome	C. zemplinina	C. zemplinina
4118	microbiome	T. delbrueckii	T. delbrueckii
4119	enzyme	CBH2	CBH2
4120	enzyme	Cel61A	Cel61A
4121	enzyme	Cel61B	Cel61B
4122	microbiome	Brevibacterium luteolum	Brevibacterium luteolum
4123	substrate	proteoglycan	proteoglycan
4124	enzyme	firefly luciferase	firefly luciferase
4125	enzyme	GFPuv	GFPuv
4126	substrate	LPS	LPS
4127	substrate	4-methylumbelliferyl β-D-glucopyranoside	4-methylumbelliferyl β-D-glucopyranoside
4128	enzyme	a-arabinofuranosidase	a-arabinofuranosidase
4129	enzyme	feruloyl esterase	feruloyl esterase
4130	substrate	arabinoxylan	arabinoxylan
4131	microbiome	Ganoderma australe	Ganoderma australe
4132	microbiome	L. delbrueckii	L. delbrueckii
4133	microbiome	L. fermentum	L. fermentum
4134	microbiome	L. plantarum	L. plantarum
4135	substrate	soluble sugars	soluble sugars
4136	enzyme	SVP2	SVP2
4137	enzyme	nerol synthase	nerol synthase
4138	enzyme	bornyl diphosphate synthase	bornyl diphosphate synthase
4139	enzyme	Nudix hydrolase NudJ	Nudix hydrolase NudJ
4140	substrate	neryl diphosphate	neryl diphosphate
4141	substrate	bornyl diphosphate	bornyl diphosphate
4142	enzyme	PKA	PKA
4143	enzyme	aromatic L-amino acid decarboxylase	aromatic L-amino acid decarboxylase
4144	microbiome	Myceliophthora sp.	Myceliophthora sp.
4145	enzyme	tryptophan permease	tryptophan permease
4146	enzyme	styrylpyrone synthase	styrylpyrone synthase
4147	enzyme	4-coumarate-CoA ligase	4-coumarate-CoA ligase
4148	microbiome	Mycoplasma mobile	Mycoplasma mobile
4149	microbiome	Mycoplasma arthritidis	Mycoplasma arthritidis
4150	enzyme	pGcyaDak	pGcyaDak
4151	enzyme	pGup1Cas	pGup1Cas
4152	enzyme	Gup1	Gup1
4153	microbiome	Burkholderia cenocepacia	Burkholderia cenocepacia
4154	enzyme	HgdABC	HgdABC
4155	substrate	2-hydroxyglutarate	2-hydroxyglutarate
4156	enzyme	Tps3	Tps3
4157	enzyme	Sod1	Sod1
4158	enzyme	Trx1	Trx1
4159	substrate	superoxide anions	superoxide anions
4160	enzyme	bglucosidase	bglucosidase
4161	enzyme	endo-1,4b-xylanase	endo-1,4b-xylanase
4162	enzyme	malic deacidification	malic deacidification
4163	enzyme	CBHI	CBHI
4164	enzyme	CBHII	CBHII
4165	enzyme	jasmonic acid	jasmonic acid
4166	enzyme	(-)-patchoulol synthase	(-)-patchoulol synthase
4167	enzyme	glucans	glucans
4168	enzyme	mannan	mannan
4169	substrate	dextrose	dextrose
4170	microbiome	Lactococcus lactis N8	Lactococcus lactis N8
4171	enzyme	folate	folate
4172	microbiome	Saccharomyces boulardii SAA655	Saccharomyces boulardii SAA655
4173	enzyme	riboflavin	riboflavin
4174	substrate	riboflavin	riboflavin
4175	enzyme	α-ketoglutarate dehydrogenase	α-ketoglutarate dehydrogenase
4176	enzyme	AGP1	AGP1
4177	enzyme	MEP2	MEP2
4178	enzyme	PUT2	PUT2
4179	enzyme	endoglucanase IV	endoglucanase IV
4180	substrate	milled aspen wood	milled aspen wood
4181	enzyme	rhG-CSF	rhG-CSF
4182	enzyme	rSm14	rSm14
4183	enzyme	PNPCase	PNPCase
4184	enzyme	human cathepsin S	human cathepsin S
4185	substrate	cod skin	cod skin
4186	microbiome	Arthrobotrys oligospora	Arthrobotrys oligospora
4187	enzyme	non-ribosomal peptide synthetase	non-ribosomal peptide synthetase
4188	substrate	desferriferrichrome	desferriferrichrome
4189	substrate	ethylmalonyl-CoA	ethylmalonyl-CoA
4190	enzyme	glutamate-oxaloacetate transaminase	glutamate-oxaloacetate transaminase
4191	enzyme	DctA	DctA
4192	microbiome	Streptomyces sp. MM216-87F4	Streptomyces sp. MM216-87F4
4193	enzyme	GlcNAc-TA	GlcNAc-TA
4194	enzyme	Cel 5A	Cel 5A
4195	enzyme	Cel 7B	Cel 7B
4196	enzyme	glutamate cysteine ligase	glutamate cysteine ligase
4197	microbiome	Penicillium oxalicum EU2106	Penicillium oxalicum EU2106
4198	enzyme	allantoate permease	allantoate permease
4199	enzyme	glucose transporter	glucose transporter
4200	enzyme	haze protective factor protein	haze protective factor protein
4201	enzyme	flavonol synthase	flavonol synthase
4202	enzyme	esterase (C4)	esterase (C4)
4203	microbiome	Kluyveromyces delphensis	Kluyveromyces delphensis
4204	microbiome	Pichia subpelliculosa	Pichia subpelliculosa
4205	enzyme	naphtol-AS-BI-phosphohydrolase	naphtol-AS-BI-phosphohydrolase
4206	enzyme	α-fucosidase	α-fucosidase
4207	substrate	1-3 β-glucans	1-3 β-glucans
4208	substrate	1-4 β-glucans	1-4 β-glucans
4209	substrate	xyloglucans	xyloglucans
4210	enzyme	xylanase I	xylanase I
4211	enzyme	arabinofuranosidase ABFII	arabinofuranosidase ABFII
4212	enzyme	aldose 1-epimerase 2	aldose 1-epimerase 2
4213	enzyme	glycerol transporter	glycerol transporter
4214	enzyme	antifungal secondary metabolites	antifungal secondary metabolites
4215	microbiome	Plasticicumulans acidivorans	Plasticicumulans acidivorans
4216	enzyme	naringinase	naringinase
4217	substrate	horn meal	horn meal
4218	enzyme	Pr-1	Pr-1
4219	enzyme	St1	St1
4220	enzyme	Pry1	Pry1
4221	enzyme	Pry2	Pry2
4222	enzyme	Pry3	Pry3
4223	substrate	7-dehydrocholesterol	7-dehydrocholesterol
4224	substrate	fecosterol	fecosterol
4225	enzyme	lyticase	lyticase
4226	enzyme	verotoxin	verotoxin
4227	enzyme	acetohydroxyacid synthase	acetohydroxyacid synthase
4228	microbiome	Sphingomonas sp. A1	Sphingomonas sp. A1
4229	enzyme	A1-IV	A1-IV
4230	substrate	alginate	alginate
4231	substrate	oligoalginates	oligoalginates
4232	substrate	unsaturated oligoalginates	unsaturated oligoalginates
4233	substrate	high molecular weight alginate	high molecular weight alginate
4234	microbiome	Trichoderma asperellum	Trichoderma asperellum
4235	enzyme	side chain hemicellulases	side chain hemicellulases
4236	enzyme	Sh.463 shRNA	Sh.463 shRNA
4237	substrate	Shaker genes	Shaker genes
4238	microbiome	Thermoanaerobacterium thermosaccharolyticum	Thermoanaerobacterium thermosaccharolyticum
4239	microbiome	Clostridium cellulosi	Clostridium cellulosi
4240	enzyme	benzoylformate decarboxylase	benzoylformate decarboxylase
4241	enzyme	Aro10p	Aro10p
4242	substrate	benzoylformic acid	benzoylformic acid
4243	microbiome	Lactobacillus delbrueckii subsp. bulgaricus	Lactobacillus delbrueckii subsp. bulgaricus
4244	enzyme	lactose phosphotransferase	lactose phosphotransferase
4245	enzyme	CSLP	CSLP
4246	enzyme	CSLP-CBD	CSLP-CBD
4247	substrate	SIGMACELL	SIGMACELL
4248	microbiome	Aspergillus kawachii	Aspergillus kawachii
4249	enzyme	human bile salt-stimulated lipase	human bile salt-stimulated lipase
4250	substrate	midkine	midkine
4251	enzyme	cyclic nucleotide phosphodiesterase	cyclic nucleotide phosphodiesterase
4252	substrate	Appr>p	Appr>p
4253	substrate	A>p	A>p
4254	enzyme	OsExoII	OsExoII
4255	substrate	4NPGlc	4NPGlc
4256	enzyme	ribulose-1,5-bisphosphate carboxylase/oxygenase	ribulose-1,5-bisphosphate carboxylase/oxygenase
4257	substrate	ribulose-1,5-bisphosphate	ribulose-1,5-bisphosphate
4258	enzyme	lipase A	lipase A
4259	substrate	para-nitrophenol-butyrate	para-nitrophenol-butyrate
4260	substrate	pNP-butyrate	pNP-butyrate
4261	substrate	6-Nitro-3-phenylacetoamido benzoic acid	6-Nitro-3-phenylacetoamido benzoic acid
4262	microbiome	Escherichia coli O157	Escherichia coli O157
4263	enzyme	stx 1	stx 1
4264	substrate	maize	maize
4265	substrate	itaconate	itaconate
4266	microbiome	Pseudomonas aeruginosa 42A2	Pseudomonas aeruginosa 42A2
4267	enzyme	polyhydroxyalkanoate	polyhydroxyalkanoate
4268	substrate	vegetable oil	vegetable oil
4269	substrate	waste oil	waste oil
4270	microbiome	Vibrio natriegens	Vibrio natriegens
4271	enzyme	D,D-carboxypeptidase PBP5/6	D,D-carboxypeptidase PBP5/6
4272	enzyme	D,D-carboxypeptidase PBP4	D,D-carboxypeptidase PBP4
4273	enzyme	SRS pathway	SRS pathway
4274	enzyme	MET gene transcription	MET gene transcription
4275	enzyme	enterobactin	enterobactin
4276	microbiome	Bacillus subtilis HA	Bacillus subtilis HA
4277	substrate	soybean protein	soybean protein
4278	substrate	fibrins	fibrins
4279	enzyme	MDJ1	MDJ1
4280	enzyme	VPS74	VPS74
4281	enzyme	α-dioxygenase	α-dioxygenase
4282	enzyme	fatty acyl-acyl carrier protein thioesterase	fatty acyl-acyl carrier protein thioesterase
4283	enzyme	aldehyde reductase	aldehyde reductase
4284	enzyme	aldehyde decarbonylase	aldehyde decarbonylase
4285	substrate	hexadecanoic acid	hexadecanoic acid
4286	substrate	C n fatty acids	C n fatty acids
4287	substrate	pentadecanal	pentadecanal
4288	substrate	C 14 fatty acids	C 14 fatty acids
4289	substrate	(1-4)-6-O-methyl-a-D-galacturonan	(1-4)-6-O-methyl-a-D-galacturonan
4290	microbiome	Lactobacillus curvatus	Lactobacillus curvatus
4291	enzyme	CrtYB11M	CrtYB11M
4292	enzyme	CrtE03M	CrtE03M
4293	substrate	phytoene	phytoene
4294	substrate	geranylgeranyl diphosphate	geranylgeranyl diphosphate
4295	substrate	long-chain triglycerides	long-chain triglycerides
4296	enzyme	fusarubin	fusarubin
4297	substrate	cholesterol	cholesterol
4298	enzyme	10-deacetylbaccatin III-10-O-acetyl transferase	10-deacetylbaccatin III-10-O-acetyl transferase
4299	substrate	10-deacetylbaccatin III	10-deacetylbaccatin III
4300	substrate	acetyl CoA	acetyl CoA
4301	enzyme	argininosuccinase	argininosuccinase
4302	enzyme	carbamoyl-phosphate synthetase	carbamoyl-phosphate synthetase
4303	enzyme	glutamate polymerase	glutamate polymerase
4304	enzyme	glucose-binding protein	glucose-binding protein
4305	enzyme	glutamine-binding protein	glutamine-binding protein
4306	microbiome	Staphylococcus warneri	Staphylococcus warneri
4307	enzyme	ethanol acyltransferase	ethanol acyltransferase
4308	enzyme	hydrogen formate lyase	hydrogen formate lyase
4309	enzyme	Fab	Fab
4310	enzyme	aflatoxin B 1	aflatoxin B 1
4311	substrate	triglycerides	triglycerides
4312	substrate	zein	zein
4313	microbiome	Tetragenococcus halophilus	Tetragenococcus halophilus
4314	enzyme	tagatose-6-P pathway	tagatose-6-P pathway
4315	enzyme	Leloir pathway	Leloir pathway
4316	enzyme	alpha-galactosidase	alpha-galactosidase
4317	enzyme	glycerol-3-P pathway	glycerol-3-P pathway
4318	enzyme	arginine deiminase pathway	arginine deiminase pathway
4319	enzyme	endo-xylanase	endo-xylanase
4320	enzyme	valerenadiene synthase	valerenadiene synthase
4321	enzyme	alanine dehydrogenase	alanine dehydrogenase
4322	enzyme	alcohol dehydrogenase 2	alcohol dehydrogenase 2
4323	enzyme	alcohol dehydrogenase 3	alcohol dehydrogenase 3
4324	enzyme	alcohol dehydrogenase 4	alcohol dehydrogenase 4
4325	enzyme	intracellular malic enzyme	intracellular malic enzyme
4326	enzyme	deoxyriboaldolase	deoxyriboaldolase
4327	substrate	fructose 1,6-diphosphate	fructose 1,6-diphosphate
4328	substrate	2-deoxyribose 5-phosphate	2-deoxyribose 5-phosphate
4329	enzyme	acetyl-CoA hydrolase	acetyl-CoA hydrolase
4330	microbiome	Bacillus velezensis	Bacillus velezensis
4331	enzyme	alpha-amylase	alpha-amylase
4332	microbiome	Bulleromyces albus	Bulleromyces albus
4333	microbiome	Candida railenensis	Candida railenensis
4334	substrate	4-MUG	4-MUG
4335	substrate	chicken feather	chicken feather
4336	enzyme	chymotrypsin	chymotrypsin
4337	substrate	SUC-LLVY-AMC	SUC-LLVY-AMC
4338	enzyme	ecotin	ecotin
4339	microbiome	Saccharothrix sp. ST-888	Saccharothrix sp. ST-888
4340	enzyme	phosphonothrixin	phosphonothrixin
4341	enzyme	rhodanese	rhodanese
4342	enzyme	cysteine synthase	cysteine synthase
4343	substrate	thiosulfate	thiosulfate
4344	substrate	O-acetyl-L-homoserine	O-acetyl-L-homoserine
4345	enzyme	ERG20 F96C	ERG20 F96C
4346	enzyme	tHmg1p	tHmg1p
4347	enzyme	Pdr10p	Pdr10p
4348	enzyme	Pdr11p	Pdr11p
4349	enzyme	Yol075cp	Yol075cp
4350	enzyme	Pdr1p	Pdr1p
4351	substrate	tocotrienols	tocotrienols
4352	microbiome	Trichoderma harzianum	Trichoderma harzianum
4353	enzyme	subtilisin-like serine protease ThSS45	subtilisin-like serine protease ThSS45
4354	enzyme	lipopeptide biosurfactant	lipopeptide biosurfactant
4355	substrate	crude oil	crude oil
4356	microbiome	Actinosynnema pretiosum	Actinosynnema pretiosum
4357	enzyme	vanillyl alcohol oxidase	vanillyl alcohol oxidase
4358	enzyme	coniferyl alcohol dehydrogenase	coniferyl alcohol dehydrogenase
4359	enzyme	coniferyl aldehyde dehydrogenase	coniferyl aldehyde dehydrogenase
4360	substrate	eugenol	eugenol
4361	substrate	coniferyl alcohol	coniferyl alcohol
4362	enzyme	proteinases	proteinases
4363	enzyme	acetohydroxyacid synthase I	acetohydroxyacid synthase I
4364	microbiome	Acinetobacter toweneri	Acinetobacter toweneri
4365	enzyme	3MI-degrading enzyme	3MI-degrading enzyme
4366	microbiome	Acinetobacter guillouiae	Acinetobacter guillouiae
4367	microbiome	Fusarium roseum	Fusarium roseum
4368	enzyme	cyclosporin A	cyclosporin A
4369	enzyme	glyceraldehyde dehydrogenase	glyceraldehyde dehydrogenase
4370	enzyme	trehalose synthase	trehalose synthase
4371	enzyme	DUR3	DUR3
4372	microbiome	Methanosarcina barkeri	Methanosarcina barkeri
4373	enzyme	acetate transporter	acetate transporter
4374	enzyme	TatAdCd	TatAdCd
4375	enzyme	TatABC	TatABC
4376	substrate	TorA-GFP	TorA-GFP
4377	enzyme	serine protease SL41	serine protease SL41
4378	enzyme	4-coumarate:coenzymeA ligase	4-coumarate:coenzymeA ligase
4379	substrate	paracoumaric acid	paracoumaric acid
4380	microbiome	Debaryomyces vanrijiae	Debaryomyces vanrijiae
4381	microbiome	Candida sake	Candida sake
4382	microbiome	Clostridium bifermentans	Clostridium bifermentans
4383	enzyme	DAG	DAG
4384	microbiome	Bifidobacterium infantis	Bifidobacterium infantis
4385	enzyme	thioesterase YdiI	thioesterase YdiI
4386	enzyme	menaquinone-7	menaquinone-7
4387	enzyme	ARO8	ARO8
4388	enzyme	CAT8	CAT8
4389	enzyme	MIG1	MIG1
4390	substrate	l-phenylalanine	l-phenylalanine
4391	microbiome	Halomonas sp. AAD6	Halomonas sp. AAD6
4392	substrate	lignin-derived phenolic compounds	lignin-derived phenolic compounds
4393	enzyme	serine hydroxymethyl transferase	serine hydroxymethyl transferase
4394	substrate	DL-threo-b-(methylsulfonylphenyl) serine	DL-threo-b-(methylsulfonylphenyl) serine
4395	microbiome	Acremonium cellulolyticus	Acremonium cellulolyticus
4396	enzyme	phosphoeneolpyruvate carboxykinase	phosphoeneolpyruvate carboxykinase
4397	enzyme	NAD-dependent malic enzyme	NAD-dependent malic enzyme
4398	enzyme	P-type ATPase	P-type ATPase
4399	substrate	sodium ions	sodium ions
4400	enzyme	ExuT	ExuT
4401	enzyme	NADP⁺-GAPDH	NADP⁺-GAPDH
4402	enzyme	NAD⁺-GAPDH	NAD⁺-GAPDH
4403	enzyme	D-ribulose 5-phosphate 3-epimerase	D-ribulose 5-phosphate 3-epimerase
4404	enzyme	transketolase-1	transketolase-1
4405	substrate	6-phospho-gluconate	6-phospho-gluconate
4406	enzyme	p-coumaryl-CoA ligase	p-coumaryl-CoA ligase
4407	enzyme	Green Fluorescent Protein	Green Fluorescent Protein
4408	microbiome	Klebsiella aerogenes	Klebsiella aerogenes
4409	enzyme	citrate lyase	citrate lyase
4410	enzyme	organophosphohydrolase	organophosphohydrolase
4411	substrate	paraoxon	paraoxon
4412	microbiome	Lactobacillus rhamnosus GG	Lactobacillus rhamnosus GG
4413	enzyme	phosphoglyceromutase	phosphoglyceromutase
4414	enzyme	deoxyribose-phosphate aldolase	deoxyribose-phosphate aldolase
4415	enzyme	sorbitol-6-phosphate 2-dehydrogenase	sorbitol-6-phosphate 2-dehydrogenase
4416	enzyme	pyruvate-formate lyase	pyruvate-formate lyase
4417	enzyme	aldehyde-alcohol dehydrogenase	aldehyde-alcohol dehydrogenase
4418	enzyme	HslV	HslV
4419	enzyme	HslU	HslU
4420	enzyme	universal stress protein	universal stress protein
4421	enzyme	chaperonin	chaperonin
4422	enzyme	DnaK	DnaK
4423	enzyme	HtrA	HtrA
4424	enzyme	proteinase PrtP	proteinase PrtP
4425	enzyme	PrtM	PrtM
4426	enzyme	PrtR	PrtR
4427	enzyme	oligopeptide-binding protein	oligopeptide-binding protein
4428	enzyme	tripeptidase	tripeptidase
4429	enzyme	proline-specific aminopeptidase	proline-specific aminopeptidase
4430	enzyme	dipeptidase	dipeptidase
4431	enzyme	endopeptidase	endopeptidase
4432	enzyme	ClpL	ClpL
4433	enzyme	ClpE	ClpE
4434	enzyme	Hsp1	Hsp1
4435	enzyme	Hsp3	Hsp3
4436	enzyme	usp	usp
4437	enzyme	hslO	hslO
4438	enzyme	ClpC	ClpC
4439	enzyme	ClpB	ClpB
4440	enzyme	MabA	MabA
4441	enzyme	pilus	pilus
4442	enzyme	InlJ	InlJ
4443	enzyme	p40	p40
4444	enzyme	myosin-cross-reactive antigen	myosin-cross-reactive antigen
4445	substrate	deoxyribose-5-phosphate	deoxyribose-5-phosphate
4446	substrate	sorbitol-6-phosphate	sorbitol-6-phosphate
4447	substrate	pili	pili
4448	microbiome	Diutina rugosa	Diutina rugosa
4449	microbiome	Hanseniaspora opuntiae	Hanseniaspora opuntiae
4450	enzyme	exo-β-d-glucosaminidase	exo-β-d-glucosaminidase
4451	enzyme	CadA	CadA
4452	enzyme	LdcC	LdcC
4453	microbiome	Pichia Pastoris	Pichia Pastoris
4454	enzyme	Glutathione-S-transferase	Glutathione-S-transferase
4455	substrate	Glutathione	Glutathione
4456	substrate	peptone	peptone
4457	enzyme	arabinose isomerase	arabinose isomerase
4458	enzyme	rhamnose isomerase	rhamnose isomerase
4459	substrate	fucose	fucose
4460	enzyme	pectin methylesterase	pectin methylesterase
4461	enzyme	5-oxoprolinase	5-oxoprolinase
4462	substrate	pyroglutamic acid	pyroglutamic acid
4463	enzyme	fatty alcohol oxidase	fatty alcohol oxidase
4464	enzyme	enoyl-ACP reductase	enoyl-ACP reductase
4465	enzyme	acyl-ACP synthetase	acyl-ACP synthetase
4466	enzyme	ferredoxin	ferredoxin
4467	enzyme	ferredoxin-NADP+ reductase	ferredoxin-NADP+ reductase
4468	substrate	fatty aldehydes	fatty aldehydes
4469	substrate	fatty alcohols	fatty alcohols
4470	substrate	fatty acyl-ACP	fatty acyl-ACP
4471	enzyme	fructanase	fructanase
4472	microbiome	Cryptococcus albidus	Cryptococcus albidus
4473	microbiome	Candida apicola	Candida apicola
4474	microbiome	Zygosaccharomyces bisporus	Zygosaccharomyces bisporus
4475	microbiome	Candida boidinii	Candida boidinii
4476	substrate	Agave tequilana fructans	Agave tequilana fructans
4477	substrate	levan	levan
4478	enzyme	ferulate 5-hydroxylase	ferulate 5-hydroxylase
4479	microbiome	Kluyveromyces fragilis	Kluyveromyces fragilis
4480	enzyme	camelysin	camelysin
4481	enzyme	TasA	TasA
4482	enzyme	CalY1	CalY1
4483	enzyme	CalY2	CalY2
4484	substrate	pNPaG	pNPaG
4485	substrate	a-methylglucoside	a-methylglucoside
4486	enzyme	TaqI endonuclease	TaqI endonuclease
4487	enzyme	2-Deoxy-scyllo-inosose synthase	2-Deoxy-scyllo-inosose synthase
4488	substrate	2-Deoxy-scyllo-inosose	2-Deoxy-scyllo-inosose
4489	enzyme	TesA′	TesA′
4490	enzyme	glutamate decarboxylase A	glutamate decarboxylase A
4491	enzyme	melatonin	melatonin
4492	microbiome	Mycobacterium vaccae	Mycobacterium vaccae
4493	microbiome	Phytophthora parasitica	Phytophthora parasitica
4494	enzyme	GLYCEROLIPASE A1	GLYCEROLIPASE A1
4495	substrate	phosphatidylcholine	phosphatidylcholine
4496	enzyme	glutathione S-transferase	glutathione S-transferase
4497	enzyme	GH61D	GH61D
4498	enzyme	ethyl lactate	ethyl lactate
4499	enzyme	ethyl hexanoate	ethyl hexanoate
4500	enzyme	ethyl decanoate	ethyl decanoate
4501	enzyme	ethyl dec-9-enoate	ethyl dec-9-enoate
4502	enzyme	methyl benzoate	methyl benzoate
4503	enzyme	2-phenylacetate	2-phenylacetate
4504	enzyme	2-methylbutyl acetate	2-methylbutyl acetate
4505	microbiome	Aspergillus saccharolyticus	Aspergillus saccharolyticus
4506	microbiome	Aspergillus carbonarius	Aspergillus carbonarius
4507	microbiome	Basfia succiniciproducens	Basfia succiniciproducens
4508	enzyme	Glyceraldehyde-3phosphate dehydrogenase	Glyceraldehyde-3phosphate dehydrogenase
4509	microbiome	Pichia pastoris αMnP1-1	Pichia pastoris αMnP1-1
4510	enzyme	recombinant manganese peroxidase	recombinant manganese peroxidase
4511	enzyme	T4moH	T4moH
4512	enzyme	extracellular sucrase	extracellular sucrase
4513	microbiome	Sanghuangporus vaninii	Sanghuangporus vaninii
4514	enzyme	P450 monooxygenase	P450 monooxygenase
4515	substrate	triterpenoids	triterpenoids
4516	microbiome	Talaromyces pinophilus	Talaromyces pinophilus
4517	enzyme	HMF reductase	HMF reductase
4518	enzyme	AcTesA	AcTesA
4519	substrate	C8-C16 acyl groups	C8-C16 acyl groups
4520	microbiome	Allochromatium vinosum	Allochromatium vinosum
4521	microbiome	Saccharomyces bacillaris	Saccharomyces bacillaris
4522	enzyme	orotidine-5-phosphate decarboxylase	orotidine-5-phosphate decarboxylase
4523	substrate	orotic acid	orotic acid
4524	enzyme	Pdc2pΔ519	Pdc2pΔ519
4525	enzyme	Pdc2pΔ344	Pdc2pΔ344
4526	enzyme	nicotinic acid phosphoribosyltransferase	nicotinic acid phosphoribosyltransferase
4527	microbiome	Lactobacillus amylophilus GV6	Lactobacillus amylophilus GV6
4528	substrate	geranyl acetate	geranyl acetate
4529	enzyme	DcPAB	DcPAB
4530	enzyme	Gt6CGT	Gt6CGT
4531	substrate	luteolin	luteolin
4532	enzyme	enzyme EIIA	enzyme EIIA
4533	enzyme	enzyme EIIBC	enzyme EIIBC
4534	substrate	fructose-1-phosphate	fructose-1-phosphate
4535	substrate	erythrose 4-phosphate	erythrose 4-phosphate
4536	microbiome	Streptomyces coelicolor	Streptomyces coelicolor
4537	enzyme	6-deoxyerythronolide B synthase	6-deoxyerythronolide B synthase
4538	enzyme	DEBS	DEBS
4539	enzyme	DEBS-KS1°	DEBS-KS1°
4540	substrate	diketide	diketide
4541	enzyme	AAD6	AAD6
4542	substrate	methionol	methionol
4543	microbiome	Lactobacillus amylovorus	Lactobacillus amylovorus
4544	enzyme	amylovorin L471	amylovorin L471
4545	enzyme	enterocin RZS C5	enterocin RZS C5
4546	substrate	L-lactate	L-lactate
4547	substrate	carbamate	carbamate
4548	enzyme	formate hydrogen-lyase	formate hydrogen-lyase
4549	microbiome	Streptomyces fradiae	Streptomyces fradiae
4550	enzyme	methylmalonyl-CoA carboxyltransferase	methylmalonyl-CoA carboxyltransferase
4551	enzyme	propionyl-CoA carboxylase	propionyl-CoA carboxylase
4552	enzyme	macrocin 3'-O-methyltransferase	macrocin 3'-O-methyltransferase
4553	substrate	macrocin	macrocin
4554	substrate	tylonolide precursors	tylonolide precursors
4555	enzyme	hGH	hGH
4556	microbiome	Penicillium sp.	Penicillium sp.
4557	microbiome	Colletotrichum sp.	Colletotrichum sp.
4558	enzyme	lycopene ε-cyclase	lycopene ε-cyclase
4559	enzyme	CYP97A3	CYP97A3
4560	enzyme	LUT1	LUT1
4561	enzyme	RFNR1	RFNR1
4562	enzyme	FD3	FD3
4563	substrate	δ-carotene	δ-carotene
4564	substrate	zeinoxanthin	zeinoxanthin
4565	microbiome	Candida utilis	Candida utilis
4566	microbiome	Aspergillus ficuum NRRL 3135	Aspergillus ficuum NRRL 3135
4567	microbiome	Mucor racemosus NRRL 1994	Mucor racemosus NRRL 1994
4568	microbiome	Rhizopus oligosporus NRRL 5905	Rhizopus oligosporus NRRL 5905
4569	enzyme	Cellic Ctec2	Cellic Ctec2
4570	enzyme	Novozym 188	Novozym 188
4571	microbiome	Clover rhizobia	Clover rhizobia
4572	enzyme	malonic acid synthetase	malonic acid synthetase
4573	enzyme	malonic acid carrier protein	malonic acid carrier protein
4574	substrate	malonic acid	malonic acid
4575	enzyme	LovD	LovD
4576	substrate	monacolin J sodium salt	monacolin J sodium salt
4577	enzyme	MALx1	MALx1
4578	microbiome	Streptomyces sp. WP-1	Streptomyces sp. WP-1
4579	enzyme	fungichromin	fungichromin
4580	substrate	Fusarium oxysporum	Fusarium oxysporum
4581	microbiome	Clostridium kluyveri	Clostridium kluyveri
4582	microbiome	Daedalea flavida	Daedalea flavida
4583	enzyme	non-reducing polyketide synthase	non-reducing polyketide synthase
4584	substrate	phleichrome	phleichrome
4585	enzyme	ADH3	ADH3
4586	substrate	bioethanol	bioethanol
4587	enzyme	yGrx2	yGrx2
4588	enzyme	yGrx1	yGrx1
4589	enzyme	xylB	xylB
4590	enzyme	xylC	xylC
4591	microbiome	Pseudomonas sp. HP207	Pseudomonas sp. HP207
4592	substrate	CMC-Na	CMC-Na
4593	microbiome	Mucor rouxii	Mucor rouxii
4594	enzyme	chitin synthetase	chitin synthetase
4595	enzyme	Y2 receptor	Y2 receptor
4596	substrate	AZCL-HE-cellulose	AZCL-HE-cellulose
4597	enzyme	glucose-6-phosphate isomerase	glucose-6-phosphate isomerase
4598	substrate	O2•-	O2•-
4599	microbiome	Flavobacterium kingsejongi	Flavobacterium kingsejongi
4600	enzyme	4-hydroxyphenylpyruvate dioxygenase	4-hydroxyphenylpyruvate dioxygenase
4601	enzyme	HPPD	HPPD
4602	substrate	4-HPP	4-HPP
4603	enzyme	Viscozyme	Viscozyme
4604	enzyme	acidic protease	acidic protease
4605	substrate	coconut oil cake	coconut oil cake
4606	microbiome	Alcaligenes sp. NCIM 5085	Alcaligenes sp. NCIM 5085
4607	enzyme	Cip2	Cip2
4608	enzyme	Cel6A	Cel6A
4609	enzyme	Cel5A	Cel5A
4610	enzyme	Cel7B	Cel7B
4611	enzyme	Cel61b	Cel61b
4612	enzyme	Cel3A	Cel3A
4613	enzyme	Xyn1	Xyn1
4614	enzyme	Xyn3	Xyn3
4615	enzyme	Cel74A	Cel74A
4616	enzyme	Bxl1	Bxl1
4617	enzyme	Man5A	Man5A
4618	enzyme	angiotensin-converting enzyme	angiotensin-converting enzyme
4619	substrate	d-allulose	d-allulose
4620	enzyme	α-rhamnopyranosidase	α-rhamnopyranosidase
4621	substrate	p-nitrophenyl-glycosides	p-nitrophenyl-glycosides
4622	microbiome	heterofermentative lactic acid bacteria	heterofermentative lactic acid bacteria
4623	microbiome	Enterococcus faecalis	Enterococcus faecalis
4624	substrate	PGA	PGA
4625	enzyme	LAC4	LAC4
4626	enzyme	LAC12	LAC12
4627	enzyme	aryl-alcohol dehydrogenase	aryl-alcohol dehydrogenase
4628	enzyme	NADPH dehydrogenase 3	NADPH dehydrogenase 3
4629	enzyme	glutathione S-transferase 2	glutathione S-transferase 2
4630	substrate	patulin	patulin
4631	microbiome	Aspergillus tamarii	Aspergillus tamarii
4632	enzyme	glycerol-1-phosphate phosphohydrolase 2	glycerol-1-phosphate phosphohydrolase 2
4633	enzyme	Thi13p	Thi13p
4634	enzyme	glyceraldehydes-3-phosphate dehydrogenase	glyceraldehydes-3-phosphate dehydrogenase
4635	microbiome	Escherichia coli BL21 (DE3-lac1G)	Escherichia coli BL21 (DE3-lac1G)
4636	microbiome	Escherichia coli C41 (DE3)	Escherichia coli C41 (DE3)
4637	microbiome	Bifidobacterium animalis	Bifidobacterium animalis
4638	enzyme	carboxypeptidase C	carboxypeptidase C
4639	enzyme	aspartate ammonia-lyase	aspartate ammonia-lyase
4640	enzyme	oligo-1,6-glucosidase	oligo-1,6-glucosidase
4641	enzyme	UDP-N-acetylmuramoyl-tripeptide-D-alanyl-D-alanine ligase	UDP-N-acetylmuramoyl-tripeptide-D-alanyl-D-alanine ligase
4642	enzyme	phospho-N-acetylmuramoylpentapeptide-transferase	phospho-N-acetylmuramoylpentapeptide-transferase
4643	enzyme	penicillin binding protein transpeptidase	penicillin binding protein transpeptidase
4644	enzyme	oxidoreductase	oxidoreductase
4645	microbiome	Aspergillus foetidus	Aspergillus foetidus
4646	enzyme	AdhE	AdhE
4647	substrate	o-nitrophenyl-b-D-galactopyranoside	o-nitrophenyl-b-D-galactopyranoside
4648	enzyme	Hog1	Hog1
4649	enzyme	Ctt1	Ctt1
4650	enzyme	protein kinase Snf1	protein kinase Snf1
4651	enzyme	PHBV	PHBV
4652	substrate	short-chain carboxylates	short-chain carboxylates
4653	microbiome	Streptomyces sp. 1-14	Streptomyces sp. 1-14
4654	enzyme	bioactive metabolites	bioactive metabolites
4655	enzyme	saponinase	saponinase
4656	substrate	saponins	saponins
4657	enzyme	phospho-β-galactosidase	phospho-β-galactosidase
4658	microbiome	Streptomyces albidoflavus	Streptomyces albidoflavus
4659	microbiome	Aeromonas spp.	Aeromonas spp.
4660	enzyme	β-carotene 15,15′-dioxygenase	β-carotene 15,15′-dioxygenase
4661	substrate	β-carotene	β-carotene
4662	enzyme	VMA13	VMA13
4663	enzyme	NADPH-dependent GDH	NADPH-dependent GDH
4664	microbiome	Penicillium monoverticillium	Penicillium monoverticillium
4665	enzyme	b-N-acetylhexosaminidase	b-N-acetylhexosaminidase
4666	enzyme	4-hydroxyphenylacetate 3-hydroxylase	4-hydroxyphenylacetate 3-hydroxylase
4667	microbiome	Micromonospora	Micromonospora
4668	enzyme	rustmicin	rustmicin
4669	enzyme	TSL1	TSL1
4670	enzyme	TPS2	TPS2
4671	enzyme	TPS3	TPS3
4672	enzyme	ALD2	ALD2
4673	enzyme	ALD5	ALD5
4674	enzyme	SOD1	SOD1
4675	enzyme	SOD2	SOD2
4676	enzyme	DLD1	DLD1
4677	enzyme	CTT1	CTT1
4678	enzyme	HSP12	HSP12
4679	enzyme	NRG1	NRG1
4680	enzyme	SDS3	SDS3
4681	substrate	p-anisyl	p-anisyl
4682	substrate	grape precursor compounds	grape precursor compounds
4683	microbiome	Efa2412	Efa2412
4684	microbiome	Lla2125	Lla2125
4685	microbiome	Lla244	Lla244
4686	substrate	b-casein	b-casein
4687	substrate	as1-casein	as1-casein
4688	substrate	a1-conglutin	a1-conglutin
4689	substrate	b-conglutin	b-conglutin
4690	substrate	aS1-casein	aS1-casein
4691	substrate	aS2-casein	aS2-casein
4692	substrate	k-casein	k-casein
4693	microbiome	Acetobacter	Acetobacter
4694	enzyme	iso-amylase	iso-amylase
4695	enzyme	THU	THU
4696	enzyme	cephalosporin C acetyl hydrolase	cephalosporin C acetyl hydrolase
4697	substrate	cephalosporin C	cephalosporin C
4698	enzyme	enzyme V	enzyme V
4699	enzyme	system S	system S
4700	enzyme	HpHap4-Ap	HpHap4-Ap
4701	enzyme	SUMO protease	SUMO protease
4702	enzyme	Factor Xa protease	Factor Xa protease
4703	substrate	MBP-SUMO-IL-24	MBP-SUMO-IL-24
4704	substrate	MBP-IL-24	MBP-IL-24
4705	enzyme	h-galactosidase	h-galactosidase
4706	enzyme	mannitol-1-phosphatase	mannitol-1-phosphatase
4707	substrate	mannitol-1-phosphate	mannitol-1-phosphate
4708	substrate	phosphite	phosphite
4709	enzyme	NAD-dependent glycerol dehydrogenase	NAD-dependent glycerol dehydrogenase
4710	substrate	L-glycerol 3-phosphate	L-glycerol 3-phosphate
4711	enzyme	Phosphoglucomutase 2	Phosphoglucomutase 2
4712	enzyme	MEP3	MEP3
4713	microbiome	Trichoderma	Trichoderma
4714	microbiome	Phanerochaete	Phanerochaete
4715	enzyme	LiP	LiP
4716	enzyme	EglS	EglS
4717	substrate	corncob	corncob
4718	enzyme	MET17	MET17
4719	enzyme	HOM2	HOM2
4720	microbiome	Saccharomyces cerevisiae | SER33	Saccharomyces cerevisiae | SER33
4721	enzyme	CYS4	CYS4
4722	enzyme	MET3	MET3
4723	microbiome	Saccharomyces cerevisiae | MET5	Saccharomyces cerevisiae | MET5
4724	enzyme	MET10	MET10
4725	enzyme	MET1	MET1
4726	substrate	hydrogen sulfide	hydrogen sulfide
4727	substrate	butenoic acid	butenoic acid
4728	enzyme	FdrA	FdrA
4729	substrate	allantoin	allantoin
4730	enzyme	D-xylose dehydrogenase	D-xylose dehydrogenase
4731	enzyme	aldehyde reductase YqhD	aldehyde reductase YqhD
4732	substrate	glycoaldehyde	glycoaldehyde
4733	microbiome	Streptomyces galilaeus	Streptomyces galilaeus
4734	enzyme	actIII	actIII
4735	substrate	aklavinone	aklavinone
4736	enzyme	isobutanol dehydrogenase	isobutanol dehydrogenase
4737	enzyme	hydrogenase 4	hydrogenase 4
4738	enzyme	isoamyl acetate	isoamyl acetate
4739	enzyme	phenylethyl acetate	phenylethyl acetate
4740	substrate	cocoa pulp	cocoa pulp
4741	substrate	p-nitrophenyl-α-d-galactopyranoside	p-nitrophenyl-α-d-galactopyranoside
4742	enzyme	OrfZ	OrfZ
4743	substrate	4-hydroxybutyric acid	4-hydroxybutyric acid
4744	microbiome	Saccharomyces cerevisiae | Dga1ΔNp	Saccharomyces cerevisiae | Dga1ΔNp
4745	enzyme	L-glutamate	L-glutamate
4746	enzyme	LeuDH	LeuDH
4747	enzyme	polysaccharide lyase	polysaccharide lyase
4748	enzyme	α-1,6-mannanase	α-1,6-mannanase
4749	enzyme	N-acetyl-glucosamine-6-phosphate deacetylase	N-acetyl-glucosamine-6-phosphate deacetylase
4750	enzyme	α-L-arabinofuranosidase	α-L-arabinofuranosidase
4751	enzyme	xylogalacturonan hydrolase	xylogalacturonan hydrolase
4752	enzyme	N-acetyl-beta-hexosaminidase	N-acetyl-beta-hexosaminidase
4753	enzyme	glucan endo-1,3(4)-beta-D-glucosidase	glucan endo-1,3(4)-beta-D-glucosidase
4754	enzyme	glucan endo-1,3-beta-glucosidase	glucan endo-1,3-beta-glucosidase
4755	enzyme	glucan endo-1,6-beta-glucanase	glucan endo-1,6-beta-glucanase
4756	enzyme	alpha,alpha-trehalase	alpha,alpha-trehalase
4757	enzyme	beta-1,3-mannanase	beta-1,3-mannanase
4758	enzyme	endo-beta-1,4-mannosidase	endo-beta-1,4-mannosidase
4759	enzyme	S-formylglutathione hydrolase	S-formylglutathione hydrolase
4760	substrate	acetylxylan	acetylxylan
4761	substrate	β-glucosides	β-glucosides
4762	substrate	α-1,6-mannans	α-1,6-mannans
4763	substrate	N-acetyl-glucosamine-6-phosphate	N-acetyl-glucosamine-6-phosphate
4764	substrate	β-xylosides	β-xylosides
4765	substrate	α-L-arabinofuranosides	α-L-arabinofuranosides
4766	substrate	β-1,3-glucans	β-1,3-glucans
4767	substrate	xylogalacturonan	xylogalacturonan
4768	substrate	N-acetyl-beta-hexosamines	N-acetyl-beta-hexosamines
4769	substrate	alpha-galactosides	alpha-galactosides
4770	substrate	mannan	mannan
4771	substrate	S-formylglutathione	S-formylglutathione
4772	substrate	acetyl esters	acetyl esters
4773	enzyme	urethanase	urethanase
4774	enzyme	ornithine transcarbamoylase	ornithine transcarbamoylase
4775	substrate	ethyl carbamate	ethyl carbamate
4776	enzyme	heparinase	heparinase
4777	microbiome	Flavobacterium heparinum	Flavobacterium heparinum
4778	substrate	heparin	heparin
4779	enzyme	xanthine phosphoribosyltransferase	xanthine phosphoribosyltransferase
4780	enzyme	hypoxanthine phosphoribosyltransferase	hypoxanthine phosphoribosyltransferase
4781	substrate	xanthine	xanthine
4782	microbiome	Saturnispora diversa	Saturnispora diversa
4783	enzyme	acetoin reductase	acetoin reductase
4784	enzyme	lipoate-protein ligase A	lipoate-protein ligase A
4785	microbiome	Vibrio vulnificus	Vibrio vulnificus
4786	enzyme	lipoate synthase	lipoate synthase
4787	substrate	octanoic acid	octanoic acid
4788	enzyme	pyruvate kinase 1	pyruvate kinase 1
4789	enzyme	fructose biphosphate aldolase	fructose biphosphate aldolase
4790	substrate	fructose biphosphate	fructose biphosphate
4791	substrate	MCC	MCC
4792	substrate	3-hydroxybutyryl-CoA	3-hydroxybutyryl-CoA
4793	microbiome	Bacillus sp. RX3-17	Bacillus sp. RX3-17
4794	microbiome	Fusobacterium mortiferum	Fusobacterium mortiferum
4795	enzyme	sucrose 6-phosphate hydrolase	sucrose 6-phosphate hydrolase
4796	enzyme	ATP-dependent fructokinase	ATP-dependent fructokinase
4797	substrate	sucrose 6-phosphate	sucrose 6-phosphate
4798	substrate	NH 3 -N	NH 3 -N
4799	substrate	TVFA	TVFA
4800	substrate	NH3-N	NH3-N
4801	enzyme	Pectate lyase A	Pectate lyase A
4802	substrate	butenoyl-acyl carrier protein	butenoyl-acyl carrier protein
4803	microbiome	Escherichia coli FB-04	Escherichia coli FB-04
4804	enzyme	Pta	Pta
4805	microbiome	Escherichia coli CCTCC M 2016009	Escherichia coli CCTCC M 2016009
4806	enzyme	Pta1	Pta1
4807	enzyme	xylA3	xylA3
4808	enzyme	tal1	tal1
4809	enzyme	26S proteasome	26S proteasome
4810	enzyme	Oye2p	Oye2p
4811	enzyme	Vhs1p	Vhs1p
4812	enzyme	XKS	XKS
4813	enzyme	lactose permease	lactose permease
4814	enzyme	sugar efflux proteins family	sugar efflux proteins family
4815	enzyme	HsChiA1p	HsChiA1p
4816	substrate	p-NP-(GlcNAc)3	p-NP-(GlcNAc)3
4817	substrate	p-NP-(GlcNAc)	p-NP-(GlcNAc)
4818	substrate	crystalline chitin	crystalline chitin
4819	substrate	Mn2+	Mn2+
4820	substrate	Acid Red 18	Acid Red 18
4821	substrate	Orange G	Orange G
4822	enzyme	SuperScript III	SuperScript III
4823	microbiome	Escherichia coli JMB109/A-53	Escherichia coli JMB109/A-53
4824	microbiome	Bacillus subtilis subsp. subtilis A-53	Bacillus subtilis subsp. subtilis A-53
4825	microbiome	Bacillus atrophaeus	Bacillus atrophaeus
4826	enzyme	spore production	spore production
4827	enzyme	spore	spore
4828	substrate	oat β-glucan	oat β-glucan
4829	substrate	4-nitrophenyl-b-Dglucopyranoside	4-nitrophenyl-b-Dglucopyranoside
4830	substrate	4-methylumbellyferyl b-Dglucopyranoside	4-methylumbellyferyl b-Dglucopyranoside
4831	enzyme	PMLA	PMLA
4832	enzyme	IFN α-2b	IFN α-2b
4833	enzyme	G-CSF	G-CSF
4834	enzyme	NAD+-dependent aldehyde dehydrogenase	NAD+-dependent aldehyde dehydrogenase
4835	enzyme	NADP+-dependent aldehyde dehydrogenase	NADP+-dependent aldehyde dehydrogenase
4836	substrate	MCF-7 human breast cancer cells	MCF-7 human breast cancer cells
4837	enzyme	heme biosynthesis genes	heme biosynthesis genes
4838	substrate	PPIX	PPIX
4839	substrate	IgG	IgG
4840	enzyme	NADP-dependent acetaldehyde dehydrogenase	NADP-dependent acetaldehyde dehydrogenase
4841	substrate	p-NPC	p-NPC
4842	enzyme	LXR3	LXR3
4843	substrate	D-ribulose	D-ribulose
4844	enzyme	cyclopropane synthase	cyclopropane synthase
4845	enzyme	monooxygenase	monooxygenase
4846	enzyme	tryptophan synthetase	tryptophan synthetase
4847	enzyme	tryptophanase α subunit	tryptophanase α subunit
4848	microbiome	Lactococcus lactis subsp. lactis	Lactococcus lactis subsp. lactis
4849	enzyme	FucO	FucO
4850	substrate	5-HMF	5-HMF
4851	enzyme	soybean seed coat peroxidase	soybean seed coat peroxidase
4852	enzyme	KDO 8-P phosphatase	KDO 8-P phosphatase
4853	substrate	KDO 8-P	KDO 8-P
4854	enzyme	scFv-enzyme fusion protein	scFv-enzyme fusion protein
4855	enzyme	CYP725A4	CYP725A4
4856	enzyme	Taxus POR	Taxus POR
4857	substrate	taxadiene	taxadiene
4858	substrate	iso-taxadiene	iso-taxadiene
4859	enzyme	pAMF RS	pAMF RS
4860	microbiome	Bacillus vallismortis	Bacillus vallismortis
4861	enzyme	Cellic®CTec2	Cellic®CTec2
4862	microbiome	Bacillus aestuarii	Bacillus aestuarii
4863	microbiome	Brettanomyces claussenii	Brettanomyces claussenii
4864	substrate	butanediol	butanediol
4865	microbiome	Pichia pastoris GS115	Pichia pastoris GS115
4866	enzyme	recombinant phospholipase B	recombinant phospholipase B
4867	substrate	phospholipids	phospholipids
4868	substrate	PC	PC
4869	substrate	4-nitrophenyl-β-D-glucuronide	4-nitrophenyl-β-D-glucuronide
4870	microbiome	Saccharomyces cerevisiae var. chevalieri	Saccharomyces cerevisiae var. chevalieri
4871	enzyme	β-amylase	β-amylase
4872	enzyme	feruloyl esterase A	feruloyl esterase A
4873	microbiome	Meiothermus ruber	Meiothermus ruber
4874	substrate	p-nitrophenyl phosphate	p-nitrophenyl phosphate
4875	microbiome	Nonomuraea flexuosa	Nonomuraea flexuosa
4876	enzyme	Nf Xyn11A	Nf Xyn11A
4877	substrate	birch xylan	birch xylan
4878	enzyme	WrbA	WrbA
4879	microbiome	Archaeoglobus fulgidus	Archaeoglobus fulgidus
4880	enzyme	PhzH	PhzH
4881	substrate	phenazine-1-carboxylic acid	phenazine-1-carboxylic acid
4882	enzyme	6-phosphogluconate dehydrase	6-phosphogluconate dehydrase
4883	enzyme	adenine deaminase	adenine deaminase
4884	substrate	adenine	adenine
4885	microbiome	Eupenicillium parvum	Eupenicillium parvum
4886	enzyme	azadirachtin A	azadirachtin A
4887	enzyme	azadirachtin B	azadirachtin B
4888	enzyme	Eaf3p	Eaf3p
4889	substrate	GAT1	GAT1
4890	substrate	CAN1	CAN1
4891	substrate	LYP1	LYP1
4892	substrate	GLN3	GLN3
4893	substrate	HIP1	HIP1
4894	enzyme	UGT73B6 FS	UGT73B6 FS
4895	substrate	rosmarinic acid analogs	rosmarinic acid analogs
4896	substrate	xanthones	xanthones
4897	substrate	honokiol	honokiol
4898	enzyme	endo-␤-glycosidase	endo-␤-glycosidase
4899	substrate	p-nitrophenyl ␤-lactoside	p-nitrophenyl ␤-lactoside
4900	substrate	p-nitrophenyl ␤-N-acetyllactosaminide	p-nitrophenyl ␤-N-acetyllactosaminide
4901	enzyme	oANG	oANG
4902	enzyme	MnCAT	MnCAT
4903	enzyme	R-3-hydroxybutyric acid	R-3-hydroxybutyric acid
4904	enzyme	acetate esterase	acetate esterase
4905	substrate	2-phenylethyl acetate	2-phenylethyl acetate
4906	enzyme	OM-PLA1	OM-PLA1
4907	substrate	soybean lecithin	soybean lecithin
4908	enzyme	Gre3	Gre3
4909	enzyme	Xyl1	Xyl1
4910	enzyme	Fdh1	Fdh1
4911	enzyme	Fdh2	Fdh2
4912	enzyme	YPL276W	YPL276W
4913	enzyme	GSH1	GSH1
4914	enzyme	GSH2	GSH2
4915	enzyme	GTT1	GTT1
4916	enzyme	URE2	URE2
4917	enzyme	GLR1	GLR1
4918	enzyme	IDP3	IDP3
4919	enzyme	IDP2	IDP2
4920	enzyme	GND2	GND2
4921	microbiome	Saccharomyces cerevisiae | ZWF1	Saccharomyces cerevisiae | ZWF1
4922	enzyme	PRX1	PRX1
4923	enzyme	GPP1	GPP1
4924	enzyme	GPP2	GPP2
4925	enzyme	GRE1	GRE1
4926	enzyme	SIP18	SIP18
4927	enzyme	ZNF1	ZNF1
4928	enzyme	AQY3	AQY3
4929	microbiome	Saccharomyces cerevisiae | SCW4	Saccharomyces cerevisiae | SCW4
4930	enzyme	GAS2	GAS2
4931	enzyme	GAS5	GAS5
4932	enzyme	OLE1	OLE1
4933	enzyme	CAT2	CAT2
4934	enzyme	YAT1	YAT1
4935	enzyme	YAT2	YAT2
4936	enzyme	FAA4	FAA4
4937	enzyme	NCR1	NCR1
4938	microbiome	Saccharomyces cerevisiae | LCB4	Saccharomyces cerevisiae | LCB4
4939	enzyme	LAC1	LAC1
4940	enzyme	LIP1	LIP1
4941	enzyme	LAG1	LAG1
4942	microbiome	Saccharomyces cerevisiae | LCB3	Saccharomyces cerevisiae | LCB3
4943	enzyme	PLC1	PLC1
4944	enzyme	TGL3	TGL3
4945	enzyme	DGA1	DGA1
4946	enzyme	TGL4	TGL4
4947	enzyme	SFK1	SFK1
4948	enzyme	TGL5	TGL5
4949	enzyme	NTE1	NTE1
4950	enzyme	PGC1	PGC1
4951	enzyme	GDE1	GDE1
4952	enzyme	ARV1	ARV1
4953	enzyme	DCI1	DCI1
4954	enzyme	YEH1	YEH1
4955	microbiome	Saccharomyces cerevisiae | YEH2	Saccharomyces cerevisiae | YEH2
4956	enzyme	ERG27	ERG27
4957	enzyme	ERG4	ERG4
4958	enzyme	ERG28	ERG28
4959	enzyme	ERG26	ERG26
4960	enzyme	ERG29	ERG29
4961	enzyme	HXT13	HXT13
4962	enzyme	MAL11	MAL11
4963	enzyme	GAL2	GAL2
4964	microbiome	Saccharomyces cerevisiae | MAL31	Saccharomyces cerevisiae | MAL31
4965	enzyme	HXT6	HXT6
4966	enzyme	HXT12	HXT12
4967	enzyme	FIT2	FIT2
4968	microbiome	Saccharomyces cerevisiae | FIT3	Saccharomyces cerevisiae | FIT3
4969	enzyme	FRE3	FRE3
4970	enzyme	FRE5	FRE5
4971	enzyme	FET4	FET4
4972	microbiome	Saccharomyces cerevisiae | ARN2	Saccharomyces cerevisiae | ARN2
4973	enzyme	ENB1	ENB1
4974	microbiome	Saccharomyces cerevisiae | CCC1	Saccharomyces cerevisiae | CCC1
4975	enzyme	MRS3	MRS3
4976	substrate	osmotic stress	osmotic stress
4977	enzyme	oxalic acid	oxalic acid
4978	substrate	zinc	zinc
4979	microbiome	Ênococcus úni CECT 4100	Ênococcus úni CECT 4100
4980	microbiome	Bacteroides fragilis	Bacteroides fragilis
4981	enzyme	IPS	IPS
4982	enzyme	hydroxynitrile lyase	hydroxynitrile lyase
4983	substrate	mandelonitrile	mandelonitrile
4984	enzyme	myo-inositol oxygenase	myo-inositol oxygenase
4985	enzyme	uronate dehydrogenase	uronate dehydrogenase
4986	substrate	myo-inositol	myo-inositol
4987	substrate	glucuronic acid	glucuronic acid
4988	enzyme	MALx2	MALx2
4989	substrate	a-glucoside	a-glucoside
4990	microbiome	Escherichia coli CFT073	Escherichia coli CFT073
4991	enzyme	glycyl radical diol dehydratase	glycyl radical diol dehydratase
4992	microbiome	Piromyces	Piromyces
4993	enzyme	brazzein	brazzein
4994	enzyme	GAD	GAD
4995	substrate	L-glutamic acid	L-glutamic acid
4996	enzyme	dimethylglycine dehydrogenase	dimethylglycine dehydrogenase
4997	substrate	dimethylglycine	dimethylglycine
4998	enzyme	Co-type NHase	Co-type NHase
4999	enzyme	FumA	FumA
5000	enzyme	FumC	FumC
5001	enzyme	FumB	FumB
5002	enzyme	EstZ esterase	EstZ esterase
5003	substrate	α-naphthyl acetate	α-naphthyl acetate
5004	substrate	propyl acetate	propyl acetate
5005	enzyme	β-mannosidase	β-mannosidase
5006	substrate	1,4-β-d-mannan	1,4-β-d-mannan
5007	substrate	3-mercaptopropionic acid	3-mercaptopropionic acid
5008	enzyme	glycosidase	glycosidase
5009	enzyme	β-lyase	β-lyase
5010	enzyme	MK (V13D/S148I/V301E)	MK (V13D/S148I/V301E)
5011	enzyme	β-alanine-pyruvate aminotransferase	β-alanine-pyruvate aminotransferase
5012	enzyme	3-hydroxypropanoate dehydrogenase	3-hydroxypropanoate dehydrogenase
5013	enzyme	3-hydroxyisobutyrate dehydrogenase	3-hydroxyisobutyrate dehydrogenase
5014	substrate	3-hydroxypropionic acid	3-hydroxypropionic acid
5015	substrate	palm kernel oil	palm kernel oil
5016	substrate	cetyl stearate	cetyl stearate
5017	substrate	stearyl palmitate	stearyl palmitate
5018	enzyme	aklavinone 12-hydroxylase	aklavinone 12-hydroxylase
5019	enzyme	C-glucosyltransferase	C-glucosyltransferase
5020	substrate	flavokermesic acid	flavokermesic acid
5021	enzyme	NADP-dependent glyceraldehyde-3-phosphate dehydrogenase	NADP-dependent glyceraldehyde-3-phosphate dehydrogenase
5022	enzyme	NAD-dependent acetaldehyde dehydrogenase	NAD-dependent acetaldehyde dehydrogenase
5023	enzyme	NAD-dependent fumarate reductase	NAD-dependent fumarate reductase
5024	enzyme	PKB kinase	PKB kinase
5025	enzyme	K3 type killer toxin	K3 type killer toxin
5026	enzyme	CTB	CTB
5027	enzyme	UDPG pyrophosphorylase	UDPG pyrophosphorylase
5028	enzyme	intimin	intimin
5029	microbiome	Lactobacillus manihotivorans	Lactobacillus manihotivorans
5030	microbiome	Leuconostoc	Leuconostoc
5031	microbiome	Acetobacterium woodii	Acetobacterium woodii
5032	enzyme	cI-insulin B hybrid protein	cI-insulin B hybrid protein
5033	enzyme	cystathionine γ-lyase	cystathionine γ-lyase
5034	enzyme	cystathionine β-lyase	cystathionine β-lyase
5035	enzyme	lactoylglutathione lyase	lactoylglutathione lyase
5036	substrate	cystathionine	cystathionine
5037	substrate	homocysteine	homocysteine
5038	microbiome	Microbulbifer sp. Q7	Microbulbifer sp. Q7
5039	enzyme	agarase	agarase
5040	enzyme	PdxS	PdxS
5041	enzyme	PdxT	PdxT
5042	enzyme	GND1	GND1
5043	enzyme	GRE2	GRE2
5044	enzyme	His6-tagged EcGGT	His6-tagged EcGGT
5045	substrate	L-c-Glu-p-NA	L-c-Glu-p-NA
5046	enzyme	acyl CoA thioesterase YciA	acyl CoA thioesterase YciA
5047	enzyme	acetaldehyde dehydrogenase MhpF	acetaldehyde dehydrogenase MhpF
5048	enzyme	aldehyde dehydrogenase AldB	aldehyde dehydrogenase AldB
5049	substrate	ethyl esters of fatty acids	ethyl esters of fatty acids
5050	enzyme	SpCRTR	SpCRTR
5051	substrate	canthaxanthin	canthaxanthin
5052	microbiome	Natrinema sp. BTSH10	Natrinema sp. BTSH10
5053	enzyme	halocin SH10	halocin SH10
5054	microbiome	Cochliobolus hawaiiensis	Cochliobolus hawaiiensis
5055	substrate	fibrin	fibrin
5056	microbiome	Aspergillus parasiticus	Aspergillus parasiticus
5057	substrate	biphenyl	biphenyl
5058	microbiome	Saccharomyces cerevisiae | CDT-2 mutant I96N/T487A	Saccharomyces cerevisiae | CDT-2 mutant I96N/T487A
5059	enzyme	CDT-2 mutant I96N/T487A	CDT-2 mutant I96N/T487A
5060	enzyme	hexahistidine tag	hexahistidine tag
5061	substrate	rhamnose	rhamnose
5062	microbiome	Bacillus subtilis NX-2	Bacillus subtilis NX-2
5063	substrate	d-glutamate	d-glutamate
5064	enzyme	ZM4-edd	ZM4-edd
5065	microbiome	Escherichia coli | ZM4-eda	Escherichia coli | ZM4-eda
5066	enzyme	eda	eda
5067	enzyme	ZM4-zwf	ZM4-zwf
5068	microbiome	Escherichia coli | ZM4-pgl	Escherichia coli | ZM4-pgl
5069	enzyme	cyclooxygenase	cyclooxygenase
5070	substrate	arachidonic acid	arachidonic acid
5071	enzyme	ws2	ws2
5072	enzyme	Maqu_0168	Maqu_0168
5073	enzyme	platensimycin	platensimycin
5074	enzyme	platencin	platencin
5075	enzyme	AdhE2	AdhE2
5076	enzyme	Ter	Ter
5077	enzyme	AtoB	AtoB
5078	enzyme	D-3-phosphoglycerate dehydrogenase	D-3-phosphoglycerate dehydrogenase
5079	substrate	3-CQA	3-CQA
5080	substrate	4-CQA	4-CQA
5081	substrate	5-CQA	5-CQA
5082	substrate	3,4-diCQA	3,4-diCQA
5083	substrate	3,5-diCQA	3,5-diCQA
5084	substrate	4,5-diCQA	4,5-diCQA
5085	enzyme	β-farnesene synthase	β-farnesene synthase
5086	enzyme	pIFN-β	pIFN-β
5087	enzyme	pIFN-λ1	pIFN-λ1
5088	enzyme	pIFN-λ1/β	pIFN-λ1/β
5089	enzyme	pIFN-λ1/β/α1	pIFN-λ1/β/α1
5090	enzyme	pIFN-α1	pIFN-α1
5091	substrate	porcine reproductive and respiratory syndrome virus	porcine reproductive and respiratory syndrome virus
5092	substrate	vesicular stomatitis Indiana virus	vesicular stomatitis Indiana virus
5093	substrate	fowl adenovirus	fowl adenovirus
5094	microbiome	Methanobacterium thermoautotrophicum	Methanobacterium thermoautotrophicum
5095	enzyme	enoyl coenzyme A hydratase	enoyl coenzyme A hydratase
5096	substrate	hexanoate	hexanoate
5097	substrate	octanoate	octanoate
5098	substrate	heptanoate	heptanoate
5099	enzyme	R-cyclodextrin glycosyltransferase	R-cyclodextrin glycosyltransferase
5100	substrate	R-cyclodextrin	R-cyclodextrin
5101	enzyme	HK	HK
5102	enzyme	PFK1	PFK1
5103	enzyme	PGK1	PGK1
5104	enzyme	PYK	PYK
5105	enzyme	YhjA	YhjA
5106	substrate	menadiol	menadiol
5107	substrate	ABTS 2-	ABTS 2-
5108	substrate	duroquinol	duroquinol
5109	enzyme	butanediol	butanediol
5110	microbiome	Enterobacter cloacae	Enterobacter cloacae
5111	enzyme	indole-3-pyruvic acid decarboxylase	indole-3-pyruvic acid decarboxylase
5112	enzyme	indole-3-acetic acid dehydrogenase	indole-3-acetic acid dehydrogenase
5113	substrate	indole-3-pyruvic acid	indole-3-pyruvic acid
5114	substrate	indole-3-acetaldehyde	indole-3-acetaldehyde
5115	enzyme	PEP carboxylase kinase	PEP carboxylase kinase
5116	enzyme	triose phosphate isomerase	triose phosphate isomerase
5117	microbiome	Escherichia coli K4	Escherichia coli K4
5118	enzyme	K4 CPS	K4 CPS
5119	enzyme	yapsin1	yapsin1
5120	substrate	glucagon	glucagon
5121	substrate	GLP-1	GLP-1
5122	substrate	GLP-2	GLP-2
5123	substrate	EEID-CART(55-102)	EEID-CART(55-102)
5124	enzyme	toluene	toluene
5125	enzyme	NADP-dependent Mg2-activated cytosolic acetaldehyde dehydrogenase	NADP-dependent Mg2-activated cytosolic acetaldehyde dehydrogenase
5126	microbiome	Lactobacillus sp.	Lactobacillus sp.
5127	enzyme	CBHI cellulase	CBHI cellulase
5128	enzyme	sulphite reductase	sulphite reductase
5129	substrate	hydrogen sulphide	hydrogen sulphide
5130	enzyme	F1-ATPase	F1-ATPase
5131	enzyme	Penicillin acylase	Penicillin acylase
5132	enzyme	CphA6308	CphA6308
5133	enzyme	Rubisco	Rubisco
5134	enzyme	CobB	CobB
5135	enzyme	CobN	CobN
5136	enzyme	CobS	CobS
5137	enzyme	CobT	CobT
5138	enzyme	CobW	CobW
5139	enzyme	CobC	CobC
5140	enzyme	CobR	CobR
5141	enzyme	CobA	CobA
5142	enzyme	CobI	CobI
5143	enzyme	CobJ	CobJ
5144	enzyme	CobM	CobM
5145	enzyme	CobF	CobF
5146	enzyme	CobK	CobK
5147	enzyme	CobL	CobL
5148	enzyme	CobH	CobH
5149	enzyme	CobD	CobD
5150	enzyme	CobP	CobP
5151	enzyme	CobX	CobX
5152	enzyme	CobY	CobY
5153	enzyme	CobZ	CobZ
5154	substrate	hydrogenobyrinic acid	hydrogenobyrinic acid
5155	substrate	hydrogenobyrinic acid a,c-diamide	hydrogenobyrinic acid a,c-diamide
5156	substrate	co(II)byrinic acid a,c-diamide	co(II)byrinic acid a,c-diamide
5157	substrate	threonine-O-3-phosphate	threonine-O-3-phosphate
5158	substrate	cob(II)yrinic acid a,c-diamide	cob(II)yrinic acid a,c-diamide
5159	substrate	cob(I)yrinic acid a,c-diamide	cob(I)yrinic acid a,c-diamide
5160	enzyme	T-20	T-20
5161	enzyme	PhaC Cs	PhaC Cs
5162	enzyme	PhaC1 Ps6-19	PhaC1 Ps6-19
5163	substrate	fluorescein diacetate	fluorescein diacetate
5164	enzyme	β-fructofuranosidase	β-fructofuranosidase
5165	enzyme	sucrose phosphoenolpyruvate transport system	sucrose phosphoenolpyruvate transport system
5166	substrate	scFOS	scFOS
5167	substrate	1-kestose	1-kestose
5168	substrate	nystose	nystose
5169	substrate	fructofuranosylnystose	fructofuranosylnystose
5170	microbiome	Bacteroides spp.	Bacteroides spp.
5171	microbiome	Ruminococcus spp.	Ruminococcus spp.
5172	microbiome	Oscillospira spp.	Oscillospira spp.
5173	microbiome	Clostridium spp.	Clostridium spp.
5174	enzyme	DHA kinase	DHA kinase
5175	enzyme	ATP-dependent DHA kinase	ATP-dependent DHA kinase
5176	microbiome	Klebsiella variicola	Klebsiella variicola
5177	enzyme	HMG-CoA reductase NADH-HMGR	HMG-CoA reductase NADH-HMGR
5178	enzyme	gammaglutamylcysteine synthetase	gammaglutamylcysteine synthetase
5179	enzyme	MET4	MET4
5180	microbiome	<Specify the specific microbiome involved in the fermentation process. Do not change, only extract.>	<Specify the specific microbiome involved in the fermentation process. Do not change, only extract.>
5181	enzyme	<Specify the enzyme produced by the microbiome. Do not change, only extract.>	<Specify the enzyme produced by the microbiome. Do not change, only extract.>
5182	enzyme	arginine synthase	arginine synthase
5183	enzyme	proteinase K-like proteolytic enzyme	proteinase K-like proteolytic enzyme
5184	enzyme	indolepyruvate decarboxylase 1	indolepyruvate decarboxylase 1
5185	enzyme	Fba1p	Fba1p
5186	enzyme	PFL	PFL
5187	microbiome	Bacteroides gingivalis	Bacteroides gingivalis
5188	enzyme	collagenase	collagenase
5189	enzyme	laccase3	laccase3
5190	enzyme	DsrX	DsrX
5191	enzyme	hIL-10	hIL-10
5192	enzyme	glucose-fructose oxidoreductase	glucose-fructose oxidoreductase
5193	substrate	acetyl-P	acetyl-P
5194	enzyme	malate permease	malate permease
5195	microbiome	Bacillus methylotrophicus	Bacillus methylotrophicus
5196	enzyme	Carboxypeptidase G	Carboxypeptidase G
5197	enzyme	Glutamate racemase	Glutamate racemase
5198	substrate	γ-PGA	γ-PGA
5199	substrate	whey lactose	whey lactose
5200	enzyme	b-glucanase	b-glucanase
5201	substrate	6-phosphogluconate	6-phosphogluconate
5202	enzyme	α-1,2-fucosyltransferase	α-1,2-fucosyltransferase
5203	microbiome	Escherichia coli BL21 (DE3)	Escherichia coli BL21 (DE3)
5204	enzyme	cholesterol oxidase	cholesterol oxidase
5205	microbiome	Bacillus sp. MD2	Bacillus sp. MD2
5206	substrate	fructose-1,6-diphosphate	fructose-1,6-diphosphate
5207	substrate	sodium pyrophosphate	sodium pyrophosphate
5208	enzyme	dihydropyrimidinase	dihydropyrimidinase
5209	enzyme	l-N-carbamoylase	l-N-carbamoylase
5210	substrate	d,l-homophenylalanylhydantoin	d,l-homophenylalanylhydantoin
5211	substrate	d,l-p-hydroxyphenylhydantoin	d,l-p-hydroxyphenylhydantoin
5212	substrate	d,l-5-[2(methylthio)ethyl]hydantoin	d,l-5-[2(methylthio)ethyl]hydantoin
5213	enzyme	recombinant human asparaginase	recombinant human asparaginase
5214	enzyme	ptsH	ptsH
5215	enzyme	pfkA	pfkA
5216	enzyme	pykF	pykF
5217	enzyme	lpdA	lpdA
5218	enzyme	pta	pta
5219	enzyme	ackA	ackA
5220	enzyme	ppc	ppc
5221	enzyme	pckA	pckA
5222	enzyme	ppsA	ppsA
5223	enzyme	cyaA	cyaA
5224	enzyme	yfiD	yfiD
5225	enzyme	gltA	gltA
5226	enzyme	acnA	acnA
5227	enzyme	acnB	acnB
5228	enzyme	icdA	icdA
5229	enzyme	sdhC	sdhC
5230	enzyme	fumA	fumA
5231	enzyme	fumC	fumC
5232	enzyme	mdh	mdh
5233	microbiome	Pleurotus salmoneo-stramineus	Pleurotus salmoneo-stramineus
5234	microbiome	Pleurotus sajor-caju	Pleurotus sajor-caju
5235	enzyme	phenylpyruvate decarboxylase	phenylpyruvate decarboxylase
5236	enzyme	CoA-transferase	CoA-transferase
5237	enzyme	thioredoxin reductase	thioredoxin reductase
5238	enzyme	heat shock protein 60	heat shock protein 60
5239	enzyme	heat shock protein 104	heat shock protein 104
5240	enzyme	heat shock protein 40	heat shock protein 40
5241	enzyme	heat shock protein 70	heat shock protein 70
5242	enzyme	heat shock protein 90	heat shock protein 90
5243	enzyme	small heat shock factor	small heat shock factor
5244	enzyme	nucleotide exchange factor	nucleotide exchange factor
5245	substrate	radicals	radicals
5246	substrate	denatured proteins	denatured proteins
5247	substrate	aggregated proteins	aggregated proteins
5248	substrate	unfolded proteins	unfolded proteins
5249	enzyme	XYN IV	XYN IV
5250	substrate	rhodymenan	rhodymenan
5251	enzyme	alpha amylase	alpha amylase
5252	enzyme	neomycin phosphotransferase	neomycin phosphotransferase
5253	substrate	G418	G418
5254	substrate	hygromycin B	hygromycin B
5255	enzyme	hybrid highly-reducing PKS non-ribosomal peptide synthetase	hybrid highly-reducing PKS non-ribosomal peptide synthetase
5256	substrate	3-methylorcinaldehyde	3-methylorcinaldehyde
5257	substrate	pretenellin A	pretenellin A
5258	substrate	fructo-oligosaccharides	fructo-oligosaccharides
5259	substrate	inulin-type sugars	inulin-type sugars
5260	microbiome	Candida albicans	Candida albicans
5261	microbiome	Didymosphaeria sp.	Didymosphaeria sp.
5262	enzyme	hydrogenase 1	hydrogenase 1
5263	enzyme	hydrogenase 2	hydrogenase 2
5264	substrate	hydrogen gas	hydrogen gas
5265	enzyme	PAA1	PAA1
5266	substrate	5-methoxytryptamine	5-methoxytryptamine
5267	substrate	tryptamine	tryptamine
5268	enzyme	flavanone 3β-hydroxylase	flavanone 3β-hydroxylase
5269	substrate	homopropargylglycine	homopropargylglycine
5270	substrate	norleucine	norleucine
5271	microbiome	Cellvibrio sp. KY-GH-1	Cellvibrio sp. KY-GH-1
5272	enzyme	GH16B β-agarase	GH16B β-agarase
5273	substrate	neoagaro-oligosaccharides	neoagaro-oligosaccharides
5274	substrate	agaro-oligosaccharides	agaro-oligosaccharides
5275	enzyme	fatty acid synthase1	fatty acid synthase1
5276	enzyme	diacylglycerol acyltransferase	diacylglycerol acyltransferase
5277	enzyme	Staphylococcus aureus nuclease	Staphylococcus aureus nuclease
5278	enzyme	CbiJ	CbiJ
5279	enzyme	CbiK	CbiK
5280	substrate	sodium butyrate	sodium butyrate
5281	substrate	sodium acetate	sodium acetate
5282	microbiome	Pseudomonas sp. PAMC 28620	Pseudomonas sp. PAMC 28620
5283	enzyme	ester hydrolase	ester hydrolase
5284	enzyme	alcohol O-acyltransferase	alcohol O-acyltransferase
5285	substrate	chlorogenic acid	chlorogenic acid
5286	substrate	corncob residues	corncob residues
5287	enzyme	xylose-fermenting enzyme	xylose-fermenting enzyme
5288	enzyme	Cyclodextrin Glucosyl Transferase	Cyclodextrin Glucosyl Transferase
5289	enzyme	β-ureidopropionase	β-ureidopropionase
5290	substrate	β-ureidopropionate	β-ureidopropionate
5291	substrate	β-ureidoisobutyrate	β-ureidoisobutyrate
5292	enzyme	RimK	RimK
5293	substrate	cellotetraose	cellotetraose
5294	substrate	cellopentaose	cellopentaose
5295	microbiome	Amorphotheca resinae ZN1	Amorphotheca resinae ZN1
5296	substrate	-O-methyl D-galactopyranoside	-O-methyl D-galactopyranoside
5297	microbiome	Aspergillus japonicus C03	Aspergillus japonicus C03
5298	substrate	soybean bran	soybean bran
5299	enzyme	histidinol dehydrogenase	histidinol dehydrogenase
5300	enzyme	aminoglycoside phosphotransferase	aminoglycoside phosphotransferase
5301	substrate	geneticin	geneticin
5302	microbiome	Xylaria curta	Xylaria curta
5303	enzyme	xylarinase	xylarinase
5304	enzyme	enterokinase	enterokinase
5305	microbiome	Actinomadura sp. S14	Actinomadura sp. S14
5306	substrate	xylotriose	xylotriose
5307	substrate	xylotetraose	xylotetraose
5308	substrate	xylopentose	xylopentose
5309	substrate	β-mannan	β-mannan
5310	enzyme	Rsp5	Rsp5
5311	substrate	β-1,3-glucan	β-1,3-glucan
5312	enzyme	FLO1L	FLO1L
5313	enzyme	glucose-6-phosphate 1-dehydrogenase	glucose-6-phosphate 1-dehydrogenase
5314	enzyme	FBPase II	FBPase II
5315	enzyme	Hsp17.7	Hsp17.7
5316	microbiome	Clostridium sp. strain EMi	Clostridium sp. strain EMi
5317	microbiome	Citrobacter freundii	Citrobacter freundii
5318	enzyme	DNA polymerase δ	DNA polymerase δ
5319	enzyme	muralytic enzymes	muralytic enzymes
5320	enzyme	Eht1	Eht1
5321	substrate	hexanoyl-CoA	hexanoyl-CoA
5322	enzyme	His6-MMLV-RT	His6-MMLV-RT
5323	enzyme	asparaginase	asparaginase
5324	substrate	anthocyanins	anthocyanins
5325	enzyme	holocellulase	holocellulase
5326	enzyme	chitinoligosaccharide synthase	chitinoligosaccharide synthase
5327	substrate	chitinpentaose	chitinpentaose
5328	enzyme	5-aminolevulinic acid synthase	5-aminolevulinic acid synthase
5329	substrate	succinyl coenzyme A	succinyl coenzyme A
5330	enzyme	LfFE	LfFE
5331	substrate	4-methylumbelliferyl p-trimethylammoniocinnamate chloride	4-methylumbelliferyl p-trimethylammoniocinnamate chloride
5332	enzyme	polyglutamyl hydrolase	polyglutamyl hydrolase
5333	enzyme	γ-PGA depolymerase	γ-PGA depolymerase
5334	microbiome	R. sphaeroides NCIMB	R. sphaeroides NCIMB
5335	substrate	biohydrogen	biohydrogen
5336	enzyme	ARO8p	ARO8p
5337	enzyme	ARO9p	ARO9p
5338	enzyme	milk-clotting protease	milk-clotting protease
5339	enzyme	xylose transport enzyme	xylose transport enzyme
5340	enzyme	xylose metabolism enzyme	xylose metabolism enzyme
5341	enzyme	GH43 xylosidase	GH43 xylosidase
5342	substrate	XOS	XOS
5343	substrate	pNP-X	pNP-X
5344	enzyme	GH18 chitinase	GH18 chitinase
5345	enzyme	Gne	Gne
5346	substrate	UDP-Glc	UDP-Glc
5347	substrate	UDP-Gal	UDP-Gal
5348	substrate	UDP-GalNAc	UDP-GalNAc
5349	enzyme	Sch9	Sch9
5350	microbiome	Saccharomyces cerevisiae | Sch9	Saccharomyces cerevisiae | Sch9
5351	enzyme	Cat8	Cat8
5352	enzyme	Adr1	Adr1
5353	enzyme	Hap4	Hap4
5354	substrate	ethanol/glycerol	ethanol/glycerol
5355	enzyme	citratase	citratase
5356	enzyme	malic dehydrogenase	malic dehydrogenase
5357	enzyme	HisG cgl S143F	HisG cgl S143F
5358	enzyme	PRPP synthetase	PRPP synthetase
5359	enzyme	NAD + -dependent glutamate dehydrogenase	NAD + -dependent glutamate dehydrogenase
5360	enzyme	LysE	LysE
5361	enzyme	maltose transporter	maltose transporter
5362	enzyme	maltotriose transporter	maltotriose transporter
5363	enzyme	Xyn6	Xyn6
5364	enzyme	XynB	XynB
5365	enzyme	GLT1	GLT1
5366	enzyme	GLN1	GLN1
5367	enzyme	SYM1	SYM1
5368	enzyme	prolyl-tRNA synthetase	prolyl-tRNA synthetase
5369	substrate	thiaproline	thiaproline
5370	substrate	selenaproline	selenaproline
5371	enzyme	RaiP	RaiP
5372	substrate	𝛼-keto-6-aminocaproic acid	𝛼-keto-6-aminocaproic acid
5373	microbiome	Rhizopus sp	Rhizopus sp
5374	enzyme	FLO-genes	FLO-genes
5375	enzyme	FLO11-gene	FLO11-gene
5376	substrate	4-Nitrophenyl β-D-glucopyranoside	4-Nitrophenyl β-D-glucopyranoside
5377	enzyme	PMTI	PMTI
5378	enzyme	Pmt2	Pmt2
5379	substrate	ketoconazole	ketoconazole
5380	enzyme	rJEV NS1 protein	rJEV NS1 protein
5381	enzyme	isoprenol synthase	isoprenol synthase
5382	microbiome	Ganoderma lucidum	Ganoderma lucidum
5383	enzyme	styrene monooxygenase StyAB	styrene monooxygenase StyAB
5384	enzyme	tryptophanase TnaA	tryptophanase TnaA
5385	microbiome	Coriolopsis byrsina	Coriolopsis byrsina
5386	microbiome	Phellinus rimosus	Phellinus rimosus
5387	substrate	Remazol Brilhant Blue R	Remazol Brilhant Blue R
5388	substrate	cybacron blue 3GA	cybacron blue 3GA
5389	substrate	orange II	orange II
5390	substrate	crystal violet	crystal violet
5391	microbiome	Proteus hauseri	Proteus hauseri
5392	enzyme	multicopper oxidase	multicopper oxidase
5393	substrate	Au	Au
5394	enzyme	Sh-bleomycin	Sh-bleomycin
5395	enzyme	D-glucose isomerase	D-glucose isomerase
5396	enzyme	D-allulose 3epimerase	D-allulose 3epimerase
5397	substrate	D-allulose	D-allulose
5398	substrate	diosgenin-glucoside	diosgenin-glucoside
5399	enzyme	β-glucosidase I	β-glucosidase I
5400	microbiome	Saccharomyces cerevisiae × Saccharomyces kudriavzevii	Saccharomyces cerevisiae × Saccharomyces kudriavzevii
5401	enzyme	hexose monophosphate isomerase	hexose monophosphate isomerase
5402	enzyme	triose-phosphate isomerase	triose-phosphate isomerase
5403	microbiome	Candida cylindracea	Candida cylindracea
5404	substrate	oils	oils
5405	enzyme	pediocin PA-1	pediocin PA-1
5406	enzyme	pectate lyase B	pectate lyase B
5407	enzyme	bikaverin	bikaverin
5408	enzyme	gibberellic acid	gibberellic acid
5409	microbiome	Brettanomyces bruxellensis | MSN4	Brettanomyces bruxellensis | MSN4
5410	microbiome	Saccharomyces cerevisiae | MSN4	Saccharomyces cerevisiae | MSN4
5411	enzyme	SNF1	SNF1
5412	enzyme	HSP82	HSP82
5413	microbiome	Brettanomyces bruxellensis	Brettanomyces bruxellensis
5414	enzyme	ATP1	ATP1
5415	substrate	D-glyceraldehyde	D-glyceraldehyde
5416	enzyme	NADPH-dependent aldose reductase	NADPH-dependent aldose reductase
5417	microbiome	Clostridium stercorarium	Clostridium stercorarium
5418	enzyme	Xyl43B	Xyl43B
5419	substrate	p-nitrophenyl--D-xylopyranoside	p-nitrophenyl--D-xylopyranoside
5420	substrate	oatspelt xylan	oatspelt xylan
5421	enzyme	(No enzyme specified)	(No enzyme specified)
5422	enzyme	dihydropteroate synthase	dihydropteroate synthase
5423	substrate	pterin diphosphate	pterin diphosphate
5424	enzyme	I-SceI	I-SceI
5425	microbiome	Penicillium roqueforti	Penicillium roqueforti
5426	enzyme	CBD EG III	CBD EG III
5427	microbiome	Citrobacter sp. strain KCTC 18061P	Citrobacter sp. strain KCTC 18061P
5428	enzyme	TMR	TMR
5429	substrate	basic fuchsin	basic fuchsin
5430	microbiome	Spathaspora passalidarum	Spathaspora passalidarum
5431	microbiome	Spathaspora arborariae	Spathaspora arborariae
5432	enzyme	mannan endo-1,4-β-mannosidase	mannan endo-1,4-β-mannosidase
5433	substrate	locust bean gum	locust bean gum
5434	substrate	glucomannan	glucomannan
5435	substrate	1,4-β-D-mannan	1,4-β-D-mannan
5436	enzyme	Adh2p	Adh2p
5437	enzyme	alkaline pectate lyase	alkaline pectate lyase
5438	substrate	pectate	pectate
5439	microbiome	Paenibacillus alvei	Paenibacillus alvei
5440	enzyme	peptide AN5-1	peptide AN5-1
5441	substrate	E. coli ATCC 29522	E. coli ATCC 29522
5442	substrate	S. aureus	S. aureus
5443	microbiome	Saccharomyces diustaticus	Saccharomyces diustaticus
5444	enzyme	SAM synthase	SAM synthase
5445	enzyme	p-nitrophenylphosphatase	p-nitrophenylphosphatase
5446	enzyme	AcTPS5	AcTPS5
5447	substrate	γ-bisabolene	γ-bisabolene
5448	substrate	G-6-P	G-6-P
5449	microbiome	Clostridium sp.	Clostridium sp.
5450	enzyme	Fe(III) reductase	Fe(III) reductase
5451	enzyme	Mn(IV) reductase	Mn(IV) reductase
5452	substrate	Fe2O3	Fe2O3
5453	substrate	MnO2	MnO2
5454	enzyme	PAD	PAD
5455	substrate	caffeic acid	caffeic acid
5456	substrate	4-methylumbelliferylβ-d-lactopyranoside	4-methylumbelliferylβ-d-lactopyranoside
5457	enzyme	phosphotransferase system	phosphotransferase system
5458	enzyme	Xylanase II	Xylanase II
5459	substrate	xylohexaose	xylohexaose
5460	microbiome	Pichia caribbica	Pichia caribbica
5461	enzyme	ProTiN31	ProTiN31
5462	enzyme	xylose oxidoreductase	xylose oxidoreductase
5463	enzyme	ASNase II	ASNase II
5464	enzyme	alcohol acetyltransferase ATF1	alcohol acetyltransferase ATF1
5465	enzyme	alcohol acetyltransferase ATF2	alcohol acetyltransferase ATF2
5466	substrate	terpenols	terpenols
5467	substrate	lactones	lactones
5468	substrate	4-mercapto-4-methylpentan-2-one	4-mercapto-4-methylpentan-2-one
5469	substrate	3-mercaptohexan-1-ol	3-mercaptohexan-1-ol
5470	substrate	coagulated egg albumin	coagulated egg albumin
5471	substrate	blood clot	blood clot
5472	microbiome	Burkholderia sacchari	Burkholderia sacchari
5473	microbiome	Azohydromonas australica	Azohydromonas australica
5474	enzyme	myrcene synthase	myrcene synthase
5475	enzyme	ocimene synthase	ocimene synthase
5476	substrate	β-myrcene	β-myrcene
5477	substrate	(E)-β-ocimene	(E)-β-ocimene
5478	enzyme	subtilisin protease slp7	subtilisin protease slp7
5479	enzyme	metalloprotease amp2	metalloprotease amp2
5480	substrate	IFNα-2b	IFNα-2b
5481	substrate	nonvolatile precursors	nonvolatile precursors
5482	substrate	C6-aldehydes	C6-aldehydes
5483	microbiome	Peptostreptococcus asaccharolyticus	Peptostreptococcus asaccharolyticus
5484	substrate	NH4Cl	NH4Cl
5485	enzyme	BGLA15	BGLA15
5486	enzyme	SGase	SGase
5487	substrate	steryl glucosides	steryl glucosides
5488	microbiome	Myroides sp. ZB35	Myroides sp. ZB35
5489	enzyme	Whi2	Whi2
5490	enzyme	YNR034W-A	YNR034W-A
5491	enzyme	chain elongation enzymes	chain elongation enzymes
5492	microbiome	Streptomyces griseus	Streptomyces griseus
5493	enzyme	nonactin	nonactin
5494	microbiome	Rhizopus microsporus	Rhizopus microsporus
5495	microbiome	Rhizopus arrhizus	Rhizopus arrhizus
5496	enzyme	phosphoenolpyruvate:phosphotransferase	phosphoenolpyruvate:phosphotransferase
5497	enzyme	γ-glutamylcysteine synthetase	γ-glutamylcysteine synthetase
5498	enzyme	bifunctional γ-glutamylcysteine synthetase/glutathione synthetase	bifunctional γ-glutamylcysteine synthetase/glutathione synthetase
5499	substrate	γ-glutamyl phosphate	γ-glutamyl phosphate
5500	microbiome	Selenomonas ruminantium	Selenomonas ruminantium
5501	enzyme	TCA cycle-related enzymes	TCA cycle-related enzymes
5502	enzyme	ethanol biosynthesis enzymes	ethanol biosynthesis enzymes
5503	enzyme	trehalose pathway enzymes	trehalose pathway enzymes
5504	enzyme	sulfur metabolism-related enzymes	sulfur metabolism-related enzymes
5505	enzyme	arginine biosynthesis-related enzymes	arginine biosynthesis-related enzymes
5506	enzyme	proline biosynthesis-related enzymes	proline biosynthesis-related enzymes
5507	substrate	sulfur compounds	sulfur compounds
5508	enzyme	G6PDH	G6PDH
5509	microbiome	Schizochytrium sp. TIO1101	Schizochytrium sp. TIO1101
5510	microbiome	Actinosporangium vitaminophilum	Actinosporangium vitaminophilum
5511	enzyme	pyrrolomycin F1	pyrrolomycin F1
5512	enzyme	pyrrolomycin F2a	pyrrolomycin F2a
5513	enzyme	pyrrolomycin F2b	pyrrolomycin F2b
5514	enzyme	pyrrolomycin F3	pyrrolomycin F3
5515	substrate	tryptophol	tryptophol
5516	enzyme	N-acetylglucosamine deacetylase	N-acetylglucosamine deacetylase
5517	enzyme	RNA polymerase	RNA polymerase
5518	enzyme	AcrAB-TolC efflux pump	AcrAB-TolC efflux pump
5519	enzyme	sulfonate transporter	sulfonate transporter
5520	enzyme	proVXW transporter	proVXW transporter
5521	enzyme	iron transporter	iron transporter
5522	enzyme	outer membrane porin	outer membrane porin
5523	enzyme	peptidoglycan-outer membrane tether	peptidoglycan-outer membrane tether
5524	substrate	osmoprotectants	osmoprotectants
5525	substrate	taurine	taurine
5526	enzyme	GAS	GAS
5527	enzyme	GAO	GAO
5528	enzyme	LsCOS	LsCOS
5529	enzyme	proteinaceous factor	proteinaceous factor
5530	enzyme	phenazines	phenazines
5531	enzyme	pyocyanin	pyocyanin
5532	enzyme	phenazine methosulfate	phenazine methosulfate
5533	enzyme	phenazine-1-carboxylate	phenazine-1-carboxylate
5534	enzyme	NADP-dependent malic enzyme	NADP-dependent malic enzyme
5535	enzyme	Rluc	Rluc
5536	microbiome	Penicillium brevicompactum	Penicillium brevicompactum
5537	enzyme	mycophenolic acid synthase	mycophenolic acid synthase
5538	enzyme	NADH-dependent ADH1	NADH-dependent ADH1
5539	enzyme	m6ADH1	m6ADH1
5540	microbiome	T. frigidphilosprofundus	T. frigidphilosprofundus
5541	substrate	p-nitrophenyl glucuronide	p-nitrophenyl glucuronide
5542	substrate	p-nitrophenyl glucoside	p-nitrophenyl glucoside
5543	substrate	convallosid	convallosid
5544	substrate	scillarenin-β-D-glucoside	scillarenin-β-D-glucoside
5545	substrate	scilliphaeosidin-β-D-glucoside	scilliphaeosidin-β-D-glucoside
5546	enzyme	3A4	3A4
5547	enzyme	2C9	2C9
5548	enzyme	1A2	1A2
5549	substrate	testosterone	testosterone
5550	substrate	diclofenac	diclofenac
5551	substrate	phenacetin	phenacetin
5552	microbiome	Bacillus sonorensis	Bacillus sonorensis
5553	enzyme	rec-DZP3	rec-DZP3
5554	microbiome	Escherichia coli | rec-DZP3	Escherichia coli | rec-DZP3
5555	enzyme	L-lactic acid	L-lactic acid
5556	enzyme	D-mannitol dehydrogenase	D-mannitol dehydrogenase
5557	enzyme	K2 toxin	K2 toxin
5558	enzyme	Klus toxin	Klus toxin
5559	enzyme	citrate synthesis	citrate synthesis
5560	enzyme	cis-aconitase decarboxylase	cis-aconitase decarboxylase
5561	enzyme	proteinase	proteinase
5562	enzyme	β-subunit of the F1F0 ATPase	β-subunit of the F1F0 ATPase
5563	enzyme	ClpL2	ClpL2
5564	enzyme	Lo18 smHSP	Lo18 smHSP
5565	enzyme	ClpL1	ClpL1
5566	enzyme	cellulose hydrolase	cellulose hydrolase
5567	enzyme	UDP-glucose epimerase	UDP-glucose epimerase
5568	substrate	quercetin	quercetin
5569	enzyme	phenylacrylic acid decarboxylase	phenylacrylic acid decarboxylase
5570	enzyme	alcohol dehydrogenase III	alcohol dehydrogenase III
5571	enzyme	alcohol dehydrogenase IV	alcohol dehydrogenase IV
5572	enzyme	alcohol dehydrogenase V	alcohol dehydrogenase V
5573	microbiome	Kluyveromyces wickerhamii	Kluyveromyces wickerhamii
5574	substrate	citrus pectin	citrus pectin
5575	substrate	apple pectin	apple pectin
5576	microbiome	Phlebia radiata	Phlebia radiata
5577	enzyme	GPH1	GPH1
5578	microbiome	Saccharomyces cerevisiae | MCH2	Saccharomyces cerevisiae | MCH2
5579	enzyme	SNG1	SNG1
5580	enzyme	TMA10	TMA10
5581	enzyme	DegP	DegP
5582	substrate	proPAC	proPAC
5583	enzyme	cellobiohydrolase I (Cel7A)	cellobiohydrolase I (Cel7A)
5584	substrate	glucuronoxylan	glucuronoxylan
5585	substrate	galactomannan	galactomannan
5586	substrate	p-nitrophenyl-cellobioside (pNPC)	p-nitrophenyl-cellobioside (pNPC)
5587	enzyme	glutamate-1-semialdehyde aminotransferase	glutamate-1-semialdehyde aminotransferase
5588	enzyme	HemAM	HemAM
5589	enzyme	HemL	HemL
5590	enzyme	RhtA	RhtA
5591	substrate	glutamyl-tRNA	glutamyl-tRNA
5592	substrate	glutamate-1-semialdehyde	glutamate-1-semialdehyde
5593	microbiome	Listeria monocytogenes	Listeria monocytogenes
5594	enzyme	Listeria adhesion protein	Listeria adhesion protein
5595	enzyme	Sfp1p	Sfp1p
5596	enzyme	Ace2p	Ace2p
5597	enzyme	Celluclast 1.5L	Celluclast 1.5L
5598	enzyme	Lispro proinsulin	Lispro proinsulin
5599	microbiome	Bacillus sp. JF8	Bacillus sp. JF8
5600	enzyme	2,3-DHBP dioxygenase	2,3-DHBP dioxygenase
5601	substrate	2,3-DHBP	2,3-DHBP
5602	microbiome	S. arenae 2064	S. arenae 2064
5603	enzyme	gilvocarcin V	gilvocarcin V
5604	substrate	gluco-oligosaccharides	gluco-oligosaccharides
5605	enzyme	endo-b-D-glucanase	endo-b-D-glucanase
5606	enzyme	exo-b-D-glucanase	exo-b-D-glucanase
5607	substrate	glycerol 3-phosphate	glycerol 3-phosphate
5608	microbiome	Podospora anserina	Podospora anserina
5609	enzyme	Pa AA9E	Pa AA9E
5610	enzyme	saccharifying enzyme	saccharifying enzyme
5611	substrate	total sugars	total sugars
5612	substrate	reducing sugars	reducing sugars
5613	enzyme	PHA synthase [PhaC1(STQK)]	PHA synthase [PhaC1(STQK)]
5614	substrate	sodium octanoate	sodium octanoate
5615	substrate	10-undecenoic acid	10-undecenoic acid
5616	enzyme	AlkB1	AlkB1
5617	substrate	alkanes	alkanes
5618	substrate	α-ketoglutaric acid	α-ketoglutaric acid
5619	microbiome	Methanosaeta concilii	Methanosaeta concilii
5620	enzyme	methyl-coenzyme M reductase	methyl-coenzyme M reductase
5621	microbiome	Methanobacterium formicicum	Methanobacterium formicicum
5622	microbiome	Methanothermobacter thermautotrophicus	Methanothermobacter thermautotrophicus
5623	microbiome	Methanoculleus palmolei	Methanoculleus palmolei
5624	microbiome	Methanoculleus chikugoensis	Methanoculleus chikugoensis
5625	substrate	H2/CO2	H2/CO2
5626	microbiome	Clostridium vincentii	Clostridium vincentii
5627	enzyme	glucose-degrading enzyme	glucose-degrading enzyme
5628	enzyme	lactose-degrading enzyme	lactose-degrading enzyme
5629	microbiome	Scheffersomyces stipites	Scheffersomyces stipites
5630	enzyme	chitinase A	chitinase A
5631	substrate	4-methylumbelliferyl β-D-N,N,N-triacetylchitotrioside	4-methylumbelliferyl β-D-N,N,N-triacetylchitotrioside
5632	enzyme	GPPS2	GPPS2
5633	enzyme	mvaE	mvaE
5634	enzyme	mvaS	mvaS
5635	substrate	g-terpinene	g-terpinene
5636	enzyme	XylBC	XylBC
5637	substrate	isoflavone glycosides	isoflavone glycosides
5638	substrate	flavanol gallates	flavanol gallates
5639	enzyme	glutaminase subunit	glutaminase subunit
5640	microbiome	Mycobacterium tuberculosis	Mycobacterium tuberculosis
5641	enzyme	PLP synthase subunit	PLP synthase subunit
5642	substrate	petroleum hydrocarbons	petroleum hydrocarbons
5643	substrate	N-acetyl-d-glucosamine	N-acetyl-d-glucosamine
5644	substrate	hexa-N-acetyl chitohexaose	hexa-N-acetyl chitohexaose
5645	substrate	D-glucose-6-phosphate	D-glucose-6-phosphate
5646	microbiome	Aspergillus terricola	Aspergillus terricola
5647	enzyme	scFv-BM3	scFv-BM3
5648	enzyme	catalase Cta1	catalase Cta1
5649	microbiome	Torulopsis glabrata	Torulopsis glabrata
5650	enzyme	crtE	crtE
5651	enzyme	crtB	crtB
5652	enzyme	crtI	crtI
5653	enzyme	dxs	dxs
5654	enzyme	dxr	dxr
5655	enzyme	ispA	ispA
5656	enzyme	idi	idi
5657	enzyme	CYP5150L8	CYP5150L8
5658	substrate	lanosterol	lanosterol
5659	enzyme	cytochrome bd II oxidase	cytochrome bd II oxidase
5660	microbiome	Escherichia coli KO11	Escherichia coli KO11
5661	enzyme	acyl-coenzyme A: diacylglycerol acyltransferase	acyl-coenzyme A: diacylglycerol acyltransferase
5662	substrate	He Tianhong grape juice	He Tianhong grape juice
5663	enzyme	rShPI-1A	rShPI-1A
5664	substrate	VP1	VP1
5665	substrate	water hyacinth	water hyacinth
5666	microbiome	L. lactis ssp. lactis bv. diacetylactis	L. lactis ssp. lactis bv. diacetylactis
5667	enzyme	diacetyl reductase	diacetyl reductase
5668	substrate	diacetyl	diacetyl
5669	enzyme	L-fucokinase/GDP-L-fucose phosphorylase	L-fucokinase/GDP-L-fucose phosphorylase
5670	enzyme	rSAP6	rSAP6
5671	enzyme	IL-1ra	IL-1ra
5672	enzyme	IL-1ra-1	IL-1ra-1
5673	enzyme	IL-1ra-2	IL-1ra-2
5674	enzyme	IL-1ra-3	IL-1ra-3
5675	substrate	IL-1	IL-1
5676	enzyme	bile salt hydrolases	bile salt hydrolases
5677	enzyme	PRS3	PRS3
5678	enzyme	VMA8	VMA8
5679	enzyme	RAV1	RAV1
5680	enzyme	RPB4	RPB4
5681	substrate	IPTG	IPTG
5682	enzyme	α amylase	α amylase
5683	enzyme	β amylase	β amylase
5684	enzyme	chitinase chiZJ408	chitinase chiZJ408
5685	substrate	organic acids	organic acids
5686	enzyme	hexose-1-phosphate uridyltransferase	hexose-1-phosphate uridyltransferase
5687	microbiome	Paenibacillus polymyxa	Paenibacillus polymyxa
5688	substrate	acetoacetate	acetoacetate
5689	microbiome	Wickerhamomyces saturnus	Wickerhamomyces saturnus
5690	substrate	isoflavone glucosides	isoflavone glucosides
5691	substrate	spent brewing grain	spent brewing grain
5692	substrate	ethyl lactate	ethyl lactate
5693	substrate	diethyl succinate	diethyl succinate
5694	enzyme	Ct Xyn11A	Ct Xyn11A
5695	enzyme	Ct Xyn11B	Ct Xyn11B
5696	enzyme	Na+-dependent oxalacetate decarboxylase	Na+-dependent oxalacetate decarboxylase
5697	enzyme	exogenous enzyme	exogenous enzyme
5698	enzyme	EG1	EG1
5699	enzyme	EG2	EG2
5700	enzyme	Cel74a	Cel74a
5701	enzyme	penicillin V	penicillin V
5702	enzyme	p-OH penicillin V	p-OH penicillin V
5703	substrate	phenoxyacetic acid	phenoxyacetic acid
5704	substrate	p-OH phenoxyacetic acid	p-OH phenoxyacetic acid
5705	enzyme	chymotrypsin-like protease	chymotrypsin-like protease
5706	enzyme	subtilisin protease	subtilisin protease
5707	substrate	OVA protein	OVA protein
5708	enzyme	HpaBC	HpaBC
5709	enzyme	ARO3	ARO3
5710	enzyme	ARO4	ARO4
5711	enzyme	ARO7	ARO7
5712	enzyme	ARO3K222L	ARO3K222L
5713	enzyme	ARO4K229L	ARO4K229L
5714	enzyme	ARO7G141S	ARO7G141S
5715	substrate	4-hydroxyphenylpyruvate	4-hydroxyphenylpyruvate
5716	microbiome	Saccharomyces cerevisiae | Pau5	Saccharomyces cerevisiae | Pau5
5717	enzyme	Pau5	Pau5
5718	enzyme	bifunctional riboflavin kinase/FMN adenylyltransferase	bifunctional riboflavin kinase/FMN adenylyltransferase
5719	enzyme	3,4-dihydroxy-2-butanone-4-phosphate synthase	3,4-dihydroxy-2-butanone-4-phosphate synthase
5720	enzyme	riboflavin synthase β chain	riboflavin synthase β chain
5721	enzyme	riboflavin synthase α chain	riboflavin synthase α chain
5722	substrate	ribose-5-phosphate	ribose-5-phosphate
5723	microbiome	Saccharomyces cerevisiae | xylose reductase mutant	Saccharomyces cerevisiae | xylose reductase mutant
5724	microbiome	Bacillus siamensis	Bacillus siamensis
5725	enzyme	HemA	HemA
5726	enzyme	hemA	hemA
5727	enzyme	HXK1	HXK1
5728	enzyme	FOF1-ATPase	FOF1-ATPase
5729	enzyme	DsbA	DsbA
5730	enzyme	TnaA	TnaA
5731	enzyme	GatY	GatY
5732	enzyme	HdeA	HdeA
5733	enzyme	DhaKLM	DhaKLM
5734	enzyme	GapA	GapA
5735	enzyme	HisC	HisC
5736	enzyme	HisD	HisD
5737	enzyme	ProX	ProX
5738	enzyme	OppA	OppA
5739	enzyme	DegQ	DegQ
5740	enzyme	MalB	MalB
5741	enzyme	MglB	MglB
5742	enzyme	Tig	Tig
5743	enzyme	UspA	UspA
5744	enzyme	AckA	AckA
5745	enzyme	TolC	TolC
5746	enzyme	OmpA	OmpA
5747	enzyme	GuaB	GuaB
5748	enzyme	HmpA	HmpA
5749	enzyme	Lpd	Lpd
5750	enzyme	NikA	NikA
5751	enzyme	GadA	GadA
5752	enzyme	Gad B	Gad B
5753	enzyme	Gad B-T62S	Gad B-T62S
5754	enzyme	Gad B-Q309A	Gad B-Q309A
5755	enzyme	β-factor	β-factor
5756	enzyme	H+-ATPase	H+-ATPase
5757	enzyme	CrtZ	CrtZ
5758	enzyme	CCD	CCD
5759	microbiome	Saccharomyces cerevisiae | CCD2	Saccharomyces cerevisiae | CCD2
5760	enzyme	Syn_ALD	Syn_ALD
5761	enzyme	β glycosidase	β glycosidase
5762	substrate	p Nph β D Glcp	p Nph β D Glcp
5763	substrate	p Nph β D Galp	p Nph β D Galp
5764	substrate	mannotetraose	mannotetraose
5765	enzyme	α-l-rhamnosidase	α-l-rhamnosidase
5766	substrate	b-D-glucoside	b-D-glucoside
5767	enzyme	4-aminobutyrate aminotransferase	4-aminobutyrate aminotransferase
5768	enzyme	succinate-semialdehyde dehydrogenase	succinate-semialdehyde dehydrogenase
5769	substrate	4-aminobutanoate	4-aminobutanoate
5770	substrate	succinate-semialdehyde	succinate-semialdehyde
5771	microbiome	Fusarium redolens Dzf2	Fusarium redolens Dzf2
5772	enzyme	beauvericin	beauvericin
5773	substrate	pearl millet	pearl millet
5774	enzyme	F O F 1 -ATPase	F O F 1 -ATPase
5775	microbiome	Inonotus obliquus	Inonotus obliquus
5776	substrate	palmtic acid	palmtic acid
5777	substrate	Tween 80	Tween 80
5778	substrate	Tween 20	Tween 20
5779	substrate	PEG-4000	PEG-4000
5780	substrate	CHAPS	CHAPS
5781	substrate	Triton X-100	Triton X-100
5782	substrate	phenylglyoxylic acid	phenylglyoxylic acid
5783	enzyme	cytochrome P450	cytochrome P450
5784	enzyme	PgPPDS	PgPPDS
5785	enzyme	AtCYPOR1	AtCYPOR1
5786	enzyme	ScCPR5	ScCPR5
5787	enzyme	ScERO1	ScERO1
5788	enzyme	AtCPR5	AtCPR5
5789	enzyme	AtERO1	AtERO1
5790	enzyme	PgCPR5	PgCPR5
5791	substrate	dammarenediol-II	dammarenediol-II
5792	enzyme	ophiobolin F synthase	ophiobolin F synthase
5793	enzyme	1,8-cineol synthase	1,8-cineol synthase
5794	enzyme	aristolochene synthase	aristolochene synthase
5795	enzyme	fusicoccadiene synthase	fusicoccadiene synthase
5796	enzyme	stellata-2,6,19-triene synthase	stellata-2,6,19-triene synthase
5797	enzyme	protosta-17(20)Z,24-dien-3β-ol synthase	protosta-17(20)Z,24-dien-3β-ol synthase
5798	enzyme	taxadiene synthase	taxadiene synthase
5799	substrate	geranyl farnesyl diphosphate	geranyl farnesyl diphosphate
5800	microbiome	Lachancea fermentati	Lachancea fermentati
5801	microbiome	Cyberlindnera subsufficiens	Cyberlindnera subsufficiens
5802	enzyme	fuculose 1-phosphate aldolase	fuculose 1-phosphate aldolase
5803	substrate	Z-3-amino-propanal	Z-3-amino-propanal
5804	substrate	Z-(R)-alaninal	Z-(R)-alaninal
5805	substrate	Z-(S)-alaninal	Z-(S)-alaninal
5806	microbiome	Rhodosporidium paludigenum	Rhodosporidium paludigenum
5807	enzyme	MYH-1	MYH-1
5808	enzyme	MYH-2	MYH-2
5809	enzyme	acetyl coenzyme A synthetase	acetyl coenzyme A synthetase
5810	enzyme	thermostable a-amylase	thermostable a-amylase
5811	substrate	chicken feathers	chicken feathers
5812	microbiome	Podospora sp.	Podospora sp.
5813	enzyme	sterigmatocystin	sterigmatocystin
5814	enzyme	secosterigmatocystin	secosterigmatocystin
5815	enzyme	13-hydroxyversicolorin B	13-hydroxyversicolorin B
5816	substrate	sterigmatocystin	sterigmatocystin
5817	substrate	secosterigmatocystin	secosterigmatocystin
5818	enzyme	Xyl1-K270R	Xyl1-K270R
5819	enzyme	prolyl aminopeptidase	prolyl aminopeptidase
5820	substrate	rice protein	rice protein
5821	enzyme	N-butanoyl-L-homoserine lactone	N-butanoyl-L-homoserine lactone
5822	enzyme	endo-protease	endo-protease
5823	enzyme	exo-protease	exo-protease
5824	microbiome	Acinetobacter sp. SM04	Acinetobacter sp. SM04
5825	enzyme	peroxiredoxin	peroxiredoxin
5826	microbiome	Saccharomyces cerevisiae INVSc1	Saccharomyces cerevisiae INVSc1
5827	enzyme	recombinant Prx	recombinant Prx
5828	substrate	Zearalenone	Zearalenone
5829	enzyme	L-amino acid deaminase	L-amino acid deaminase
5830	enzyme	α-keto acid decarboxylase	α-keto acid decarboxylase
5831	microbiome	Bacillus caldotenax	Bacillus caldotenax
5832	enzyme	Bca polymerase	Bca polymerase
5833	microbiome	Cladosporium parasphaerospermum	Cladosporium parasphaerospermum
5834	microbiome	Cladosporium chlamydosporigenum	Cladosporium chlamydosporigenum
5835	microbiome	Cladosporium compactisporum	Cladosporium compactisporum
5836	enzyme	hexanoic acid	hexanoic acid
5837	enzyme	octanoic acid	octanoic acid
5838	microbiome	Mogibacterium	Mogibacterium
5839	enzyme	heptanoic acid	heptanoic acid
5840	microbiome	Burkholderia	Burkholderia
5841	microbiome	Fusarium proliferatum	Fusarium proliferatum
5842	enzyme	sanguinarine	sanguinarine
5843	substrate	sanguinarine	sanguinarine
5844	enzyme	glutamic oxaloacetic transaminase	glutamic oxaloacetic transaminase
5845	enzyme	BbSSU1	BbSSU1
5846	enzyme	endostatin	endostatin
5847	microbiome	Saccharomyces cerevisiae | STB5	Saccharomyces cerevisiae | STB5
5848	enzyme	PGI1	PGI1
5849	enzyme	PPDS	PPDS
5850	enzyme	CYP2E1	CYP2E1
5851	enzyme	IIA Chb	IIA Chb
5852	enzyme	phospho-IIA Chb	phospho-IIA Chb
5853	substrate	(GlcNAc)2	(GlcNAc)2
5854	microbiome	Sphingomonas sp. WG	Sphingomonas sp. WG
5855	enzyme	pgm	pgm
5856	enzyme	ugp	ugp
5857	enzyme	ugd	ugd
5858	enzyme	rmlA	rmlA
5859	enzyme	welS	welS
5860	enzyme	welG	welG
5861	substrate	maize starch	maize starch
5862	enzyme	FBPase	FBPase
5863	enzyme	PurF	PurF
5864	substrate	guanosine triphosphate	guanosine triphosphate
5865	substrate	ribulose 5-phosphate	ribulose 5-phosphate
5866	substrate	acetol	acetol
5867	enzyme	tartaric acid	tartaric acid
5868	enzyme	ethyl caprate	ethyl caprate
5869	enzyme	palmitic acid ethyl ester	palmitic acid ethyl ester
5870	enzyme	2-phenethyl acetate	2-phenethyl acetate
5871	enzyme	ethyl hexadecanoate	ethyl hexadecanoate
5872	enzyme	benzaldehyde	benzaldehyde
5873	enzyme	6 0 -sialyllactose sodium salt	6 0 -sialyllactose sodium salt
5874	substrate	sunflower oil cake	sunflower oil cake
5875	enzyme	Shiga toxin	Shiga toxin
5876	microbiome	P. occitanis Pol6	P. occitanis Pol6
5877	microbiome	Mrakia gelida	Mrakia gelida
5878	microbiome	Mrakia cryoconiti	Mrakia cryoconiti
5879	microbiome	Mrakia aquatica	Mrakia aquatica
5880	microbiome	Marinobacter sp.	Marinobacter sp.
5881	enzyme	fucO	fucO
5882	enzyme	ucpA	ucpA
5883	enzyme	pntAB	pntAB
5884	enzyme	yqhD	yqhD
5885	enzyme	alcohol acyl-transferases	alcohol acyl-transferases
5886	enzyme	ester-degrading enzyme	ester-degrading enzyme
5887	enzyme	allulose-6-phosphate epimerase	allulose-6-phosphate epimerase
5888	enzyme	allulose-6-phosphate phosphatase	allulose-6-phosphate phosphatase
5889	enzyme	Adh4p	Adh4p
5890	enzyme	enolase 1	enolase 1
5891	enzyme	fructose-biphosphate aldolase	fructose-biphosphate aldolase
5892	enzyme	enolase 2	enolase 2
5893	substrate	1,3-bis-phosphoglycerate	1,3-bis-phosphoglycerate
5894	microbiome	Zalerion arboricola	Zalerion arboricola
5895	enzyme	pneumocandin A 0	pneumocandin A 0
5896	enzyme	pneumocandin B0	pneumocandin B0
5897	enzyme	MPT64	MPT64
5898	enzyme	17b-HSD1	17b-HSD1
5899	substrate	estradiol	estradiol
5900	enzyme	2-ketoglutarate dehydrogenase	2-ketoglutarate dehydrogenase
5901	enzyme	iridoid synthase	iridoid synthase
5902	enzyme	Oye2	Oye2
5903	enzyme	Oye3	Oye3
5904	enzyme	tCrGES-Erg20 F96W, N127W	tCrGES-Erg20 F96W, N127W
5905	enzyme	CrIS	CrIS
5906	enzyme	Erg20 F96W	Erg20 F96W
5907	enzyme	Idi1	Idi1
5908	substrate	GPP	GPP
5909	enzyme	proteinase B	proteinase B
5910	substrate	BSA	BSA
5911	substrate	2-deoxyuridine	2-deoxyuridine
5912	enzyme	β-d-glucosidase	β-d-glucosidase
5913	enzyme	Clo1313_0613	Clo1313_0613
5914	enzyme	Clo1313_0693	Clo1313_0693
5915	enzyme	aspartate decarboxylase	aspartate decarboxylase
5916	enzyme	aspartate dehydrogenase	aspartate dehydrogenase
5917	microbiome	Streptococcus thermophilus ST110	Streptococcus thermophilus ST110
5918	enzyme	thermophilin 110	thermophilin 110
5919	microbiome	Pachysolen tannophilus	Pachysolen tannophilus
5920	enzyme	hDAAO	hDAAO
5921	substrate	D-amino acid	D-amino acid
5922	enzyme	mevalonate kinase	mevalonate kinase
5923	enzyme	AxeAtr	AxeAtr
5924	enzyme	nitrilase	nitrilase
5925	substrate	cyanide	cyanide
5926	microbiome	Lactobacillus acidophilus NCC2628	Lactobacillus acidophilus NCC2628
5927	substrate	cellobiosyl fluoride	cellobiosyl fluoride
5928	enzyme	aromatic aminotransferase	aromatic aminotransferase
5929	substrate	undissociated lactic acid	undissociated lactic acid
5930	enzyme	cytochrome oxidase	cytochrome oxidase
5931	substrate	potassium nitrate	potassium nitrate
5932	enzyme	4-coumaroyl-CoA ligase	4-coumaroyl-CoA ligase
5933	substrate	terpene glycosides	terpene glycosides
5934	substrate	resveratrol-glucosides	resveratrol-glucosides
5935	microbiome	Scenedesmus	Scenedesmus
5936	enzyme	recombinant spidroin IF9	recombinant spidroin IF9
5937	microbiome	Nocardia tartaricans	Nocardia tartaricans
5938	enzyme	cis-epoxysuccinic acid hydrolase	cis-epoxysuccinic acid hydrolase
5939	substrate	sodium cis-epoxysuccinate	sodium cis-epoxysuccinate
5940	enzyme	chorismate mutase	chorismate mutase
5941	enzyme	β-Ketoacyl-ACP synthase III	β-Ketoacyl-ACP synthase III
5942	enzyme	FabZ	FabZ
5943	substrate	malonyl-ACP	malonyl-ACP
5944	substrate	RNA	RNA
5945	microbiome	Lactobacillus coryniformis subsp. torquens	Lactobacillus coryniformis subsp. torquens
5946	enzyme	geranylgeranyl diphosphate synthase	geranylgeranyl diphosphate synthase
5947	microbiome	Saccharomyces bulderi	Saccharomyces bulderi
5948	substrate	␦-gluconolactone	␦-gluconolactone
5949	enzyme	toxin protein	toxin protein
5950	microbiome	Deinococcus geothermalis	Deinococcus geothermalis
5951	enzyme	abamectin	abamectin
5952	enzyme	Fab superantigen	Fab superantigen
5953	enzyme	Cry1Ab	Cry1Ab
5954	microbiome	Escherichia coli KCCM 80180	Escherichia coli KCCM 80180
5955	enzyme	L-cysteine hydrochloride monohydrate	L-cysteine hydrochloride monohydrate
5956	microbiome	Escherichia coli KCCM 80181	Escherichia coli KCCM 80181
5957	enzyme	pyruvate-ferredoxin oxidoreductase	pyruvate-ferredoxin oxidoreductase
5958	substrate	acetyl coenzyme A	acetyl coenzyme A
5959	enzyme	metallothioneins	metallothioneins
5960	substrate	zinc ions	zinc ions
5961	microbiome	Alternaria	Alternaria
5962	enzyme	resveratrol	resveratrol
5963	enzyme	[NiFe]-hydrogenase 1	[NiFe]-hydrogenase 1
5964	microbiome	Streptomyces nodosus	Streptomyces nodosus
5965	enzyme	amphotericin B	amphotericin B
5966	substrate	L-rhamnose	L-rhamnose
5967	enzyme	histidine-containing phosphocarrier protein HPr	histidine-containing phosphocarrier protein HPr
5968	enzyme	tRNA-guanine transglycosylase	tRNA-guanine transglycosylase
5969	substrate	guanine	guanine
5970	substrate	tRNA	tRNA
5971	substrate	L-proline	L-proline
5972	enzyme	sterol C-24(28) reductase	sterol C-24(28) reductase
5973	enzyme	Bdh2	Bdh2
5974	enzyme	Rim15p	Rim15p
5975	enzyme	polyhydroxyalkanoates depolymerase	polyhydroxyalkanoates depolymerase
5976	enzyme	long-chain fatty acid transport protein	long-chain fatty acid transport protein
5977	substrate	3-hydroxyhexanoic acid	3-hydroxyhexanoic acid
5978	substrate	3-hydroxyoctanoic acid	3-hydroxyoctanoic acid
5979	enzyme	gellan lyase	gellan lyase
5980	microbiome	Lactobacillus 0111	Lactobacillus 0111
5981	substrate	gallic acid	gallic acid
5982	enzyme	Xyn III	Xyn III
5983	microbiome	Torulopsis bombicola	Torulopsis bombicola
5984	enzyme	sophorose lipid	sophorose lipid
5985	enzyme	α-L-fucosidase	α-L-fucosidase
5986	substrate	2-fucosyllactose	2-fucosyllactose
5987	enzyme	Hxt2p	Hxt2p
5988	enzyme	Hxt4p	Hxt4p
5989	enzyme	Hxt6p	Hxt6p
5990	enzyme	Hxt7p	Hxt7p
5991	enzyme	Hxt5p	Hxt5p
5992	enzyme	N-acetylmuramoyl-L-alanine amidase	N-acetylmuramoyl-L-alanine amidase
5993	enzyme	D-alanyl-D-alanine carboxypeptidase	D-alanyl-D-alanine carboxypeptidase
5994	substrate	(R,S)-ester	(R,S)-ester
5995	microbiome	Thermosynechococcus elongatus	Thermosynechococcus elongatus
5996	enzyme	Te2FT	Te2FT
5997	microbiome	Bifidobacterium thermacidophilum	Bifidobacterium thermacidophilum
5998	enzyme	Bt2FT	Bt2FT
5999	enzyme	TSO	TSO
6000	enzyme	HCN	HCN
6001	substrate	alaninamide	alaninamide
6002	substrate	D-malic acid	D-malic acid
6003	substrate	mono-methyl succinate	mono-methyl succinate
6004	substrate	DL-α-glycerol phosphate	DL-α-glycerol phosphate
6005	substrate	glycyl-L-glutamic acid	glycyl-L-glutamic acid
6006	substrate	glycyl-L-aspartic acid	glycyl-L-aspartic acid
6007	microbiome	Candida sorbosivorans	Candida sorbosivorans
6008	enzyme	external NADH dehydrogenase	external NADH dehydrogenase
6009	substrate	acetyl-phosphate	acetyl-phosphate
6010	substrate	pectic-oligosaccharides	pectic-oligosaccharides
6011	microbiome	Verrucosispora sp.	Verrucosispora sp.
6012	enzyme	Amisomycin C	Amisomycin C
6013	substrate	MRSA	MRSA
6014	enzyme	glycerol importer	glycerol importer
6015	enzyme	amorphadiene synthase	amorphadiene synthase
6016	substrate	amorphadiene	amorphadiene
6017	enzyme	acetoin utilization protein	acetoin utilization protein
6018	enzyme	mutator mutt protein	mutator mutt protein
6019	enzyme	iron-uptake system binding protein	iron-uptake system binding protein
6020	enzyme	dihydrolipoamide acetyl-transferase E2	dihydrolipoamide acetyl-transferase E2
6021	enzyme	indole-3-glycerol phosphate synthase	indole-3-glycerol phosphate synthase
6022	enzyme	pyrimidine operon regulatory protein/uracil phosphoribosyltransferase	pyrimidine operon regulatory protein/uracil phosphoribosyltransferase
6023	substrate	indole-3-glycerol phosphate	indole-3-glycerol phosphate
6024	substrate	uracil	uracil
6025	enzyme	UGT73C5	UGT73C5
6026	enzyme	CaUGT3	CaUGT3
6027	substrate	cinnamyl alcohol	cinnamyl alcohol
6028	substrate	p-coumaryl alcohol	p-coumaryl alcohol
6029	enzyme	Lg-ATF1	Lg-ATF1
6030	enzyme	coTAL	coTAL
6031	enzyme	microbial enzymes	microbial enzymes
6032	enzyme	mitochondrial matrix superoxide dismutases	mitochondrial matrix superoxide dismutases
6033	enzyme	thioredoxin-dependent peroxiredoxins	thioredoxin-dependent peroxiredoxins
6034	enzyme	peptide-methionine (R)-S-oxide reductase	peptide-methionine (R)-S-oxide reductase
6035	enzyme	ribonucleotide reductase	ribonucleotide reductase
6036	enzyme	isocitrate dehydrogenase isozyme 2	isocitrate dehydrogenase isozyme 2
6037	enzyme	cytosolic acetaldehyde dehydrogenase	cytosolic acetaldehyde dehydrogenase
6038	enzyme	ketoglutarate dehydrogenase	ketoglutarate dehydrogenase
6039	enzyme	cystathionine β-synthase	cystathionine β-synthase
6040	enzyme	cystathionine γ-synthase	cystathionine γ-synthase
6041	substrate	thiamine	thiamine
6042	microbiome	Geobacillus thermoleovorans	Geobacillus thermoleovorans
6043	substrate	pNP-palmitate	pNP-palmitate
6044	enzyme	citrate synthetase	citrate synthetase
6045	substrate	1,3-bisphosphoglycerate	1,3-bisphosphoglycerate
6046	enzyme	rhamnolipid biosynthesis genes	rhamnolipid biosynthesis genes
6047	enzyme	rhlAB operon	rhlAB operon
6048	enzyme	monorhamnolipid	monorhamnolipid
6049	enzyme	proCPB	proCPB
6050	substrate	preproinsulin	preproinsulin
6051	enzyme	γ-GCS	γ-GCS
6052	enzyme	cystathionine beta-synthase	cystathionine beta-synthase
6053	enzyme	flavorubredoxin	flavorubredoxin
6054	enzyme	flavorubredoxin reductase	flavorubredoxin reductase
6055	enzyme	SLPI	SLPI
6056	microbiome	Aspergillus sp. XN15	Aspergillus sp. XN15
6057	enzyme	raw-starch-digesting enzyme	raw-starch-digesting enzyme
6058	enzyme	endo-1,4-β-xylanase I	endo-1,4-β-xylanase I
6059	enzyme	endo-1,4-β-xylanase II	endo-1,4-β-xylanase II
6060	enzyme	endo-1,4-β-xylanase III	endo-1,4-β-xylanase III
6061	microbiome	Saccharomyces sp.	Saccharomyces sp.
6062	enzyme	3-deoxyfructose	3-deoxyfructose
6063	microbiome	Fea-PA	Fea-PA
6064	enzyme	NAD-glutamate dehydrogenase	NAD-glutamate dehydrogenase
6065	enzyme	CphA 6308	CphA 6308
6066	enzyme	CphA 6308 ⌬1	CphA 6308 ⌬1
6067	substrate	cyanophycin	cyanophycin
6068	enzyme	phospho-α-glucosidase	phospho-α-glucosidase
6069	enzyme	phosphoenolpyruvate-dependent maltose phosphotransferase system	phosphoenolpyruvate-dependent maltose phosphotransferase system
6070	substrate	isomaltose	isomaltose
6071	substrate	panose	panose
6072	enzyme	carbohydrate-active enzymes	carbohydrate-active enzymes
6073	substrate	GlcNAc	GlcNAc
6074	enzyme	endoglucanase CelE	endoglucanase CelE
6075	enzyme	b-glucosidase Bgl1	b-glucosidase Bgl1
6076	microbiome	Dehalobacterium formicoaceticum	Dehalobacterium formicoaceticum
6077	enzyme	DCM dehalogenase	DCM dehalogenase
6078	substrate	dichloromethane	dichloromethane
6079	microbiome	Oceanimonas smirnovii	Oceanimonas smirnovii
6080	enzyme	α-glucosidase inhibitors	α-glucosidase inhibitors
6081	enzyme	potato carboxypeptidase inhibitor	potato carboxypeptidase inhibitor
6082	enzyme	alcohol-aldehyde dehydrogenase	alcohol-aldehyde dehydrogenase
6083	enzyme	interferon s	interferon s
6084	microbiome	Schizochytrium sp.	Schizochytrium sp.
6085	enzyme	delta-endotoxin	delta-endotoxin
6086	substrate	coffee husk	coffee husk
6087	enzyme	aspartate kinase	aspartate kinase
6088	enzyme	carboxypeptidase A	carboxypeptidase A
6089	substrate	N-(3-[2-Furyl]acryloyl)-Phe-Phe	N-(3-[2-Furyl]acryloyl)-Phe-Phe
6090	enzyme	glutamate:succinate semialdehyde aminotransferase	glutamate:succinate semialdehyde aminotransferase
6091	substrate	poly-cyclic aromatic hydrocarbons	poly-cyclic aromatic hydrocarbons
6092	substrate	alkyl benzenes	alkyl benzenes
6093	substrate	BTEX	BTEX
6094	enzyme	KsaD	KsaD
6095	enzyme	XylA	XylA
6096	substrate	glutaraldehyde	glutaraldehyde
6097	enzyme	PHA depolymerase	PHA depolymerase
6098	enzyme	3-ketoacyl-ACP reductase	3-ketoacyl-ACP reductase
6099	substrate	poly(3-hydroxyalkanoates)	poly(3-hydroxyalkanoates)
6100	substrate	(R)-3-hydroxyacyl-CoA	(R)-3-hydroxyacyl-CoA
6101	enzyme	neryl pyrophosphate synthase	neryl pyrophosphate synthase
6102	enzyme	p-cymene monooxygenase	p-cymene monooxygenase
6103	enzyme	NADPH transhydrogenase	NADPH transhydrogenase
6104	substrate	neryl pyrophosphate	neryl pyrophosphate
6105	substrate	limonene	limonene
6106	substrate	perillyl aldehyde	perillyl aldehyde
6107	microbiome	Cladosporium cladosporioides	Cladosporium cladosporioides
6108	enzyme	thermotolerant laccase	thermotolerant laccase
6109	enzyme	thermostable β-glucosidase	thermostable β-glucosidase
6110	enzyme	glucose-specific PTS	glucose-specific PTS
6111	enzyme	maltose-specific PTS	maltose-specific PTS
6112	enzyme	cellobiose-specific PTS	cellobiose-specific PTS
6113	enzyme	fructose-specific PTS	fructose-specific PTS
6114	enzyme	mannose-specific PTS	mannose-specific PTS
6115	substrate	deoxynivalenol	deoxynivalenol
6116	enzyme	malonylcoenzyme A (CoA)/holo-ACP transacylase	malonylcoenzyme A (CoA)/holo-ACP transacylase
6117	substrate	beta-D-glucan	beta-D-glucan
6118	enzyme	HypF-N	HypF-N
6119	substrate	HypF-N	HypF-N
6120	enzyme	4-amino-4-deoxychorismate synthase	4-amino-4-deoxychorismate synthase
6121	enzyme	4-amino-4-deoxychorismate mutase	4-amino-4-deoxychorismate mutase
6122	enzyme	4-amino-4-deoxyprephenate dehydrogenase	4-amino-4-deoxyprephenate dehydrogenase
6123	enzyme	dehydroquinate synthase	dehydroquinate synthase
6124	enzyme	cysteine-β-lyase	cysteine-β-lyase
6125	substrate	Cys-4MMP	Cys-4MMP
6126	substrate	Cys-3MH	Cys-3MH
6127	microbiome	Entodinium caudatum	Entodinium caudatum
6128	microbiome	Epidinium ecaudatum	Epidinium ecaudatum
6129	microbiome	Mucor subtilissimus	Mucor subtilissimus
6130	enzyme	collagenolytic protease	collagenolytic protease
6131	microbiome	Escherichia coli K5	Escherichia coli K5
6132	enzyme	heparosan lyase	heparosan lyase
6133	substrate	heparosan	heparosan
6134	substrate	GlcA	GlcA
6135	enzyme	Phosphomannose isomerase	Phosphomannose isomerase
6136	substrate	mannose 6-phosphate	mannose 6-phosphate
6137	enzyme	phoacetyl transferase	phoacetyl transferase
6138	enzyme	lipopeptide	lipopeptide
6139	enzyme	acetyl xylan esterase A	acetyl xylan esterase A
6140	substrate	terpenic compounds	terpenic compounds
6141	substrate	biogenic amines	biogenic amines
6142	enzyme	trans-proline-4-hydroxylase	trans-proline-4-hydroxylase
6143	enzyme	l-proline hydroxylase	l-proline hydroxylase
6144	substrate	l-proline	l-proline
6145	enzyme	gluconate 6-phosphate dehydrogenase	gluconate 6-phosphate dehydrogenase
6146	microbiome	Streptococcus pyogenes	Streptococcus pyogenes
6147	substrate	plant cell walls	plant cell walls
6148	substrate	adenosine 5'-triphosphate	adenosine 5'-triphosphate
6149	microbiome	Shimwellia blattae	Shimwellia blattae
6150	enzyme	1,3-propanediol dehydrogenase DhaT	1,3-propanediol dehydrogenase DhaT
6151	enzyme	aldehyde dehydrogenase AldD	aldehyde dehydrogenase AldD
6152	enzyme	propionate-CoA transferase Pct	propionate-CoA transferase Pct
6153	enzyme	PHA synthase PhaC1	PHA synthase PhaC1
6154	substrate	3-hydroxypropionate	3-hydroxypropionate
6155	substrate	3-hydroxypropionyl-CoA	3-hydroxypropionyl-CoA
6156	enzyme	VHH-BC15	VHH-BC15
6157	enzyme	endo-glucanase BcsZ	endo-glucanase BcsZ
6158	microbiome	Thermoactinomyces vulgaris	Thermoactinomyces vulgaris
6159	enzyme	cutinolytic esterase	cutinolytic esterase
6160	substrate	apple cutin	apple cutin
6161	substrate	tomato cutin	tomato cutin
6162	enzyme	GlcNAc permease	GlcNAc permease
6163	enzyme	GlcNAc kinase	GlcNAc kinase
6164	enzyme	c-glutamyltranspeptidase	c-glutamyltranspeptidase
6165	substrate	L-theanine	L-theanine
6166	enzyme	scAANAT	scAANAT
6167	substrate	dopamine	dopamine
6168	enzyme	HXYN2	HXYN2
6169	enzyme	Flag-tag	Flag-tag
6170	microbiome	Trichoderma reesei Rut-C30	Trichoderma reesei Rut-C30
6171	substrate	Trx-peptide fusion proteins	Trx-peptide fusion proteins
6172	microbiome	Klebsiella sp. NBRC100048	Klebsiella sp. NBRC100048
6173	enzyme	orf2991	orf2991
6174	substrate	tridecanal	tridecanal
6175	microbiome	Trichoderma reesei Rut C 30	Trichoderma reesei Rut C 30
6176	enzyme	Cellic® Ctec2	Cellic® Ctec2
6177	enzyme	Cellic® Htec2	Cellic® Htec2
6178	enzyme	BGL	BGL
6179	substrate	PASC	PASC
6180	enzyme	IICBGlc	IICBGlc
6181	enzyme	IICDMan	IICDMan
6182	enzyme	TesA	TesA
6183	microbiome	Mus musculus	Mus musculus
6184	enzyme	FAR	FAR
6185	microbiome	Marinobacter hydrocarbonasticus	Marinobacter hydrocarbonasticus
6186	enzyme	MaFAR2	MaFAR2
6187	enzyme	MaFAR7	MaFAR7
6188	microbiome	Tyto alba	Tyto alba
6189	enzyme	TaFAR1	TaFAR1
6190	enzyme	KlGapDH	KlGapDH
6191	enzyme	BcGapN	BcGapN
6192	microbiome	Yarrowia lipolitica	Yarrowia lipolitica
6193	enzyme	Δ9-desaturase	Δ9-desaturase
6194	microbiome	Saccharomyces rouxii	Saccharomyces rouxii
6195	enzyme	P-fructofuranosidase	P-fructofuranosidase
6196	microbiome	Aspergillus tubingensis	Aspergillus tubingensis
6197	enzyme	D-glucosidase	D-glucosidase
6198	enzyme	L-arabinofuranosidase	L-arabinofuranosidase
6199	enzyme	L-arabinopyranosidase	L-arabinopyranosidase
6200	substrate	ginsenoside compound K	ginsenoside compound K
6201	substrate	glutamic acid γ-methyl ester	glutamic acid γ-methyl ester
6202	enzyme	Pcd1p	Pcd1p
6203	enzyme	Tdh3p	Tdh3p
6204	enzyme	Tef1p	Tef1p
6205	enzyme	Rpl31Ap	Rpl31Ap
6206	enzyme	Eno2p	Eno2p
6207	enzyme	Ssa2p	Ssa2p
6208	enzyme	Met10p	Met10p
6209	enzyme	Met17p	Met17p
6210	enzyme	Met6p	Met6p
6211	enzyme	Ylr179Cp	Ylr179Cp
6212	enzyme	Gre2p	Gre2p
6213	enzyme	Sah1p	Sah1p
6214	substrate	organic peroxides	organic peroxides
6215	enzyme	recombinant human consensus interferon-α mutant	recombinant human consensus interferon-α mutant
6216	substrate	polyoxyethylene sorbitan monolaurate	polyoxyethylene sorbitan monolaurate
6217	enzyme	carnitine acetyl transferase	carnitine acetyl transferase
6218	enzyme	isopropylmalate synthase	isopropylmalate synthase
6219	enzyme	endo β-1,4-xylanase	endo β-1,4-xylanase
6220	substrate	xylans	xylans
6221	microbiome	Actinoplanes utahensis	Actinoplanes utahensis
6222	enzyme	AcbV	AcbV
6223	enzyme	AcbN	AcbN
6224	enzyme	AcbL	AcbL
6225	enzyme	AcbK	AcbK
6226	enzyme	Xpk1	Xpk1
6227	enzyme	GlnA	GlnA
6228	substrate	dTDP-4-keto-6-deoxy-D-Glc	dTDP-4-keto-6-deoxy-D-Glc
6229	substrate	dTDP-4-amino-4,6-dideoxy-DGlc	dTDP-4-amino-4,6-dideoxy-DGlc
6230	microbiome	Rhodospirillum rubrum	Rhodospirillum rubrum
6231	enzyme	pyruvate ferredoxin-oxidoreductase	pyruvate ferredoxin-oxidoreductase
6232	substrate	sodium pyruvate	sodium pyruvate
6233	enzyme	iduronate 2-sulfate sulfatase	iduronate 2-sulfate sulfatase
6234	substrate	heparan sulfate	heparan sulfate
6235	substrate	dermatan sulfate	dermatan sulfate
6236	enzyme	NADP+-dependent non-phosphorylating glyceraldehyde-3-phosphate dehydrogenase	NADP+-dependent non-phosphorylating glyceraldehyde-3-phosphate dehydrogenase
6237	enzyme	ATP-NADH kinase	ATP-NADH kinase
6238	enzyme	pyruvate-formate lyase activating enzyme	pyruvate-formate lyase activating enzyme
6239	enzyme	higher alcohols	higher alcohols
6240	enzyme	esters	esters
6241	enzyme	endolysin LysKB317	endolysin LysKB317
6242	enzyme	3-hydroxybutyryl-CoA dehydrogenase	3-hydroxybutyryl-CoA dehydrogenase
6243	enzyme	3-hydroxybutyryl-CoA dehydratase	3-hydroxybutyryl-CoA dehydratase
6244	enzyme	trans-enoyl-CoA reductase	trans-enoyl-CoA reductase
6245	substrate	n-butanol	n-butanol
6246	enzyme	RppH	RppH
6247	enzyme	CysM	CysM
6248	enzyme	purine nucleoside phosphorylase	purine nucleoside phosphorylase
6249	enzyme	endoglucanase (EG2)	endoglucanase (EG2)
6250	enzyme	cellobiohydrolysase (CBH2)	cellobiohydrolysase (CBH2)
6251	enzyme	β-glucosidase (BGL1)	β-glucosidase (BGL1)
6252	enzyme	EndoG	EndoG
6253	substrate	l-methionine	l-methionine
6254	enzyme	meso-SADH	meso-SADH
6255	microbiome	Saccharomyces cerevisiae | CSF1	Saccharomyces cerevisiae | CSF1
6256	enzyme	GroEL/GroES	GroEL/GroES
6257	microbiome	Mycothermus thermophilus	Mycothermus thermophilus
6258	enzyme	xyloglucanase	xyloglucanase
6259	microbiome	Trichoderma reesei RP698	Trichoderma reesei RP698
6260	microbiome	Parabacteroides sp	Parabacteroides sp
6261	microbiome	Bacteroides thetaiotaomicron	Bacteroides thetaiotaomicron
6262	enzyme	NADPH-specific alcohol dehydrogenase	NADPH-specific alcohol dehydrogenase
6263	enzyme	Eat1	Eat1
6264	substrate	ethyl dodecanoate	ethyl dodecanoate
6265	enzyme	high molecular weight exopolyphosphatase	high molecular weight exopolyphosphatase
6266	enzyme	exopolyphosphatase PPX1	exopolyphosphatase PPX1
6267	substrate	polyP1	polyP1
6268	microbiome	Bacillus subtilis IMR-NK1	Bacillus subtilis IMR-NK1
6269	substrate	N-succinyl-Ala-Ala-Pro-Phe-pNA	N-succinyl-Ala-Ala-Pro-Phe-pNA
6270	enzyme	l-threonine	l-threonine
6271	substrate	potassium ions	potassium ions
6272	substrate	hydrogen ions	hydrogen ions
6273	enzyme	CYP264A1	CYP264A1
6274	enzyme	CYP21A2	CYP21A2
6275	enzyme	CYP109D1	CYP109D1
6276	substrate	4-methyl-3-phenyl-coumarin	4-methyl-3-phenyl-coumarin
6277	substrate	medrane	medrane
6278	microbiome	Actinomyces naturae	Actinomyces naturae
6279	enzyme	endo-b-(1?4)-glucuronan lyase	endo-b-(1?4)-glucuronan lyase
6280	substrate	b-(1?4)-glucuronate	b-(1?4)-glucuronate
6281	microbiome	Stenotrophomonas maltophilia	Stenotrophomonas maltophilia
6282	enzyme	fatty acid hydratase	fatty acid hydratase
6283	enzyme	oleate hydratase	oleate hydratase
6284	microbiome	Cryptococcus sp.	Cryptococcus sp.
6285	enzyme	phenoxymethyl penicillinamidase	phenoxymethyl penicillinamidase
6286	substrate	phenylpropionic acid	phenylpropionic acid
6287	microbiome	Saccharomyces cerevisiae boulardii CNCM I-1079	Saccharomyces cerevisiae boulardii CNCM I-1079
6288	microbiome	Streptomyces nogalater	Streptomyces nogalater
6289	enzyme	antibacterial metabolite	antibacterial metabolite
6290	enzyme	GPD1	GPD1
6291	enzyme	TRX2	TRX2
6292	enzyme	GSY2	GSY2
6293	enzyme	STI1	STI1
6294	enzyme	carnocin KZ213	carnocin KZ213
6295	microbiome	Bacillus brevis	Bacillus brevis
6296	enzyme	LTB	LTB
6297	enzyme	l-fucose isomerase	l-fucose isomerase
6298	substrate	l-xylulose	l-xylulose
6299	enzyme	xylanase (TrxA)	xylanase (TrxA)
6300	enzyme	GroES	GroES
6301	enzyme	RecR	RecR
6302	enzyme	RepB	RepB
6303	enzyme	biotin carboxyl carrier protein	biotin carboxyl carrier protein
6304	microbiome	Aspergillus flavus | IH-7	Aspergillus flavus | IH-7
6305	enzyme	IH-7	IH-7
6306	substrate	kaolin	kaolin
6307	enzyme	glutaric acid	glutaric acid
6308	enzyme	aldehyde deformylating oxygenases	aldehyde deformylating oxygenases
6309	microbiome	Escherichia coli HB101	Escherichia coli HB101
6310	enzyme	(R)-3-hydroxydecanoyl-ACP:CoA transacylase	(R)-3-hydroxydecanoyl-ACP:CoA transacylase
6311	substrate	3-hydroxydecanoic acid	3-hydroxydecanoic acid
6312	microbiome	Haloarcula sp. LLSG7	Haloarcula sp. LLSG7
6313	substrate	CMC-Na salt	CMC-Na salt
6314	enzyme	fl-glucan-synthase	fl-glucan-synthase
6315	enzyme	mannosyltransferase	mannosyltransferase
6316	substrate	fl-glucan	fl-glucan
6317	microbiome	Halomonas TD08	Halomonas TD08
6318	enzyme	methylmalonyl-CoA mutase	methylmalonyl-CoA mutase
6319	microbiome	Pseudomonas citronellolis	Pseudomonas citronellolis
6320	microbiome	Chitinispirillum alkaliphilum	Chitinispirillum alkaliphilum
6321	enzyme	b-N-acetylglucosaminidase	b-N-acetylglucosaminidase
6322	substrate	N-acetyl glucosamine	N-acetyl glucosamine
6323	microbiome	Lactococcus lactis ssp. lactis	Lactococcus lactis ssp. lactis
6324	enzyme	oligopeptide transporter	oligopeptide transporter
6325	enzyme	amino-transferase	amino-transferase
6326	enzyme	racemase	racemase
6327	enzyme	glycerate kinase	glycerate kinase
6328	enzyme	glycerol uptake facilitator	glycerol uptake facilitator
6329	microbiome	Mycoplasma hyopneumoniae	Mycoplasma hyopneumoniae
6330	substrate	ribonucleotide reductase peptide	ribonucleotide reductase peptide
6331	enzyme	pyruvate-formate-lyase	pyruvate-formate-lyase
6332	enzyme	dihydrolipoamide acetyltransferase	dihydrolipoamide acetyltransferase
6333	substrate	l-dopa	l-dopa
6334	enzyme	β-carotene hydroxylase	β-carotene hydroxylase
6335	enzyme	β-carotene ketolase	β-carotene ketolase
6336	substrate	zeaxanthin	zeaxanthin
6337	enzyme	H-NHase	H-NHase
6338	enzyme	DPM synthase	DPM synthase
6339	substrate	dolichyl phosphate mannose	dolichyl phosphate mannose
6340	enzyme	Xltr1p	Xltr1p
6341	enzyme	Gltr1p	Gltr1p
6342	enzyme	VP	VP
6343	enzyme	l-aspartate ammonia-lyase	l-aspartate ammonia-lyase
6344	enzyme	microsomal glutathione S-transferase	microsomal glutathione S-transferase
6345	enzyme	cytoplasmic GST	cytoplasmic GST
6346	substrate	1,2-epoxy-3-(4′-nitrophenoxy)propane	1,2-epoxy-3-(4′-nitrophenoxy)propane
6347	enzyme	alkaline phosphatase IV	alkaline phosphatase IV
6348	enzyme	BSAP	BSAP
6349	substrate	pNPP	pNPP
6350	substrate	bis-pNPP	bis-pNPP
6351	microbiome	Clostridium sporogenes	Clostridium sporogenes
6352	enzyme	betaine reductase	betaine reductase
6353	substrate	betaine	betaine
6354	enzyme	exopedinase	exopedinase
6355	enzyme	endopectinase	endopectinase
6356	enzyme	LAD	LAD
6357	enzyme	psXDH	psXDH
6358	enzyme	xylanase Xyn11A	xylanase Xyn11A
6359	enzyme	AroY-C iso	AroY-C iso
6360	enzyme	cytochrome o ubiquinol oxidase	cytochrome o ubiquinol oxidase
6361	enzyme	NADH dehydrogenase I	NADH dehydrogenase I
6362	enzyme	RecBCD enzyme complex	RecBCD enzyme complex
6363	enzyme	LexA-regulated DNA repair enzyme	LexA-regulated DNA repair enzyme
6364	enzyme	hydrogenase-3 subunit	hydrogenase-3 subunit
6365	enzyme	hydrogenase-1 subunit	hydrogenase-1 subunit
6366	enzyme	penicillin-binding protein 1A	penicillin-binding protein 1A
6367	enzyme	isocitrate dehydrogenase kinase/phosphatase	isocitrate dehydrogenase kinase/phosphatase
6368	enzyme	DNA polymerase III	DNA polymerase III
6369	enzyme	o-succinylbenzoate synthase I	o-succinylbenzoate synthase I
6370	enzyme	periplasmic serine endopeptidase	periplasmic serine endopeptidase
6371	enzyme	ferric hydroxamate-dependent iron uptake	ferric hydroxamate-dependent iron uptake
6372	substrate	cytochrome	cytochrome
6373	substrate	o-succinylbenzoate	o-succinylbenzoate
6374	substrate	ferric hydroxamate	ferric hydroxamate
6375	enzyme	glucose phosphate dehydrogenase	glucose phosphate dehydrogenase
6376	enzyme	malate synthase1	malate synthase1
6377	enzyme	citrate synthase2	citrate synthase2
6378	enzyme	NADH dehydrogenase	NADH dehydrogenase
6379	substrate	sodium citrate	sodium citrate
6380	microbiome	Penicillium notatum	Penicillium notatum
6381	enzyme	B-galactosidase	B-galactosidase
6382	microbiome	Fusarium moniliforme	Fusarium moniliforme
6383	enzyme	Stl1	Stl1
6384	enzyme	L-rhamnose isomerase	L-rhamnose isomerase
6385	substrate	lichen polysaccharide	lichen polysaccharide
6386	enzyme	pectic enzyme	pectic enzyme
6387	microbiome	Metschnikowia fructicola	Metschnikowia fructicola
6388	substrate	nerol	nerol
6389	substrate	8-hydroxy-linalool (cis)	8-hydroxy-linalool (cis)
6390	substrate	3-oxo-α-ionol	3-oxo-α-ionol
6391	substrate	isoamyl lactate	isoamyl lactate
6392	substrate	ethyl isoamyl succinate	ethyl isoamyl succinate
6393	enzyme	gamma-glutamyl phosphate reductase	gamma-glutamyl phosphate reductase
6394	enzyme	aspartic β semi-aldehyde dehydrogenase	aspartic β semi-aldehyde dehydrogenase
6395	enzyme	NAD-dependent glycerol 3-phosphate dehydrogenase	NAD-dependent glycerol 3-phosphate dehydrogenase
6396	enzyme	mitochondrial alcohol dehydrogenase isozyme III	mitochondrial alcohol dehydrogenase isozyme III
6397	enzyme	NADPH dehydrogenase	NADPH dehydrogenase
6398	substrate	branched chain amino acids	branched chain amino acids
6399	substrate	aspartyl-4-phosphate	aspartyl-4-phosphate
6400	substrate	dihydroxy acetone phosphate	dihydroxy acetone phosphate
6401	microbiome	Geobacillus stearothermophilus	Geobacillus stearothermophilus
6402	substrate	gellan	gellan
6403	microbiome	Aspergillus niger BK01	Aspergillus niger BK01
6404	enzyme	PhaP1	PhaP1
6405	enzyme	PhaP2	PhaP2
6406	enzyme	PhaP3	PhaP3
6407	enzyme	PhaP4	PhaP4
6408	substrate	4-hydroxybutyrate	4-hydroxybutyrate
6409	substrate	poly(4-hydroxybutyrate)	poly(4-hydroxybutyrate)
6410	enzyme	6-phosphofructo-1-kinase	6-phosphofructo-1-kinase
6411	enzyme	mannose-1-phosphate guanylytransferase	mannose-1-phosphate guanylytransferase
6412	enzyme	GDP-mannose 4,6-dehydratase	GDP-mannose 4,6-dehydratase
6413	enzyme	GDP-4-keto-6-deoxy-D-mannose-3,5-epimerase/4-reductase	GDP-4-keto-6-deoxy-D-mannose-3,5-epimerase/4-reductase
6414	substrate	D-mannose	D-mannose
6415	enzyme	Class II hydrophobin HFBII	Class II hydrophobin HFBII
6416	enzyme	ADH-'A'	ADH-'A'
6417	substrate	rac-1-phenylethanol	rac-1-phenylethanol
6418	enzyme	(S)-carbonyl reductase II	(S)-carbonyl reductase II
6419	enzyme	A258F glucose dehydrogenase	A258F glucose dehydrogenase
6420	enzyme	endo-β-1,4-xylanase 2	endo-β-1,4-xylanase 2
6421	substrate	2-hydroxyacetophenone	2-hydroxyacetophenone
6422	enzyme	b-D-glucosidase EC 3.2.1.21	b-D-glucosidase EC 3.2.1.21
6423	enzyme	a-D-galactosidase EC 3.2.1.22	a-D-galactosidase EC 3.2.1.22
6424	enzyme	phosphotase EC 3.1.3	phosphotase EC 3.1.3
6425	enzyme	b-1,4-mannanase EC 3.2.1.78	b-1,4-mannanase EC 3.2.1.78
6426	enzyme	a-D-mannosidase EC 3.2.1.24	a-D-mannosidase EC 3.2.1.24
6427	enzyme	a-D-glucosidase EC 3.2.1.20	a-D-glucosidase EC 3.2.1.20
6428	enzyme	b-D-galactosidase EC 3.2.1.23	b-D-galactosidase EC 3.2.1.23
6429	enzyme	b-D-mannosidase EC 3.2.1.25	b-D-mannosidase EC 3.2.1.25
6430	enzyme	b-D-xylosidase EC 3.2.1.37	b-D-xylosidase EC 3.2.1.37
6431	enzyme	a-L-arabinosidase EC 3.2.1.55	a-L-arabinosidase EC 3.2.1.55
6432	enzyme	serA	serA
6433	enzyme	serB	serB
6434	enzyme	serC	serC
6435	enzyme	pgk	pgk
6436	substrate	l-serine	l-serine
6437	substrate	glycosylated precursors	glycosylated precursors
6438	substrate	raffinose series oligosaccharides	raffinose series oligosaccharides
6439	enzyme	PHB synthase Class I	PHB synthase Class I
6440	substrate	acetoacetyl-CoA	acetoacetyl-CoA
6441	enzyme	reteplase	reteplase
6442	enzyme	NADP-glutamate dehydrogenase	NADP-glutamate dehydrogenase
6443	enzyme	allantoinase	allantoinase
6444	substrate	raw corn starch	raw corn starch
6445	enzyme	trehalose-6 phosphate synthase	trehalose-6 phosphate synthase
6446	enzyme	acid trehalase	acid trehalase
6447	substrate	trehalose-6 phosphate	trehalose-6 phosphate
6448	enzyme	citrate permease	citrate permease
6449	enzyme	dextran	dextran
6450	microbiome	Saccharomyces cerevisiae | Flo1	Saccharomyces cerevisiae | Flo1
6451	enzyme	β-caryophyllene synthase	β-caryophyllene synthase
6452	enzyme	geranyl diphosphate synthase	geranyl diphosphate synthase
6453	enzyme	acetoacetyl-CoA synthase	acetoacetyl-CoA synthase
6454	substrate	Micrococcus lysodeikticus	Micrococcus lysodeikticus
6455	enzyme	fibrinolytic protease	fibrinolytic protease
6456	enzyme	CYP76AH1	CYP76AH1
6457	enzyme	SmCPR	SmCPR
6458	enzyme	SpCytb5	SpCytb5
6459	substrate	miltiradiene	miltiradiene
6460	microbiome	Staphylococcus carnosus	Staphylococcus carnosus
6461	microbiome	Staphylococcus epidermidis	Staphylococcus epidermidis
6462	microbiome	Staphylococcus equorum	Staphylococcus equorum
6463	microbiome	Staphylococcus saprophyticus	Staphylococcus saprophyticus
6464	substrate	3-methyl butanal	3-methyl butanal
6465	substrate	3-methyl butanol	3-methyl butanol
6466	microbiome	Enterobacter sp. DS-S-75	Enterobacter sp. DS-S-75
6467	enzyme	CHB hydrolase	CHB hydrolase
6468	substrate	(R)-4-Chloro-3-hydroxybutyrate	(R)-4-Chloro-3-hydroxybutyrate
6469	enzyme	fumarase	fumarase
6470	microbiome	Bacillus subtilis MA139	Bacillus subtilis MA139
6471	enzyme	subtilisin	subtilisin
6472	enzyme	pravastatin	pravastatin
6473	enzyme	lovastatin	lovastatin
6474	substrate	germinated finger millet	germinated finger millet
6475	enzyme	xylitol	xylitol
6476	substrate	fructose diphosphate	fructose diphosphate
6477	substrate	phosphoenol pyruvate	phosphoenol pyruvate
6478	enzyme	acid carboxypeptidase	acid carboxypeptidase
6479	enzyme	ester compounds	ester compounds
6480	substrate	a-cellobiosyl fluoride	a-cellobiosyl fluoride
6481	enzyme	GlyRS2	GlyRS2
6482	substrate	tRNAGly	tRNAGly
6483	substrate	feed proteins	feed proteins
6484	substrate	pNP	pNP
6485	substrate	Fibruline	Fibruline
6486	enzyme	ALDC	ALDC
6487	enzyme	ALS	ALS
6488	enzyme	budR regulatory protein	budR regulatory protein
6489	enzyme	PP2A B55␦	PP2A B55␦
6490	enzyme	TORC1	TORC1
6491	enzyme	Sch9p	Sch9p
6492	enzyme	Cdc55p	Cdc55p
6493	substrate	phosphoenolpyruvic acid	phosphoenolpyruvic acid
6494	microbiome	Streptomyces roseosporus	Streptomyces roseosporus
6495	enzyme	DepR1	DepR1
6496	substrate	daptomycin	daptomycin
6497	enzyme	Ymr152wp	Ymr152wp
6498	enzyme	NADP+-dependent malate dehydrogenase	NADP+-dependent malate dehydrogenase
6499	enzyme	NADPH/NADH xylose reductase	NADPH/NADH xylose reductase
6500	enzyme	RPE1	RPE1
6501	enzyme	rhamnulose 1-phosphate aldolase	rhamnulose 1-phosphate aldolase
6502	microbiome	Pseudomonas gessardii	Pseudomonas gessardii
6503	enzyme	dihydrolipoyllysine-residue acetyltransferase	dihydrolipoyllysine-residue acetyltransferase
6504	enzyme	acyl-CoA thioesterase	acyl-CoA thioesterase
6505	enzyme	poly (3-hydroxyalkanoate) polymerase	poly (3-hydroxyalkanoate) polymerase
6506	enzyme	Crimi	Crimi
6507	enzyme	ZZT2	ZZT2
6508	enzyme	hFGF-2	hFGF-2
6509	enzyme	SAM synthetase	SAM synthetase
6510	microbiome	Megasphaera hexanoica	Megasphaera hexanoica
6511	enzyme	CsCCD2	CsCCD2
6512	enzyme	YjiC	YjiC
6513	enzyme	YdhE	YdhE
6514	enzyme	YojK	YojK
6515	substrate	crocetin	crocetin
6516	enzyme	succinic semialdehyde dehydrogenase	succinic semialdehyde dehydrogenase
6517	enzyme	aspartate-1-decarboxylase	aspartate-1-decarboxylase
6518	substrate	malonic semialdehyde	malonic semialdehyde
6519	substrate	succinic semialdehyde	succinic semialdehyde
6520	enzyme	glucanases	glucanases
6521	substrate	1,3-PD	1,3-PD
6522	enzyme	raspberry ketone reductase	raspberry ketone reductase
6523	microbiome	Lactobacillus delbrueckii subsp. bulgaricus CNRZ 1187	Lactobacillus delbrueckii subsp. bulgaricus CNRZ 1187
6524	enzyme	EPS	EPS
6525	microbiome	Lactobacillus delbrueckii subsp. bulgaricus CNRZ 416	Lactobacillus delbrueckii subsp. bulgaricus CNRZ 416
6526	enzyme	acetone	acetone
6527	enzyme	tylosin	tylosin
6528	enzyme	PhaC	PhaC
6529	enzyme	PhaAB	PhaAB
6530	enzyme	RcsA	RcsA
6531	enzyme	RcsB	RcsB
6532	enzyme	Wza	Wza
6533	enzyme	Gmd	Gmd
6534	enzyme	GalU	GalU
6535	enzyme	YjbH	YjbH
6536	microbiome	Treponema pectinovorum	Treponema pectinovorum
6537	substrate	polygalacturonate	polygalacturonate
6538	enzyme	GTP:α-D-mannose-1-phosphate guanyltransferase	GTP:α-D-mannose-1-phosphate guanyltransferase
6539	enzyme	ubiquitin-like protease 1	ubiquitin-like protease 1
6540	substrate	SUMO-tagged fusion protein	SUMO-tagged fusion protein
6541	enzyme	VioE	VioE
6542	enzyme	prochymosin	prochymosin
6543	enzyme	glutathione peroxidase 3	glutathione peroxidase 3
6544	enzyme	cyanide hydratase	cyanide hydratase
6545	substrate	HCN	HCN
6546	microbiome	Cyberlindnera saturnus	Cyberlindnera saturnus
6547	enzyme	Adh5p	Adh5p
6548	enzyme	Adh6p	Adh6p
6549	microbiome	Trichoderma reesei QM6a	Trichoderma reesei QM6a
6550	microbiome	Trichoderma reesei Rut C30	Trichoderma reesei Rut C30
6551	enzyme	l-threonine aldolase	l-threonine aldolase
6552	enzyme	glycine oxidase	glycine oxidase
6553	microbiome	Gliocladium roseum	Gliocladium roseum
6554	substrate	diacylglycerol	diacylglycerol
6555	enzyme	trehalose 6-phosphate phosphatase	trehalose 6-phosphate phosphatase
6556	microbiome	Penicillium herquei	Penicillium herquei
6557	enzyme	hualyzin	hualyzin
6558	substrate	phosphoglycerate	phosphoglycerate
6559	enzyme	Crp	Crp
6560	enzyme	FruR	FruR
6561	enzyme	FlhD	FlhD
6562	enzyme	Slp	Slp
6563	enzyme	YhiF	YhiF
6564	enzyme	serine hydroxymethyltransferase	serine hydroxymethyltransferase
6565	microbiome	B. subtilis SF4-3	B. subtilis SF4-3
6566	enzyme	acetoin synthase	acetoin synthase
6567	enzyme	β‑xylosidase	β‑xylosidase
6568	enzyme	xylodextrin transporter	xylodextrin transporter
6569	substrate	pNPX	pNPX
6570	enzyme	amylase AmyE1	amylase AmyE1
6571	enzyme	cellulase CelE1	cellulase CelE1
6572	enzyme	glutamyltRNA synthetase	glutamyltRNA synthetase
6573	enzyme	protein of unknown function	protein of unknown function
6574	enzyme	mitochondrial inner membrane protein	mitochondrial inner membrane protein
6575	enzyme	geranyl pyrophosphate synthase	geranyl pyrophosphate synthase
6576	enzyme	pinene synthase	pinene synthase
6577	enzyme	1-deoxy-D-xylulose-5-phosphate reductoisomerase	1-deoxy-D-xylulose-5-phosphate reductoisomerase
6578	enzyme	methylerythritol phosphate cytidyltransferase	methylerythritol phosphate cytidyltransferase
6579	substrate	1-deoxy-D-xylulose-5-phosphate	1-deoxy-D-xylulose-5-phosphate
6580	substrate	methylerythritol phosphate	methylerythritol phosphate
6581	microbiome	Phaffia rhodozyma	Phaffia rhodozyma
6582	enzyme	sucrolytic	sucrolytic
6583	enzyme	urelolytic	urelolytic
6584	substrate	p-nitrophenyl-β-d-glucopyranoside	p-nitrophenyl-β-d-glucopyranoside
6585	enzyme	PPTase	PPTase
6586	substrate	eicosapentaenoic acid	eicosapentaenoic acid
6587	substrate	benzamide	benzamide
6588	substrate	3-hydroxy-3-phenyl-propionamide	3-hydroxy-3-phenyl-propionamide
6589	substrate	3-amino-3-phenyl-propionamide	3-amino-3-phenyl-propionamide
6590	substrate	iminodiacetonitrile	iminodiacetonitrile
6591	enzyme	AST	AST
6592	microbiome	Aspergillus luchuensis	Aspergillus luchuensis
6593	enzyme	L-iditol 2-dehydrogenase	L-iditol 2-dehydrogenase
6594	enzyme	pectinesterase	pectinesterase
6595	enzyme	rhamnose carboxylic acid acetylesterase	rhamnose carboxylic acid acetylesterase
6596	enzyme	galacturan 1,4-α-galacturonidase	galacturan 1,4-α-galacturonidase
6597	enzyme	non-reducing-end α-L-arabinofuranosidase	non-reducing-end α-L-arabinofuranosidase
6598	enzyme	glucan-1,3-β-glucosidase	glucan-1,3-β-glucosidase
6599	substrate	arabinogalactan	arabinogalactan
6600	substrate	arabinomannan	arabinomannan
6601	substrate	D-gluconate	D-gluconate
6602	enzyme	Termamyl 120 L	Termamyl 120 L
6603	enzyme	SAN Super 240 L	SAN Super 240 L
6604	microbiome	Bifidobacterium longum	Bifidobacterium longum
6605	enzyme	B. longum L-LDH	B. longum L-LDH
6606	enzyme	rhamnolipids	rhamnolipids
6607	substrate	waste glycerol	waste glycerol
6608	microbiome	Schwanniomyces etchellsii	Schwanniomyces etchellsii
6609	substrate	natural glucosides	natural glucosides
6610	substrate	rapeseed meal	rapeseed meal
6611	enzyme	h-N–GFP	h-N–GFP
6612	enzyme	[FeFe]-hydrogenase	[FeFe]-hydrogenase
6613	substrate	Micrococcus luteus	Micrococcus luteus
6614	microbiome	Nocardia lactamdurans	Nocardia lactamdurans
6615	enzyme	NAD-linked glutamate dehydrogenase	NAD-linked glutamate dehydrogenase
6616	enzyme	GOGAT	GOGAT
6617	enzyme	granular starch hydrolyzing enzyme	granular starch hydrolyzing enzyme
6618	enzyme	glycoside hydrolase GH5	glycoside hydrolase GH5
6619	enzyme	glycoside hydrolase GH31	glycoside hydrolase GH31
6620	enzyme	glycoside hydrolase GH16	glycoside hydrolase GH16
6621	enzyme	carbohydrate esterase CE5	carbohydrate esterase CE5
6622	enzyme	glycoside hydrolase GH76	glycoside hydrolase GH76
6623	enzyme	polysaccharide monooxygenase cel61A	polysaccharide monooxygenase cel61A
6624	enzyme	endoglucanase cel5b	endoglucanase cel5b
6625	enzyme	β-1,4-glucanase GH5	β-1,4-glucanase GH5
6626	enzyme	β-1,3-glucanosyltransferase GH72	β-1,3-glucanosyltransferase GH72
6627	enzyme	β-glucosidase BGL1/CEL3a	β-glucosidase BGL1/CEL3a
6628	enzyme	endo-β-1,3-glucanase GH64	endo-β-1,3-glucanase GH64
6629	enzyme	cellobiohydrolase CBH1/CEL7a	cellobiohydrolase CBH1/CEL7a
6630	enzyme	endo-β-1,4-glucanase EGL1/CEL7b	endo-β-1,4-glucanase EGL1/CEL7b
6631	enzyme	glucan endo-1,3-β-glucosidase GH17	glucan endo-1,3-β-glucosidase GH17
6632	enzyme	exo-rhamnogalacturonase RGX1	exo-rhamnogalacturonase RGX1
6633	enzyme	xyloglucanase CEL74a	xyloglucanase CEL74a
6634	enzyme	endo-β-1,4-xylanase XYN4	endo-β-1,4-xylanase XYN4
6635	enzyme	α-amylase GH13	α-amylase GH13
6636	enzyme	p53	p53
6637	enzyme	glucose-6-phosphate 1-epimerase	glucose-6-phosphate 1-epimerase
6638	enzyme	aldose-1-epimerase	aldose-1-epimerase
6639	enzyme	fructose-bisphosphatase	fructose-bisphosphatase
6640	enzyme	6-phosphogluconolactonase	6-phosphogluconolactonase
6641	enzyme	GGPPs	GGPPs
6642	enzyme	pulp invertase	pulp invertase
6643	enzyme	glycerol facilitator	glycerol facilitator
6644	enzyme	bioinsecticide	bioinsecticide
6645	substrate	(R)-(−)-mandelic acid	(R)-(−)-mandelic acid
6646	enzyme	esculin hydrolase	esculin hydrolase
6647	microbiome	Bacteroides vulgatus	Bacteroides vulgatus
6648	microbiome	Bacteroides distasonis	Bacteroides distasonis
6649	microbiome	Bacteroides ovatus	Bacteroides ovatus
6650	microbiome	Bacteroides uniformis	Bacteroides uniformis
6651	enzyme	PM-H+-ATPase	PM-H+-ATPase
6652	microbiome	Pseudomonas sp.	Pseudomonas sp.
6653	enzyme	ATC racemase	ATC racemase
6654	enzyme	L tryptophanase	L tryptophanase
6655	substrate	DL ATC	DL ATC
6656	enzyme	acyl-coenzymeA:ethanol O-acyltransferase	acyl-coenzymeA:ethanol O-acyltransferase
6657	enzyme	carbonic anhydrase	carbonic anhydrase
6658	enzyme	heparosan synthase	heparosan synthase
6659	enzyme	TF-KfiC	TF-KfiC
6660	enzyme	pectin methylesterase inhibitor	pectin methylesterase inhibitor
6661	microbiome	Pantoea ananatis	Pantoea ananatis
6662	microbiome	Haematoccocus lacustris	Haematoccocus lacustris
6663	enzyme	zeaxanthin epoxidase	zeaxanthin epoxidase
6664	microbiome	Solanum lycopersicum	Solanum lycopersicum
6665	enzyme	penicillin-binding protein 3	penicillin-binding protein 3
6666	substrate	piperacillin-tazobactam	piperacillin-tazobactam
6667	microbiome	Halomonas smyrnensis AAD6T	Halomonas smyrnensis AAD6T
6668	enzyme	ALD4	ALD4
6669	enzyme	endoglucanases	endoglucanases
6670	enzyme	Glycogen Synthase	Glycogen Synthase
6671	enzyme	Acetylornithine aminotransferase	Acetylornithine aminotransferase
6672	enzyme	NAD dependent methylenetetrahydrafolate dehydrogenase	NAD dependent methylenetetrahydrafolate dehydrogenase
6673	enzyme	ceramide	ceramide
6674	enzyme	diapophytoene desaturase CrtN	diapophytoene desaturase CrtN
6675	enzyme	CrtM	CrtM
6676	enzyme	CrtN	CrtN
6677	enzyme	CrtY	CrtY
6678	substrate	diapolycopene	diapolycopene
6679	substrate	diapotorulene	diapotorulene
6680	enzyme	phosphomevalonate kinase	phosphomevalonate kinase
6681	substrate	mevalonate-5-phosphate	mevalonate-5-phosphate
6682	substrate	fusion protein	fusion protein
6683	enzyme	extracellular proteases	extracellular proteases
6684	enzyme	heteranthin-cleaving enzyme	heteranthin-cleaving enzyme
6685	substrate	heteranthin	heteranthin
6686	enzyme	3-dehydroquinate synthase	3-dehydroquinate synthase
6687	enzyme	shikimate dehydrogenase	shikimate dehydrogenase
6688	enzyme	cyclohexadienyl dehydrogenase	cyclohexadienyl dehydrogenase
6689	microbiome	Saccharomyces cerevisiae | XI-76	Saccharomyces cerevisiae | XI-76
6690	microbiome	Penicillium viticola	Penicillium viticola
6691	enzyme	calcium malate	calcium malate
6692	substrate	Tre6P	Tre6P
6693	microbiome	L. lactis	L. lactis
6694	microbiome	Saccharomyces cerevisiae | PAU5	Saccharomyces cerevisiae | PAU5
6695	enzyme	endopolygalacturonase	endopolygalacturonase
6696	enzyme	lsm6	lsm6
6697	substrate	SO4 2-	SO4 2-
6698	enzyme	phaC2	phaC2
6699	enzyme	PaaG	PaaG
6700	enzyme	PaaF	PaaF
6701	enzyme	YdbU	YdbU
6702	substrate	sodium decanoate	sodium decanoate
6703	microbiome	Ruminococcus amylophilus	Ruminococcus amylophilus
6704	substrate	CP	CP
6705	microbiome	Lactobacillus intermedius NRRL B-3693	Lactobacillus intermedius NRRL B-3693
6706	enzyme	endo-1,4-β-xylanase	endo-1,4-β-xylanase
6707	microbiome	Prevotella copri	Prevotella copri
6708	microbiome	Firmicutes	Firmicutes
6709	substrate	wheat bran arabinoxylans	wheat bran arabinoxylans
6710	enzyme	Hsp104	Hsp104
6711	enzyme	inorganic pyrophosphatase	inorganic pyrophosphatase
6712	enzyme	Asp42→Asn PPase	Asp42→Asn PPase
6713	substrate	MgPPi	MgPPi
6714	enzyme	leucine dehydrogenase	leucine dehydrogenase
6715	substrate	l-threonine	l-threonine
6716	enzyme	SAM2	SAM2
6717	enzyme	met6	met6
6718	enzyme	str2	str2
6719	enzyme	adk1	adk1
6720	substrate	S-Adenosyl-L-methionine	S-Adenosyl-L-methionine
6721	substrate	L-Met	L-Met
6722	enzyme	D-arabinose 1-dehydrogenase	D-arabinose 1-dehydrogenase
6723	enzyme	ENO1	ENO1
6724	enzyme	ENO2	ENO2
6725	enzyme	TDH2	TDH2
6726	enzyme	FBA1	FBA1
6727	enzyme	TDH3	TDH3
6728	microbiome	Saccharomyces cerevisiae | DLD3	Saccharomyces cerevisiae | DLD3
6729	enzyme	MDH1	MDH1
6730	enzyme	ARA1	ARA1
6731	enzyme	HIS1	HIS1
6732	enzyme	LYS12	LYS12
6733	enzyme	LYS20	LYS20
6734	enzyme	HOM6	HOM6
6735	substrate	ethyl benzoylacetate	ethyl benzoylacetate
6736	substrate	methyl benzoylformate	methyl benzoylformate
6737	enzyme	FAD-binding D-lactate dehydrogenase	FAD-binding D-lactate dehydrogenase
6738	microbiome	Streptomyces sp. CH7	Streptomyces sp. CH7
6739	enzyme	glucose(xylose) isomerase	glucose(xylose) isomerase
6740	substrate	dibutyl phthalate	dibutyl phthalate
6741	substrate	Malachite green	Malachite green
6742	microbiome	Cantharellus cibarius	Cantharellus cibarius
6743	enzyme	maltodextrin phosphorylase	maltodextrin phosphorylase
6744	substrate	maltodextrin	maltodextrin
6745	enzyme	1,4-b-xylosidase	1,4-b-xylosidase
6746	enzyme	bifunctional xylosidase/arabinofuranosidase	bifunctional xylosidase/arabinofuranosidase
6747	enzyme	OsmY-xynA	OsmY-xynA
6748	enzyme	XYNI	XYNI
6749	enzyme	Elo2	Elo2
6750	enzyme	Elo3	Elo3
6751	enzyme	MvFAS	MvFAS
6752	enzyme	AtFAR	AtFAR
6753	enzyme	Cta1p	Cta1p
6754	substrate	superoxide anion	superoxide anion
6755	microbiome	Streptomyces ahygroscopicus	Streptomyces ahygroscopicus
6756	enzyme	polyphenol oxidase	polyphenol oxidase
6757	enzyme	Cel5b	Cel5b
6758	enzyme	Cel3b	Cel3b
6759	enzyme	Cel3e	Cel3e
6760	enzyme	Axe2	Axe2
6761	enzyme	Abf2	Abf2
6762	enzyme	Cip1	Cip1
6763	enzyme	hydrogenase I	hydrogenase I
6764	enzyme	hydrogenase II	hydrogenase II
6765	enzyme	membrane-bound hydrogenase	membrane-bound hydrogenase
6766	substrate	phenylacetate	phenylacetate
6767	enzyme	poly(â-hydroxybutyric acid)	poly(â-hydroxybutyric acid)
6768	microbiome	Aspergillus ibericus	Aspergillus ibericus
6769	microbiome	Halogranum amylolyticum	Halogranum amylolyticum
6770	substrate	3-hydroxybutyrate	3-hydroxybutyrate
6771	microbiome	Pseudomonas taetrolens Y-30	Pseudomonas taetrolens Y-30
6772	microbiome	EC1118	EC1118
6773	enzyme	Hxk1	Hxk1
6774	enzyme	Hxk2	Hxk2
6775	enzyme	GPD2	GPD2
6776	enzyme	GCY1	GCY1
6777	enzyme	DAK1	DAK1
6778	microbiome	EC1118 | MAL31	EC1118 | MAL31
6779	enzyme	KGD1	KGD1
6780	enzyme	QCR8	QCR8
6781	enzyme	CIT1	CIT1
6782	enzyme	MLS1	MLS1
6783	enzyme	POT1	POT1
6784	enzyme	PUT1	PUT1
6785	enzyme	DAL1	DAL1
6786	enzyme	DAL2	DAL2
6787	microbiome	EC1118 | DAL3	EC1118 | DAL3
6788	microbiome	EC1118 | DAL4	EC1118 | DAL4
6789	microbiome	EC1118 | DAL5	EC1118 | DAL5
6790	enzyme	DAL7	DAL7
6791	enzyme	DAL80	DAL80
6792	enzyme	DAL81	DAL81
6793	microbiome	EC1118 | DAL82	EC1118 | DAL82
6794	enzyme	PTR2	PTR2
6795	enzyme	GDH2	GDH2
6796	enzyme	GAD1	GAD1
6797	enzyme	UGA1	UGA1
6798	enzyme	PRB1	PRB1
6799	enzyme	PEP4	PEP4
6800	enzyme	APG1	APG1
6801	microbiome	EC1118 | AUT7	EC1118 | AUT7
6802	enzyme	TFS1	TFS1
6803	enzyme	PAI3	PAI3
6804	enzyme	HSP42	HSP42
6805	enzyme	SSE2	SSE2
6806	enzyme	SPS100	SPS100
6807	enzyme	SPI1	SPI1
6808	enzyme	PST1	PST1
6809	enzyme	YNL200c	YNL200c
6810	enzyme	YAL61w	YAL61w
6811	enzyme	AAD	AAD
6812	enzyme	PTK2	PTK2
6813	enzyme	KHA1	KHA1
6814	enzyme	FKS1	FKS1
6815	enzyme	GSC2	GSC2
6816	microbiome	EC1118 | SSD1	EC1118 | SSD1
6817	microbiome	EC1118 | MPT5	EC1118 | MPT5
6818	enzyme	UBI4	UBI4
6819	enzyme	HSP150	HSP150
6820	enzyme	YRO2	YRO2
6821	enzyme	PDR12	PDR12
6822	enzyme	HOR2	HOR2
6823	microbiome	EC1118 | HOR7	EC1118 | HOR7
6824	enzyme	HCDC	HCDC
6825	substrate	amino acid	amino acid
6826	substrate	not specified	not specified
6827	enzyme	selenocysteine lyase	selenocysteine lyase
6828	enzyme	glucose-6-phosphate-1-dehydrogenase	glucose-6-phosphate-1-dehydrogenase
6829	enzyme	putative phosphoketolase	putative phosphoketolase
6830	enzyme	ribose-phosphate pyrophosphokinase	ribose-phosphate pyrophosphokinase
6831	enzyme	enoyl-acyl-carrier protein reductase	enoyl-acyl-carrier protein reductase
6832	enzyme	3-hydroxyacyl-ACP dehydratase	3-hydroxyacyl-ACP dehydratase
6833	enzyme	arginyl-tRNA synthetase	arginyl-tRNA synthetase
6834	enzyme	GrpE	GrpE
6835	enzyme	MreB	MreB
6836	enzyme	SecA	SecA
6837	substrate	selenocysteine	selenocysteine
6838	enzyme	thiosulfate reductase	thiosulfate reductase
6839	microbiome	Aspergillus japonicus	Aspergillus japonicus
6840	enzyme	β xylosidase	β xylosidase
6841	substrate	p nitrophenyl β xylopyranoside	p nitrophenyl β xylopyranoside
6842	enzyme	cellobiohydrolases	cellobiohydrolases
6843	enzyme	N-acetyl-b-glucosaminidase	N-acetyl-b-glucosaminidase
6844	substrate	p-nitrophenyl-N-acetylglucosaminide	p-nitrophenyl-N-acetylglucosaminide
6845	substrate	chitin oligosaccharides	chitin oligosaccharides
6846	enzyme	BtuB	BtuB
6847	enzyme	gloshedobin	gloshedobin
6848	substrate	BApNA	BApNA
6849	microbiome	Sulfurihydrogenibium yellowstonense	Sulfurihydrogenibium yellowstonense
6850	microbiome	Streptomyces avidinii	Streptomyces avidinii
6851	enzyme	streptavidin	streptavidin
6852	substrate	biotin	biotin
6853	enzyme	HXT6/7	HXT6/7
6854	microbiome	Trichoderma sp.	Trichoderma sp.
6855	enzyme	6-pentyl-α-pyrone	6-pentyl-α-pyrone
6856	enzyme	D-glucose-6-P 1-dehydrogenase	D-glucose-6-P 1-dehydrogenase
6857	substrate	P-enol-pyruvate	P-enol-pyruvate
6858	enzyme	aprotinin	aprotinin
6859	substrate	a2-plasmin	a2-plasmin
6860	enzyme	tetanus toxin	tetanus toxin
6861	enzyme	L-tryptophan hydroxylase	L-tryptophan hydroxylase
6862	enzyme	acetylserotonin O-methyltransferase	acetylserotonin O-methyltransferase
6863	substrate	N-acetylserotonin	N-acetylserotonin
6864	enzyme	Xyn III-AY	Xyn III-AY
6865	substrate	insoluble xylan	insoluble xylan
6866	microbiome	Hanseniaspora spp.	Hanseniaspora spp.
6867	enzyme	cutinaseNS	cutinaseNS
6868	substrate	pNPB	pNPB
6869	enzyme	GldA	GldA
6870	enzyme	N-acetyl-beta-D-glucosaminidase	N-acetyl-beta-D-glucosaminidase
6871	microbiome	Pestalotiopsis uvicola	Pestalotiopsis uvicola
6872	enzyme	bilobalide	bilobalide
6873	substrate	bilobalide	bilobalide
6874	microbiome	Lactococcus lactis subsp. lactis biovar diacetylactis	Lactococcus lactis subsp. lactis biovar diacetylactis
6875	enzyme	oxaloacetate decarboxylase	oxaloacetate decarboxylase
6876	enzyme	NADH:H2O2 oxidase	NADH:H2O2 oxidase
6877	substrate	p-nitrophenol-β-D-galactopyranoside	p-nitrophenol-β-D-galactopyranoside
6878	enzyme	type I bacterial fatty acid synthase	type I bacterial fatty acid synthase
6879	substrate	ergosta-6,22-diene-3β,5α,8α-triol	ergosta-6,22-diene-3β,5α,8α-triol
6880	enzyme	r-ATS	r-ATS
6881	substrate	aflatoxin G1	aflatoxin G1
6882	substrate	aflatoxin M1	aflatoxin M1
6883	microbiome	Aerobacter cloacae	Aerobacter cloacae
6884	microbiome	Komagataeibacter sucrofermentas	Komagataeibacter sucrofermentas
6885	enzyme	cellulase synthase	cellulase synthase
6886	substrate	cellodextrin	cellodextrin
6887	enzyme	L-glycerol 3-phosphate dehydrogenase	L-glycerol 3-phosphate dehydrogenase
6888	microbiome	Pseudomonas stutzeri CJ38	Pseudomonas stutzeri CJ38
6889	enzyme	Cbh1	Cbh1
6890	enzyme	tryptophan hydroxylase	tryptophan hydroxylase
6891	enzyme	β-glucan	β-glucan
6892	enzyme	alkaline β-mannanase	alkaline β-mannanase
6893	enzyme	22b-ManAR2	22b-ManAR2
6894	enzyme	32a-ManAR2	32a-ManAR2
6895	enzyme	â-glucosidase	â-glucosidase
6896	microbiome	Natronococcus sp. TC6	Natronococcus sp. TC6
6897	microbiome	Haloarcula marismortui	Haloarcula marismortui
6898	microbiome	Halobacterium sp. NRC-1	Halobacterium sp. NRC-1
6899	substrate	p-NPL	p-NPL
6900	substrate	p-NPB	p-NPB
6901	substrate	vinyl butyrate	vinyl butyrate
6902	substrate	monolaurin	monolaurin
6903	substrate	dilaurin	dilaurin
6904	substrate	vinyl laurate	vinyl laurate
6905	enzyme	xylose metabolism	xylose metabolism
6906	microbiome	Aspergillus fischeri	Aspergillus fischeri
6907	enzyme	alkali-stable xylanase	alkali-stable xylanase
6908	enzyme	human thioredoxin protein	human thioredoxin protein
6909	substrate	Azure B	Azure B
6910	enzyme	cysM	cysM
6911	enzyme	nrdH	nrdH
6912	enzyme	cysB	cysB
6913	enzyme	formate transporter	formate transporter
6914	enzyme	formate hydrogen lyase complex	formate hydrogen lyase complex
6915	enzyme	formate dehydrogenase subunit	formate dehydrogenase subunit
6916	substrate	cellulose azure	cellulose azure
6917	microbiome	Lysobacter enzymogenes	Lysobacter enzymogenes
6918	enzyme	WAP-8294A1	WAP-8294A1
6919	enzyme	WAP-8294A2	WAP-8294A2
6920	enzyme	WAP-8294A4	WAP-8294A4
6921	enzyme	xyn2	xyn2
6922	enzyme	esterase-lipase	esterase-lipase
6923	enzyme	leucine arylamidase	leucine arylamidase
6924	enzyme	valine arylamidase	valine arylamidase
6925	enzyme	cystine arylamidase	cystine arylamidase
6926	enzyme	α-chymotrypsin	α-chymotrypsin
6927	enzyme	rhIFN-γ	rhIFN-γ
6928	enzyme	4-coumarate:coenzyme A ligase	4-coumarate:coenzyme A ligase
6929	enzyme	tyramine N-hydroxycinnamoyltransferase	tyramine N-hydroxycinnamoyltransferase
6930	enzyme	GH11 endoxylanase	GH11 endoxylanase
6931	enzyme	GH30 endoxylanase	GH30 endoxylanase
6932	enzyme	GH43 arabinoxylan arabinofuranohydrolase	GH43 arabinoxylan arabinofuranohydrolase
6933	substrate	methylglucuronoarabinoxylans	methylglucuronoarabinoxylans
6934	microbiome	Ruminobacter amylophilus	Ruminobacter amylophilus
6935	substrate	medium chain fatty acid ethyl esters	medium chain fatty acid ethyl esters
6936	enzyme	clpL1	clpL1
6937	microbiome	Dictyoglomus thermophilum	Dictyoglomus thermophilum
6938	enzyme	ManA-Linker	ManA-Linker
6939	enzyme	extracellular proteinases	extracellular proteinases
6940	substrate	zeolite	zeolite
6941	enzyme	b-mannanase	b-mannanase
6942	substrate	galactomannans	galactomannans
6943	enzyme	ASI1	ASI1
6944	microbiome	Pleurotus ostreatus	Pleurotus ostreatus
6945	enzyme	lignin degradation enzymes	lignin degradation enzymes
6946	microbiome	Pseudomonas taetrolens	Pseudomonas taetrolens
6947	enzyme	lactose oxidase	lactose oxidase
6948	microbiome	Chloroflexus aurantiacus	Chloroflexus aurantiacus
6949	enzyme	malonyl-CoA reductase	malonyl-CoA reductase
6950	microbiome	Chlorella sp. MJ 11/11	Chlorella sp. MJ 11/11
6951	enzyme	WbdN	WbdN
6952	substrate	GalNAcα-O-PO3-PO3-(CH2)11-O-Ph	GalNAcα-O-PO3-PO3-(CH2)11-O-Ph
6953	enzyme	β-1,4-endoglucanase	β-1,4-endoglucanase
6954	microbiome	Propionibacterium shermanii	Propionibacterium shermanii
6955	microbiome	Microbacterium terrae	Microbacterium terrae
6956	substrate	corn flour	corn flour
6957	substrate	rice flour	rice flour
6958	substrate	uranium(VI)	uranium(VI)
6959	substrate	iron(III)	iron(III)
6960	enzyme	appY	appY
6961	enzyme	pck	pck
6962	enzyme	pps	pps
6963	enzyme	rpoS	rpoS
6964	enzyme	ycgW	ycgW
6965	enzyme	yjiD	yjiD
6966	enzyme	wrbA	wrbA
6967	enzyme	atpE	atpE
6968	enzyme	XylB	XylB
6969	enzyme	SUS2DD	SUS2DD
6970	substrate	D-lyxose	D-lyxose
6971	substrate	phenylhydrazine	phenylhydrazine
6972	substrate	Sigmacell type 50	Sigmacell type 50
6973	substrate	p-nitrophenyl-glucopiranoside	p-nitrophenyl-glucopiranoside
6974	enzyme	malate transporter	malate transporter
6975	enzyme	sugar transporter	sugar transporter
6976	enzyme	phosphatidylserine synthase	phosphatidylserine synthase
6977	enzyme	ACC1	ACC1
6978	substrate	octadecanoic acid	octadecanoic acid
6979	enzyme	ATP citrate lyase	ATP citrate lyase
6980	microbiome	Helicobacter pylori	Helicobacter pylori
6981	enzyme	fucosyltransferase FutA	fucosyltransferase FutA
6982	enzyme	fucosyltransferase FutB	fucosyltransferase FutB
6983	substrate	LNnT	LNnT
6984	enzyme	ascorbate peroxidase	ascorbate peroxidase
6985	substrate	C14:0	C14:0
6986	enzyme	acetohydroxy acid synthase	acetohydroxy acid synthase
6987	enzyme	acetohydroxy acid isomeroreductase	acetohydroxy acid isomeroreductase
6988	enzyme	dihydroxy acid dehydratase	dihydroxy acid dehydratase
6989	enzyme	transaminase B	transaminase B
6990	enzyme	NAD(P) transhydrogenase	NAD(P) transhydrogenase
6991	enzyme	AmyBS-I	AmyBS-I
6992	microbiome	Streptomyces eurythermus	Streptomyces eurythermus
6993	enzyme	eurystatins A	eurystatins A
6994	enzyme	eurystatins B	eurystatins B
6995	substrate	L-leucine	L-leucine
6996	substrate	L-ornithine	L-ornithine
6997	substrate	saccharose	saccharose
6998	substrate	mellibiose	mellibiose
6999	enzyme	R1,2-fucosyltransferase	R1,2-fucosyltransferase
7000	substrate	Galβ1,4Fru	Galβ1,4Fru
7001	enzyme	β-zearalenol	β-zearalenol
7002	enzyme	α-zearalenol	α-zearalenol
7003	substrate	zearalenone	zearalenone
7004	microbiome	Acetobacter xylinum	Acetobacter xylinum
7005	enzyme	bacterial cellulose	bacterial cellulose
7006	microbiome	Streptomyces xanthochromogenes	Streptomyces xanthochromogenes
7007	enzyme	DNA-binding compounds	DNA-binding compounds
7008	enzyme	2,3-butanediol	2,3-butanediol
7009	microbiome	Streptomyces caespitosus	Streptomyces caespitosus
7010	enzyme	mitomycin C	mitomycin C
7011	enzyme	sucrose hydrolase	sucrose hydrolase
7012	enzyme	glyoxylate reductase	glyoxylate reductase
7013	microbiome	Lipomyces starkeyi	Lipomyces starkeyi
7014	enzyme	TeTrCBHI	TeTrCBHI
7015	enzyme	TrEGII	TrEGII
7016	substrate	pNP-cellobiose	pNP-cellobiose
7017	substrate	pNP-lactose	pNP-lactose
7018	enzyme	CYP76AD1	CYP76AD1
7019	enzyme	CYP736A167	CYP736A167
7020	substrate	α-santalene	α-santalene
7021	enzyme	a-D-galactosidase	a-D-galactosidase
7022	enzyme	l3-galactosidase	l3-galactosidase
7023	microbiome	Streptomyces thermocerradoensis	Streptomyces thermocerradoensis
7024	microbiome	Streptococcus lactis	Streptococcus lactis
7025	enzyme	selenoprotein	selenoprotein
7026	substrate	inorganic selenium	inorganic selenium
7027	enzyme	(R, R)-2,3-butanediol	(R, R)-2,3-butanediol
7028	substrate	soybean flour	soybean flour
7029	enzyme	mucinases	mucinases
7030	microbiome	Burkholderia multivorans	Burkholderia multivorans
7031	substrate	mucins	mucins
7032	microbiome	Trichodernin reesei	Trichodernin reesei
7033	microbiome	Escherichia coli | Kluyvera citrophila	Escherichia coli | Kluyvera citrophila
7034	enzyme	penicillin G acyalse	penicillin G acyalse
7035	enzyme	L-lysine α-oxidase	L-lysine α-oxidase
7036	microbiome	Corynebacterium seminale	Corynebacterium seminale
7037	enzyme	succinate-fumarate transporter	succinate-fumarate transporter
7038	enzyme	diacylglycerol pyrophosphate phosphatase	diacylglycerol pyrophosphate phosphatase
7039	substrate	diacylglycerol pyrophosphate	diacylglycerol pyrophosphate
7040	enzyme	antimicrobial peptides	antimicrobial peptides
7041	microbiome	Pichia guillermondii	Pichia guillermondii
7042	enzyme	hydroxycinnamate decarboxylase	hydroxycinnamate decarboxylase
7043	enzyme	lipoxygenase	lipoxygenase
7044	enzyme	phenazine-1-carboxylic acid	phenazine-1-carboxylic acid
7045	microbiome	Weissella paramesenteroides	Weissella paramesenteroides
7046	substrate	tryptone	tryptone
7047	enzyme	GDP-L-fucose biosynthetic enzymes	GDP-L-fucose biosynthetic enzymes
7048	enzyme	EcMSP142-FUP	EcMSP142-FUP
7049	substrate	MSP142	MSP142
7050	substrate	chlorpyrifos-methyl	chlorpyrifos-methyl
7051	substrate	furans	furans
7052	microbiome	Pseudomonas resinovorans	Pseudomonas resinovorans
7053	enzyme	FRD	FRD
7054	enzyme	FUM	FUM
7055	enzyme	ACK	ACK
7056	enzyme	b-keto-thiolase	b-keto-thiolase
7057	microbiome	Lactobacillus paracasei subsp. paracasei	Lactobacillus paracasei subsp. paracasei
7058	enzyme	β-fructofuranosidases	β-fructofuranosidases
7059	enzyme	XYN VI	XYN VI
7060	substrate	acetyl glucuronoxylan	acetyl glucuronoxylan
7061	microbiome	Bifidobacterium dentium	Bifidobacterium dentium
7062	enzyme	F6PPK	F6PPK
7063	microbiome	Parascardovia denticolens	Parascardovia denticolens
7064	microbiome	Scardovia inopinata	Scardovia inopinata
7065	enzyme	HFA1	HFA1
7066	enzyme	Ta-CHI42	Ta-CHI42
7067	enzyme	microsomal 9 fatty acid desaturase	microsomal 9 fatty acid desaturase
7068	enzyme	alcohol acetyltransferase I	alcohol acetyltransferase I
7069	enzyme	alcohol acetyltransferase II	alcohol acetyltransferase II
7070	microbiome	Komagataeibacter hansenii JR-02	Komagataeibacter hansenii JR-02
7071	enzyme	plantaricin 423	plantaricin 423
7072	enzyme	mundticin ST4SA	mundticin ST4SA
7073	substrate	L. monocytogenes	L. monocytogenes
7074	enzyme	Cfg1p	Cfg1p
7075	enzyme	ectoine hydroxylase	ectoine hydroxylase
7076	substrate	ectoine	ectoine
7077	enzyme	ST6Gal I	ST6Gal I
7078	enzyme	MBP-tagged ST6Gal I	MBP-tagged ST6Gal I
7079	substrate	asialofetuin	asialofetuin
7080	substrate	PA-001	PA-001
7081	substrate	PA-002	PA-002
7082	substrate	Galß1-4GlcNAc	Galß1-4GlcNAc
7083	enzyme	RPL40B	RPL40B
7084	substrate	fatty-acid-derived hydroperoxides	fatty-acid-derived hydroperoxides
7085	substrate	phenolics	phenolics
7086	enzyme	citrinin	citrinin
7087	enzyme	PBP6b	PBP6b
7088	enzyme	PBP5	PBP5
7089	enzyme	PBP7	PBP7
7090	enzyme	PBP4	PBP4
7091	enzyme	PBP1B	PBP1B
7092	substrate	pentapeptide	pentapeptide
7093	microbiome	Eubacterium sp.	Eubacterium sp.
7094	substrate	Ag+ ions	Ag+ ions
7095	enzyme	inositol dehydrogenase	inositol dehydrogenase
7096	microbiome	Klebsiella edwardsii	Klebsiella edwardsii
7097	microbiome	Klebsiella atlantae	Klebsiella atlantae
7098	microbiome	Klebsiella rhinoscleromatis	Klebsiella rhinoscleromatis
7099	enzyme	GPP synthase	GPP synthase
7100	enzyme	HMGR1	HMGR1
7101	enzyme	HMGR2	HMGR2
7102	microbiome	Phomopsis sp. XP-8	Phomopsis sp. XP-8
7103	enzyme	transcinnamate 4-hydroxylase	transcinnamate 4-hydroxylase
7104	substrate	free gossypol	free gossypol
7105	enzyme	CueO	CueO
7106	substrate	2,6-dimethoxyphenol	2,6-dimethoxyphenol
7107	substrate	[CuI(Bca)2]3-	[CuI(Bca)2]3-
7108	substrate	tween-20	tween-20
7109	substrate	glyceryl triacetate	glyceryl triacetate
7110	enzyme	Phospholipase A2	Phospholipase A2
7111	substrate	lecithin	lecithin
7112	enzyme	phycocyanobilin	phycocyanobilin
7113	enzyme	Hxt37	Hxt37
7114	enzyme	Hxt36	Hxt36
7115	enzyme	3-ketoacyl-CoA reductase	3-ketoacyl-CoA reductase
7116	enzyme	3-ketothiolase	3-ketothiolase
7117	microbiome	Halomonas elongata	Halomonas elongata
7118	microbiome	Halomonas salina	Halomonas salina
7119	enzyme	l-fucokinase	l-fucokinase
7120	enzyme	guanosine 5′-diphosphate-l-fucose phosphorylase	guanosine 5′-diphosphate-l-fucose phosphorylase
7121	enzyme	6-phospho-β-glucosidase	6-phospho-β-glucosidase
7122	enzyme	phospho-β-glucosidase	phospho-β-glucosidase
7123	enzyme	DDRC	DDRC
7124	enzyme	DZNR	DZNR
7125	enzyme	THDR	THDR
7126	enzyme	DHDR	DHDR
7127	substrate	daidzin	daidzin
7128	substrate	daidzein	daidzein
7129	substrate	phenylpropanoic acid	phenylpropanoic acid
7130	substrate	eriodictyol	eriodictyol
7131	enzyme	acyl-transferase	acyl-transferase
7132	enzyme	AtfA	AtfA
7133	enzyme	MhATF1	MhATF1
7134	microbiome	Fusobacterium prausnitzii	Fusobacterium prausnitzii
7135	enzyme	NADK	NADK
7136	enzyme	UdhA	UdhA
7137	enzyme	SNO2(3)/SNZ2(3)	SNO2(3)/SNZ2(3)
7138	enzyme	SAM-dependent methyltransferases	SAM-dependent methyltransferases
7139	enzyme	quinone oxidoreductases YCR102C/YLR460C/YNL134C	quinone oxidoreductases YCR102C/YLR460C/YNL134C
7140	enzyme	aquaporin AQY1	aquaporin AQY1
7141	enzyme	aquaporin AQY2	aquaporin AQY2
7142	enzyme	aquaporin AQY3	aquaporin AQY3
7143	enzyme	ferric reductase FRE3	ferric reductase FRE3
7144	enzyme	iron-siderophores transporters ARN2	iron-siderophores transporters ARN2
7145	enzyme	iron-siderophores transporters ENB1	iron-siderophores transporters ENB1
7146	enzyme	oligopeptide transporter OPT2	oligopeptide transporter OPT2
7147	enzyme	metallothionein CUP1	metallothionein CUP1
7148	enzyme	allantoate transporter SEO1	allantoate transporter SEO1
7149	enzyme	transcriptional activator ARR1	transcriptional activator ARR1
7150	enzyme	arsenate reductase ARR2	arsenate reductase ARR2
7151	enzyme	plasma membrane transporter ARR3	plasma membrane transporter ARR3
7152	enzyme	general amino acid permease GAP1	general amino acid permease GAP1
7153	enzyme	purine-cytosine permease FCY2	purine-cytosine permease FCY2
7154	enzyme	transporter NRT1	transporter NRT1
7155	enzyme	heat shock protein HSP30	heat shock protein HSP30
7156	enzyme	monocarboxylate permease MCH2	monocarboxylate permease MCH2
7157	substrate	thiols	thiols
7158	substrate	arsenic compounds	arsenic compounds
7159	substrate	purine-cytosine	purine-cytosine
7160	substrate	nicotinamide riboside	nicotinamide riboside
7161	substrate	monocarboxylates	monocarboxylates
7162	microbiome	Pichia fabianii	Pichia fabianii
7163	substrate	2-phenylethyl alcohol	2-phenylethyl alcohol
7164	enzyme	NAD + kinase	NAD + kinase
7165	enzyme	PntAB transhydrogenase	PntAB transhydrogenase
7166	substrate	NAD +	NAD +
7167	substrate	NADP +	NADP +
7168	microbiome	Pycnoporus sp. SYBC-L1	Pycnoporus sp. SYBC-L1
7169	substrate	weak acid blue AS	weak acid blue AS
7170	substrate	diamond black PV	diamond black PV
7171	microbiome	Thermoanaerobacter tengcongensis	Thermoanaerobacter tengcongensis
7172	enzyme	tengconlysin	tengconlysin
7173	substrate	Suc-Ala-Ala-Pro-Phe-pNA	Suc-Ala-Ala-Pro-Phe-pNA
7174	substrate	oxidized insulin B chain	oxidized insulin B chain
7175	microbiome	Trichoderma koningii	Trichoderma koningii
7176	enzyme	exo-β1,4-gluconase	exo-β1,4-gluconase
7177	enzyme	endo-β1,4-gluconase	endo-β1,4-gluconase
7178	enzyme	transfructosylating enzymes	transfructosylating enzymes
7179	microbiome	Ganoderma lipsiense	Ganoderma lipsiense
7180	enzyme	lignin peroxidases	lignin peroxidases
7181	enzyme	manganese peroxidases	manganese peroxidases
7182	enzyme	laccases	laccases
7183	enzyme	XMO	XMO
7184	enzyme	benzyl alcohol dehydrogenase	benzyl alcohol dehydrogenase
7185	enzyme	benzaldehyde dehydrogenase	benzaldehyde dehydrogenase
7186	enzyme	p-toluene sulfonate monooxygenase	p-toluene sulfonate monooxygenase
7187	enzyme	4-CBAL dehydrogenase	4-CBAL dehydrogenase
7188	enzyme	4-CBA dehydrogenase	4-CBA dehydrogenase
7189	substrate	p-xylene	p-xylene
7190	substrate	p-tolualcohol	p-tolualcohol
7191	substrate	p-tolualdehyde	p-tolualdehyde
7192	substrate	p-toluic acid	p-toluic acid
7193	substrate	4-CBAL	4-CBAL
7194	substrate	4-CBA	4-CBA
7195	enzyme	β-carotene desaturase	β-carotene desaturase
7196	substrate	γ-carotene	γ-carotene
7197	microbiome	Pseudomonas sp. ECU1011	Pseudomonas sp. ECU1011
7198	substrate	a-acetoxyphenylacetic acid	a-acetoxyphenylacetic acid
7199	substrate	4-methylumbelliferyl-β-d-xylopyranoside	4-methylumbelliferyl-β-d-xylopyranoside
7200	substrate	p-nitrophenyl-β-d-xylopyranoside	p-nitrophenyl-β-d-xylopyranoside
7201	enzyme	exopolyphosphatase PPN1	exopolyphosphatase PPN1
7202	substrate	polyphosphate	polyphosphate
7203	substrate	tripolyphosphate	tripolyphosphate
7204	enzyme	lanosterol synthase	lanosterol synthase
7205	enzyme	dammarenediol-II synthase	dammarenediol-II synthase
7206	enzyme	protopanaxadiol synthase	protopanaxadiol synthase
7207	enzyme	CoA-acylating aldehyde dehydrogenase	CoA-acylating aldehyde dehydrogenase
7208	enzyme	mutated butyraldehyde dehydrogenase (L273T)	mutated butyraldehyde dehydrogenase (L273T)
7209	enzyme	propionaldehyde dehydrogenase	propionaldehyde dehydrogenase
7210	enzyme	6-phosphate dehydrogenase	6-phosphate dehydrogenase
7211	enzyme	proton-translocating transhydrogenase	proton-translocating transhydrogenase
7212	enzyme	NADPH-dependent glyceraldehyde-3-phosphate dehydrogenase	NADPH-dependent glyceraldehyde-3-phosphate dehydrogenase
7213	substrate	3-hydroxybutyraldehyde	3-hydroxybutyraldehyde
7214	enzyme	lactic acid dehydrogenase	lactic acid dehydrogenase
7215	microbiome	Acidaminococcus fermentans	Acidaminococcus fermentans
7216	enzyme	2-hydroxyglutaryl-CoA dehydratase	2-hydroxyglutaryl-CoA dehydratase
7217	substrate	(R)-2-hydroxyglutaryl-CoA	(R)-2-hydroxyglutaryl-CoA
7218	enzyme	NAD kinase	NAD kinase
7219	substrate	NADP	NADP
7220	enzyme	Fas1	Fas1
7221	enzyme	Mae1	Mae1
7222	enzyme	Agp1	Agp1
7223	enzyme	Ilv6	Ilv6
7224	enzyme	Alp1	Alp1
7225	enzyme	Nrg1	Nrg1
7226	substrate	3-methylbutanoic acid	3-methylbutanoic acid
7227	substrate	2-methylpropanoic acid	2-methylpropanoic acid
7228	substrate	3-methylbutanol	3-methylbutanol
7229	substrate	propanol	propanol
7230	enzyme	plasma membrane ATPase	plasma membrane ATPase
7231	enzyme	enhanced green fluorescent protein	enhanced green fluorescent protein
7232	microbiome	Streptomyces sp. M-Z18	Streptomyces sp. M-Z18
7233	enzyme	ε-PL synthetase	ε-PL synthetase
7234	microbiome	Pestalotiopsis sp.	Pestalotiopsis sp.
7235	substrate	Direct Fast Blue B2RL	Direct Fast Blue B2RL
7236	substrate	flavone glycosides	flavone glycosides
7237	microbiome	Clostridium thermohydrosulfuricum	Clostridium thermohydrosulfuricum
7238	enzyme	endo-glucanase	endo-glucanase
7239	enzyme	exo-glucanase	exo-glucanase
7240	microbiome	Kluyveromyces sp. Y-85	Kluyveromyces sp. Y-85
7241	enzyme	4-aminobenzoate hydroxylase	4-aminobenzoate hydroxylase
7242	enzyme	arylamine N-acetyltransferase	arylamine N-acetyltransferase
7243	substrate	anthranilic acid	anthranilic acid
7244	substrate	2-aminophenol	2-aminophenol
7245	enzyme	GH1-1	GH1-1
7246	enzyme	erythrose reductase	erythrose reductase
7247	substrate	erythrose	erythrose
7248	enzyme	CoA transferase	CoA transferase
7249	enzyme	RNA	RNA
7250	substrate	tea waste	tea waste
7251	enzyme	Yap1p	Yap1p
7252	enzyme	Atr1p	Atr1p
7253	enzyme	Flr1p	Flr1p
7254	microbiome	Clostridium autoethanogenum	Clostridium autoethanogenum
7255	enzyme	Wood-Ljungdahl pathway	Wood-Ljungdahl pathway
7256	substrate	carbon monoxide	carbon monoxide
7257	enzyme	sakacin K	sakacin K
7258	enzyme	protein O-mannosyltransferase	protein O-mannosyltransferase
7259	enzyme	N-acetylglucosamine transferase	N-acetylglucosamine transferase
7260	enzyme	carboxypeptidase Y	carboxypeptidase Y
7261	enzyme	procarboxypeptidase Y	procarboxypeptidase Y
7262	substrate	benzyloxycarbonyl-Lphenylalanyl-L-leucine	benzyloxycarbonyl-Lphenylalanyl-L-leucine
7263	enzyme	Lg-Atf1p	Lg-Atf1p
7264	substrate	acyl-CoA	acyl-CoA
7265	enzyme	XDH1	XDH1
7266	enzyme	YPR1	YPR1
7267	enzyme	MutMelA	MutMelA
7268	enzyme	Auxiliary Activity Family	Auxiliary Activity Family
7269	enzyme	Carbohydrate-Binding Module Family	Carbohydrate-Binding Module Family
7270	enzyme	Carbohydrate Esterase Family	Carbohydrate Esterase Family
7271	enzyme	Glycoside Hydrolase Family	Glycoside Hydrolase Family
7272	enzyme	Glycosyl Transferase Family	Glycosyl Transferase Family
7273	enzyme	Polysaccharide Lyase Family	Polysaccharide Lyase Family
7274	enzyme	glycogen debranching enzyme	glycogen debranching enzyme
7275	enzyme	Yfr017p	Yfr017p
7276	substrate	p-nitrophenyl lactoside	p-nitrophenyl lactoside
7277	enzyme	bG	bG
7278	enzyme	CodY	CodY
7279	substrate	GTP	GTP
7280	microbiome	Debaryomyces pseudopolymorphus	Debaryomyces pseudopolymorphus
7281	enzyme	SgcE10	SgcE10
7282	substrate	pentadecaheptaene	pentadecaheptaene
7283	enzyme	gellan gum	gellan gum
7284	enzyme	Shiga toxins	Shiga toxins
7285	enzyme	ribulose 5-phosphate isomerase	ribulose 5-phosphate isomerase
7286	enzyme	ribulose 5-phosphate epimerase	ribulose 5-phosphate epimerase
7287	substrate	free amino acids	free amino acids
7288	enzyme	β-isopropylmalate dehydrogenase	β-isopropylmalate dehydrogenase
7289	substrate	β-ethylmalate	β-ethylmalate
7290	substrate	α-ketovalerate	α-ketovalerate
7291	substrate	Vero cells	Vero cells
7292	enzyme	amino acid permease	amino acid permease
7293	enzyme	glutathione-related transporters	glutathione-related transporters
7294	enzyme	seripauperin multigene family members	seripauperin multigene family members
7295	substrate	Isobutanol	Isobutanol
7296	substrate	Isoamyl alcohol	Isoamyl alcohol
7297	substrate	2-Phenylethyl acetate	2-Phenylethyl acetate
7298	enzyme	carboxylesterase	carboxylesterase
7299	enzyme	CarEW	CarEW
7300	substrate	p-NPC2	p-NPC2
7301	substrate	DiBP	DiBP
7302	substrate	clavulanic acid	clavulanic acid
7303	microbiome	Schwanniomyces castellii	Schwanniomyces castellii
7304	microbiome	Tuber maculatum	Tuber maculatum
7305	substrate	sodium carboxymethyl cellulose	sodium carboxymethyl cellulose
7306	microbiome	Aspergillus usami	Aspergillus usami
7307	enzyme	saccharification enzyme	saccharification enzyme
7308	enzyme	Gal2p	Gal2p
7309	substrate	d-glucose	d-glucose
7310	enzyme	AT H35L	AT H35L
7311	enzyme	TreA	TreA
7312	enzyme	TreF	TreF
7313	enzyme	TreC	TreC
7314	enzyme	Cel776Ec	Cel776Ec
7315	enzyme	Cel776Sc	Cel776Sc
7316	microbiome	Pseudoalteromonas nigrifaciens	Pseudoalteromonas nigrifaciens
7317	enzyme	sttH-nig02	sttH-nig02
7318	substrate	6-chloro indole	6-chloro indole
7319	substrate	6-bromo indole	6-bromo indole
7320	enzyme	ALAS	ALAS
7321	enzyme	5-aminolevulinate synthase	5-aminolevulinate synthase
7322	enzyme	5-aminolevulinate dehydratase	5-aminolevulinate dehydratase
7323	substrate	porphobilinogen	porphobilinogen
7324	enzyme	HMGR	HMGR
7325	enzyme	HMGS	HMGS
7326	substrate	HMG-CoA	HMG-CoA
7327	enzyme	Mxyn2p	Mxyn2p
7328	microbiome	Metschnikowia	Metschnikowia
7329	microbiome	Lachancea	Lachancea
7330	microbiome	Torulaspora	Torulaspora
7331	enzyme	GGPP synthase	GGPP synthase
7332	microbiome	Cryptococcus adeliensis	Cryptococcus adeliensis
7333	enzyme	RCK1	RCK1
7334	microbiome	Bacillus sp. strain AS-S20-I	Bacillus sp. strain AS-S20-I
7335	substrate	neutral detergent fiber	neutral detergent fiber
7336	substrate	acidic detergent fiber	acidic detergent fiber
7337	enzyme	tryptophan ethyl ester	tryptophan ethyl ester
7338	substrate	melatonin	melatonin
7339	microbiome	Aspergillus tamarii JGIF06	Aspergillus tamarii JGIF06
7340	microbiome	Geotrichum candidum	Geotrichum candidum
7341	microbiome	Pachira aquatica	Pachira aquatica
7342	substrate	peanut oil	peanut oil
7343	substrate	1-butanol	1-butanol
7344	substrate	2-KV	2-KV
7345	substrate	gentiobiose	gentiobiose
7346	enzyme	Te-Cel7A	Te-Cel7A
7347	substrate	pNPC	pNPC
7348	enzyme	mannase	mannase
7349	enzyme	xylase	xylase
7350	enzyme	arabinase	arabinase
7351	enzyme	galactase	galactase
7352	enzyme	cyprosin B	cyprosin B
7353	enzyme	L-serine: palmitoyl-CoA acyltransferase	L-serine: palmitoyl-CoA acyltransferase
7354	enzyme	ceramide synthase	ceramide synthase
7355	enzyme	phosphatidylinositol:ceramide phosphoinositol transferase	phosphatidylinositol:ceramide phosphoinositol transferase
7356	substrate	inositolphosphorylceramide	inositolphosphorylceramide
7357	microbiome	Saccharomyces cerevisiae var. bayanus	Saccharomyces cerevisiae var. bayanus
7358	microbiome	Kluveromyces marxianus	Kluveromyces marxianus
7359	substrate	GDP	GDP
7360	enzyme	MSN2	MSN2
7361	microbiome	Saccharomyces cerevisiae | NΔMSN2	Saccharomyces cerevisiae | NΔMSN2
7362	enzyme	GPI-GnT	GPI-GnT
7363	substrate	glucosylphosphatidylinositol-N-acetylglucosaminyl	glucosylphosphatidylinositol-N-acetylglucosaminyl
7364	substrate	PNPC	PNPC
7365	enzyme	FP-ase	FP-ase
7366	substrate	napier grass silage	napier grass silage
7367	enzyme	HSP31	HSP31
7368	enzyme	HSP32	HSP32
7369	enzyme	ATH1	ATH1
7370	enzyme	PGM2	PGM2
7371	enzyme	GLK1	GLK1
7372	enzyme	TDH1	TDH1
7373	enzyme	GPM2	GPM2
7374	microbiome	Saccharomyces cerevisiae | IRC15	Saccharomyces cerevisiae | IRC15
7375	enzyme	YDR248C	YDR248C
7376	enzyme	PDR15	PDR15
7377	enzyme	DDI1	DDI1
7378	microbiome	Saccharomyces cerevisiae | TPO1	Saccharomyces cerevisiae | TPO1
7379	enzyme	PDR1	PDR1
7380	microbiome	Saccharomyces cerevisiae | PDR16	Saccharomyces cerevisiae | PDR16
7381	enzyme	YMR102C	YMR102C
7382	enzyme	PDR3	PDR3
7383	enzyme	PDR5	PDR5
7384	enzyme	YOR1	YOR1
7385	enzyme	SNQ2	SNQ2
7386	enzyme	MSN4	MSN4
7387	enzyme	YAP1	YAP1
7388	enzyme	HSF1	HSF1
7389	enzyme	ribonucleotides	ribonucleotides
7390	microbiome	Trichoderma reesei MCG77	Trichoderma reesei MCG77
7391	substrate	rice bran	rice bran
7392	substrate	4-methylumbelliferyl-β-D-lactoside	4-methylumbelliferyl-β-D-lactoside
7393	enzyme	NAD-dependent glutamate dehydrogenase	NAD-dependent glutamate dehydrogenase
7394	enzyme	alanine aminotransferase	alanine aminotransferase
7395	enzyme	galactose metabolism enzymes	galactose metabolism enzymes
7396	enzyme	Chit1	Chit1
7397	enzyme	Protein A-Chit1-V5-His	Protein A-Chit1-V5-His
7398	substrate	4-nitrophenyl N,N'-diacetyl-β-D-chitobioside	4-nitrophenyl N,N'-diacetyl-β-D-chitobioside
7399	substrate	N-acetyl-D-glucosamine	N-acetyl-D-glucosamine
7400	substrate	(GlcNAc)3	(GlcNAc)3
7401	substrate	(GlcNAc)4	(GlcNAc)4
7402	substrate	(GlcNAc)5	(GlcNAc)5
7403	substrate	(GlcNAc)6	(GlcNAc)6
7404	microbiome	Candida molischiana	Candida molischiana
7405	substrate	rice husk	rice husk
7406	microbiome	Schizophyllum commune	Schizophyllum commune
7407	substrate	Na-phytate	Na-phytate
7408	microbiome	Gluconacetobacter hansenii	Gluconacetobacter hansenii
7409	enzyme	BC	BC
7410	enzyme	valencene synthase	valencene synthase
7411	enzyme	truncated 3-hydroxy-3-methylglutaryl coenzyme A reductase	truncated 3-hydroxy-3-methylglutaryl coenzyme A reductase
7412	enzyme	β-glucosidase1	β-glucosidase1
7413	substrate	p-nitrophenyl-β-D-glucoside	p-nitrophenyl-β-D-glucoside
7414	substrate	Leu-pNA	Leu-pNA
7415	enzyme	BAP2	BAP2
7416	enzyme	BAT1	BAT1
7417	enzyme	P protein	P protein
7418	enzyme	surface active materials	surface active materials
7419	microbiome	Streptococcus faecalis	Streptococcus faecalis
7420	enzyme	phosphoroclastic system	phosphoroclastic system
7421	enzyme	dismutation system	dismutation system
7422	enzyme	nitrilase NIT190	nitrilase NIT190
7423	substrate	3-HPN	3-HPN
7424	enzyme	glutamyl-tRNAGlu reductase	glutamyl-tRNAGlu reductase
7425	substrate	ampicillin	ampicillin
7426	enzyme	transketolase 1	transketolase 1
7427	enzyme	phospho-2-dehydro-3-deoxyheptonate aldolase	phospho-2-dehydro-3-deoxyheptonate aldolase
7428	enzyme	chorismite mutase	chorismite mutase
7429	enzyme	tyrosine hydroxylase	tyrosine hydroxylase
7430	enzyme	dihydroxyphenylalanine decarboxylase	dihydroxyphenylalanine decarboxylase
7431	enzyme	norcoclaurine synthase	norcoclaurine synthase
7432	enzyme	norcoclaurine 6-O-methyltransferase	norcoclaurine 6-O-methyltransferase
7433	enzyme	coclaurine N-methyltransferase	coclaurine N-methyltransferase
7434	enzyme	3’-hydroxy-N-methylcoclaurine 4’-O-methyltransferase	3’-hydroxy-N-methylcoclaurine 4’-O-methyltransferase
7435	enzyme	N-methylcoclaurine 3’-hydroxylase	N-methylcoclaurine 3’-hydroxylase
7436	enzyme	berberine bridge enzyme	berberine bridge enzyme
7437	enzyme	scoulerine 9-O-methyltransferase	scoulerine 9-O-methyltransferase
7438	enzyme	canadine synthase	canadine synthase
7439	enzyme	tetrahydroprotoberberine oxidase	tetrahydroprotoberberine oxidase
7440	substrate	canadine	canadine
7441	substrate	tetrahydrocolumbamine	tetrahydrocolumbamine
7442	enzyme	FtsZ	FtsZ
7443	enzyme	sulA	sulA
7444	enzyme	phaCAB	phaCAB
7445	enzyme	orfZ	orfZ
7446	enzyme	4hbD	4hbD
7447	enzyme	ispH	ispH
7448	enzyme	folK	folK
7449	substrate	poly(3-hydroxybutyrate)	poly(3-hydroxybutyrate)
7450	substrate	poly(3-hydroxybutyrate-co-4-hydroxybutyrate)	poly(3-hydroxybutyrate-co-4-hydroxybutyrate)
7451	microbiome	Saccharomyces cerevisiae | IRC7	Saccharomyces cerevisiae | IRC7
7452	enzyme	NAD+-dependent formate dehydrogenase	NAD+-dependent formate dehydrogenase
7453	microbiome	Trichoderma atroviride LY357	Trichoderma atroviride LY357
7454	enzyme	CPT	CPT
7455	enzyme	prolyl 4-hydroxylase	prolyl 4-hydroxylase
7456	enzyme	D-arabinono-1,4-lactone oxidase	D-arabinono-1,4-lactone oxidase
7457	enzyme	pyruvate	pyruvate
7458	enzyme	α-ketoglutarate	α-ketoglutarate
7459	enzyme	3-ketoacyl-acyl carrier protein reductase	3-ketoacyl-acyl carrier protein reductase
7460	enzyme	carboxypeptidase	carboxypeptidase
7461	substrate	Ochratoxin A	Ochratoxin A
7462	enzyme	FadL	FadL
7463	enzyme	FadD	FadD
7464	enzyme	FadE	FadE
7465	substrate	decanoate	decanoate
7466	substrate	dodecanoate	dodecanoate
7467	substrate	peptide bonds	peptide bonds
7468	enzyme	DDR2	DDR2
7469	enzyme	PUT4	PUT4
7470	enzyme	β-alanine CoA transferase	β-alanine CoA transferase
7471	enzyme	L-glutamate decarboxylase	L-glutamate decarboxylase
7472	substrate	3-aminopropionic acid	3-aminopropionic acid
7473	substrate	4-aminobutyric acid	4-aminobutyric acid
7474	substrate	5-aminovaleric acid	5-aminovaleric acid
7475	substrate	6-aminocaproic acid	6-aminocaproic acid
7476	substrate	7-aminoheptanoic acid	7-aminoheptanoic acid
7477	enzyme	alcohol-dehydrogenase	alcohol-dehydrogenase
7478	substrate	piruvate	piruvate
7479	microbiome	Lactococcus lactis subsp. lactis PTCC 1336	Lactococcus lactis subsp. lactis PTCC 1336
7480	enzyme	rhIFN a-2b	rhIFN a-2b
7481	enzyme	colicine I	colicine I
7482	enzyme	colicine E 1	colicine E 1
7483	enzyme	colicine V	colicine V
7484	enzyme	YFP	YFP
7485	substrate	theanine	theanine
7486	microbiome	bakers' yeast	bakers' yeast
7487	enzyme	pe-ADH	pe-ADH
7488	substrate	total protein	total protein
7489	enzyme	glycerol-3-phosphate-dehydrogenase	glycerol-3-phosphate-dehydrogenase
7490	substrate	glycerophosphocholine	glycerophosphocholine
7491	enzyme	Yps6 aspartyl protease	Yps6 aspartyl protease
7492	enzyme	Fks1p	Fks1p
7493	enzyme	Hxk1p	Hxk1p
7494	enzyme	Gpp2/Hor2p	Gpp2/Hor2p
7495	enzyme	Gcy1p	Gcy1p
7496	enzyme	Dak1p	Dak1p
7497	enzyme	Dak2p	Dak2p
7498	enzyme	Ctt1p	Ctt1p
7499	enzyme	Prx1p	Prx1p
7500	enzyme	Gtt1p	Gtt1p
7501	enzyme	Ecm4p	Ecm4p
7502	enzyme	Ald3p	Ald3p
7503	enzyme	Ari1p	Ari1p
7504	enzyme	Hsp31p	Hsp31p
7505	enzyme	Adk1p	Adk1p
7506	substrate	oxidized ascorbic acid	oxidized ascorbic acid
7507	substrate	lactoaldehyde	lactoaldehyde
7508	enzyme	hbFGF	hbFGF
7509	microbiome	Bacillus sp. AR03	Bacillus sp. AR03
7510	enzyme	AlkBGT	AlkBGT
7511	enzyme	α-1, 2-fucosyltransferase	α-1, 2-fucosyltransferase
7512	enzyme	GDP-mannose pyrophosphorylase	GDP-mannose pyrophosphorylase
7513	enzyme	GuUGT73F15	GuUGT73F15
7514	enzyme	CYP72A63	CYP72A63
7515	enzyme	UNI25647	UNI25647
7516	enzyme	mutCYP72A63	mutCYP72A63
7517	enzyme	GAPN	GAPN
7518	enzyme	PGM1	PGM1
7519	enzyme	UGP1	UGP1
7520	microbiome	Saccharomyces cerevisiae | EGH1	Saccharomyces cerevisiae | EGH1
7521	substrate	glycyrrhetic acid	glycyrrhetic acid
7522	enzyme	reBaxA2	reBaxA2
7523	enzyme	peptide-V 5 H 6	peptide-V 5 H 6
7524	enzyme	glutathione-S-transferase-V 5 H 6	glutathione-S-transferase-V 5 H 6
7525	enzyme	pectase	pectase
7526	microbiome	Streptomyces sp.	Streptomyces sp.
7527	substrate	catechins	catechins
7528	substrate	theabrownin	theabrownin
7529	enzyme	NADPH-coupled reductase	NADPH-coupled reductase
7530	enzyme	NADH-coupled reductase	NADH-coupled reductase
7531	enzyme	thiol release enzyme	thiol release enzyme
7532	substrate	glutathionylated S-conjugates	glutathionylated S-conjugates
7533	substrate	cysteinylated precursors	cysteinylated precursors
7534	enzyme	Penicillin G amidase	Penicillin G amidase
7535	enzyme	DOI synthase	DOI synthase
7536	enzyme	deacetylase	deacetylase
7537	substrate	2-deoxy-scyllo-inosose	2-deoxy-scyllo-inosose
7538	enzyme	4CL1	4CL1
7539	enzyme	DCS	DCS
7540	enzyme	CURS1	CURS1
7541	substrate	curcumin	curcumin
7542	enzyme	endoinulinase	endoinulinase
7543	substrate	p-nitrophenyl-β-D-cellobioside	p-nitrophenyl-β-D-cellobioside
7544	enzyme	CYP539A7	CYP539A7
7545	substrate	β-disaccharides	β-disaccharides
7546	microbiome	Alternaria sp. Sect. Alternata-LGMF626	Alternaria sp. Sect. Alternata-LGMF626
7547	microbiome	Xylaria sp.-LGMF673	Xylaria sp.-LGMF673
7548	microbiome	Bjerkandera sp.-LGMF713	Bjerkandera sp.-LGMF713
7549	microbiome	Rhizobium leguminosarum bv. trifolii	Rhizobium leguminosarum bv. trifolii
7550	enzyme	L-arabinose/D-galactose 1-dehydrogenase	L-arabinose/D-galactose 1-dehydrogenase
7551	substrate	D-fucose	D-fucose
7552	substrate	D-talose	D-talose
7553	microbiome	Aspergillus sp.	Aspergillus sp.
7554	microbiome	Byssochlamys sp.	Byssochlamys sp.
7555	substrate	ester compounds	ester compounds
7556	enzyme	yciG::luxCDABE	yciG::luxCDABE
7557	microbiome	Aspergillus sp. SU14-M15	Aspergillus sp. SU14-M15
7558	microbiome	Thermomyces lanuginosus	Thermomyces lanuginosus
7559	enzyme	glucosamylase	glucosamylase
7560	microbiome	F. oxysporum	F. oxysporum
7561	substrate	carbohydrate	carbohydrate
7562	enzyme	TRX2p-yEGFP	TRX2p-yEGFP
7563	enzyme	trypsin inhibitors	trypsin inhibitors
7564	enzyme	beta-conglycinin	beta-conglycinin
7565	enzyme	glycinin	glycinin
7566	enzyme	sucrose-binding protein	sucrose-binding protein
7567	substrate	trypsin inhibitors	trypsin inhibitors
7568	substrate	beta-conglycinin subunits	beta-conglycinin subunits
7569	substrate	glycinin subunits	glycinin subunits
7570	substrate	sucrose-binding proteins	sucrose-binding proteins
7571	enzyme	γ-butyrolactone	γ-butyrolactone
7572	enzyme	4-methyl-4-mercaptopentan-2-one	4-methyl-4-mercaptopentan-2-one
7573	enzyme	GDP-L-fucose salvage pathway enzyme	GDP-L-fucose salvage pathway enzyme
7574	microbiome	Aspergillus terreus NRRL 1960	Aspergillus terreus NRRL 1960
7575	enzyme	gaaA	gaaA
7576	enzyme	gaaC	gaaC
7577	enzyme	gaaD	gaaD
7578	enzyme	lgd1	lgd1
7579	enzyme	gat1	gat1
7580	substrate	d-galacturonic acid	d-galacturonic acid
7581	enzyme	ADH5	ADH5
7582	enzyme	4-coumarate: CoA ligase	4-coumarate: CoA ligase
7583	enzyme	raspberry ketone/zingerone synthase	raspberry ketone/zingerone synthase
7584	microbiome	Escherichia coli | RiRZS1	Escherichia coli | RiRZS1
7585	substrate	sweet sorghum stem juice	sweet sorghum stem juice
7586	microbiome	Lactobacillus fermentum IMDO 130101	Lactobacillus fermentum IMDO 130101
7587	microbiome	Rhodopseudomonas sphaeroides	Rhodopseudomonas sphaeroides
7588	enzyme	glucanosyltransferase	glucanosyltransferase
7589	enzyme	NfuA	NfuA
7590	enzyme	YggE	YggE
7591	microbiome	Amycolatopsis mediterranei S699	Amycolatopsis mediterranei S699
7592	enzyme	e1	e1
7593	enzyme	e2	e2
7594	enzyme	e3	e3
7595	enzyme	e4	e4
7596	substrate	glucose and ammonium sulfate	glucose and ammonium sulfate
7597	enzyme	SHL62 lipase	SHL62 lipase
7598	substrate	lithium sulfate	lithium sulfate
7599	enzyme	prolactin	prolactin
7600	substrate	ketones	ketones
7601	microbiome	Xanthomonas campestris	Xanthomonas campestris
7602	enzyme	Cgl	Cgl
7603	enzyme	CysI	CysI
7604	enzyme	CysJ	CysJ
7605	enzyme	CysK	CysK
7606	enzyme	MetH1	MetH1
7607	enzyme	Pgi	Pgi
7608	enzyme	Ugd	Ugd
7609	enzyme	XanA	XanA
7610	microbiome	anaerobic granular sludge	anaerobic granular sludge
7611	enzyme	[NiFe]-hydrogenases	[NiFe]-hydrogenases
7612	substrate	β-D-glucosides	β-D-glucosides
7613	enzyme	b-hydroxyacyl-ACP dehydratase	b-hydroxyacyl-ACP dehydratase
7614	substrate	short chain b-hydroxyacyl-ACP	short chain b-hydroxyacyl-ACP
7615	substrate	long chain saturated b-hydroxyacyl-ACP	long chain saturated b-hydroxyacyl-ACP
7616	substrate	unsaturated b-hydroxyacyl-ACP	unsaturated b-hydroxyacyl-ACP
7617	enzyme	a-ketoglutaric semialdehyde dehydrogenase	a-ketoglutaric semialdehyde dehydrogenase
7618	microbiome	Bacteroides xylanisolvens	Bacteroides xylanisolvens
7619	enzyme	alginate lyase	alginate lyase
7620	microbiome	Candida famata	Candida famata
7621	microbiome	Candida maltosa	Candida maltosa
7622	microbiome	Candida parapsilosis	Candida parapsilosis
7623	microbiome	Candida rugosa	Candida rugosa
7624	microbiome	Candida sonorensis	Candida sonorensis
7625	microbiome	Citeromyces matritensis	Citeromyces matritensis
7626	microbiome	Cryptococcus curvatus	Cryptococcus curvatus
7627	microbiome	Geotrichum sp.	Geotrichum sp.
7628	microbiome	Kloeckera apis	Kloeckera apis
7629	microbiome	Pichia cactophila	Pichia cactophila
7630	microbiome	Pichia norvegensis	Pichia norvegensis
7631	microbiome	Pichia membranaefaciens	Pichia membranaefaciens
7632	enzyme	undecylprodigiosin	undecylprodigiosin
7633	enzyme	actinorhodins	actinorhodins
7634	enzyme	propanediol oxidoreductase	propanediol oxidoreductase
7635	enzyme	lactaldehyde dehydrogenase	lactaldehyde dehydrogenase
7636	substrate	L-1,2-propanediol	L-1,2-propanediol
7637	substrate	lactaldehyde	lactaldehyde
7638	substrate	phosphatidyl ethanolamine	phosphatidyl ethanolamine
7639	enzyme	CmINV	CmINV
7640	enzyme	BmXyn11A	BmXyn11A
7641	enzyme	GH43 β-xylosidase	GH43 β-xylosidase
7642	enzyme	GH115 α-methyl-glucuronidase	GH115 α-methyl-glucuronidase
7643	enzyme	carbohydrate esterase (CE) family 6 enzyme	carbohydrate esterase (CE) family 6 enzyme
7644	substrate	beechwood GX	beechwood GX
7645	enzyme	α-ketoacid decarboxylase	α-ketoacid decarboxylase
7646	substrate	α-ketoisocaproate	α-ketoisocaproate
7647	substrate	α-keto-β-methylvalerate	α-keto-β-methylvalerate
7648	enzyme	PFL-activating enzyme	PFL-activating enzyme
7649	enzyme	hCu,Zn-SOD	hCu,Zn-SOD
7650	enzyme	PrsA	PrsA
7651	enzyme	guanosine pentaphosphate synthetase	guanosine pentaphosphate synthetase
7652	enzyme	polyribonucleotide nucleotidyltransferase phosphorylase	polyribonucleotide nucleotidyltransferase phosphorylase
7653	enzyme	tripeptidylamino peptidase	tripeptidylamino peptidase
7654	enzyme	L-methionine biosynthetic enzymes	L-methionine biosynthetic enzymes
7655	enzyme	AAT	AAT
7656	enzyme	AEATase	AEATase
7657	substrate	C2-C10 carbon-chain substrates	C2-C10 carbon-chain substrates
7658	substrate	C2 carbon-chain length substrate	C2 carbon-chain length substrate
7659	substrate	C4-C10 carbon-chain length substrate	C4-C10 carbon-chain length substrate
7660	microbiome	Enterobacteriales	Enterobacteriales
7661	microbiome	Lactobacillales	Lactobacillales
7662	microbiome	Bacillales	Bacillales
7663	microbiome	Saccharomycetales	Saccharomycetales
7664	substrate	amino acid nitrogen	amino acid nitrogen
7665	substrate	liquefied starch	liquefied starch
7666	enzyme	Grx2	Grx2
7667	microbiome	Enterococcus faecium MTCC 5695	Enterococcus faecium MTCC 5695
7668	microbiome	Pediococcus acidilactici MTCC 11361	Pediococcus acidilactici MTCC 11361
7669	enzyme	PM-ATPase	PM-ATPase
7670	enzyme	Snf1p	Snf1p
7671	enzyme	mCherry red fluorescent protein	mCherry red fluorescent protein
7672	enzyme	flavin prenyl transferase	flavin prenyl transferase
7673	enzyme	3-octaprenyl-4-hydroxybenzoate decarboxylase	3-octaprenyl-4-hydroxybenzoate decarboxylase
7674	substrate	prenylated flavin mononucleotide	prenylated flavin mononucleotide
7675	substrate	3-octaprenyl-4-hydroxybenzoate	3-octaprenyl-4-hydroxybenzoate
7676	enzyme	CmbA	CmbA
7677	enzyme	MapA	MapA
7678	enzyme	Mub	Mub
7679	microbiome	Lactobacillus paracasei	Lactobacillus paracasei
7680	enzyme	Cnb	Cnb
7681	enzyme	EF-Tu	EF-Tu
7682	enzyme	pBGL1	pBGL1
7683	enzyme	CDT-1	CDT-1
7684	microbiome	Staphylococcus aureus NCTC 8511	Staphylococcus aureus NCTC 8511
7685	enzyme	free-coagulase	free-coagulase
7686	enzyme	hexokinase isoenzyme 2	hexokinase isoenzyme 2
7687	enzyme	hexokinase isoenzyme 1	hexokinase isoenzyme 1
7688	enzyme	malate dehydrogenase isoenzyme	malate dehydrogenase isoenzyme
7689	substrate	alpha, alpha-trehalose-6-phosphate	alpha, alpha-trehalose-6-phosphate
7690	enzyme	cubebol synthase	cubebol synthase
7691	enzyme	Clavulanic acid	Clavulanic acid
7692	enzyme	H-translocating ATPase	H-translocating ATPase
7693	enzyme	5αR1	5αR1
7694	enzyme	5αR2	5αR2
7695	substrate	progesterone	progesterone
7696	enzyme	secretory phospholipase A2	secretory phospholipase A2
7697	enzyme	HRAS-like suppressor 3	HRAS-like suppressor 3
7698	enzyme	hydroperoxide dehydratase	hydroperoxide dehydratase
7699	enzyme	D-xylose fermenting enzyme	D-xylose fermenting enzyme
7700	enzyme	Cel8M	Cel8M
7701	enzyme	Cel8ME15	Cel8ME15
7702	enzyme	Cel8ME18	Cel8ME18
7703	substrate	precursor PA	precursor PA
7704	substrate	OTA	OTA
7705	enzyme	epoxide hydrolase	epoxide hydrolase
7706	substrate	epoxides	epoxides
7707	substrate	epoxy fatty acids	epoxy fatty acids
7708	enzyme	shikimic acid	shikimic acid
7709	microbiome	Paenibacillus sp. D9	Paenibacillus sp. D9
7710	substrate	(No specific substrate mentioned)	(No specific substrate mentioned)
7711	enzyme	LTP1500	LTP1500
7712	enzyme	IspG	IspG
7713	substrate	2-C-methyl-D-erythritol 2,4-cyclodiphosphate	2-C-methyl-D-erythritol 2,4-cyclodiphosphate
7714	substrate	pentose	pentose
7715	enzyme	CpSADH	CpSADH
7716	enzyme	CwlO	CwlO
7717	enzyme	LytE	LytE
7718	microbiome	Streptococcus infantarius subsp. infantarius	Streptococcus infantarius subsp. infantarius
7719	enzyme	lacS	lacS
7720	enzyme	lacZ	lacZ
7721	enzyme	trypsin-streptavidin	trypsin-streptavidin
7722	substrate	p-toluenesulfonyl-L-arginine methyl ester	p-toluenesulfonyl-L-arginine methyl ester
7723	enzyme	GCNT3	GCNT3
7724	enzyme	GALNT5	GALNT5
7725	enzyme	B3GNT3	B3GNT3
7726	enzyme	GALNT18	GALNT18
7727	enzyme	GALNT14	GALNT14
7728	enzyme	GSTM1	GSTM1
7729	enzyme	GSTA1	GSTA1
7730	enzyme	GPX8	GPX8
7731	enzyme	AOX1	AOX1
7732	substrate	organic hydroperoxides	organic hydroperoxides
7733	enzyme	metalloproteinase	metalloproteinase
7734	microbiome	Enterococcus faecium RZS C5	Enterococcus faecium RZS C5
7735	enzyme	enterocin	enterocin
7736	substrate	casein hydrolysate	casein hydrolysate
7737	substrate	AXOKINE1	AXOKINE1
7738	enzyme	POD	POD
7739	enzyme	CLA	CLA
7740	substrate	(S)-(-)-styrene oxide	(S)-(-)-styrene oxide
7741	substrate	(R)-(+)-styrene oxide	(R)-(+)-styrene oxide
7742	enzyme	BA-SacB-Del	BA-SacB-Del
7743	enzyme	norbikaverin	norbikaverin
7744	enzyme	oxo-pre-bikaverin	oxo-pre-bikaverin
7745	enzyme	me-oxo-pre-bikaverin	me-oxo-pre-bikaverin
7746	substrate	naphthoquinone	naphthoquinone
7747	microbiome	Saccharomyces eubayanus | MAL31	Saccharomyces eubayanus | MAL31
7748	enzyme	MAL32	MAL32
7749	enzyme	IMA1	IMA1
7750	enzyme	HXT9	HXT9
7751	enzyme	CIN2	CIN2
7752	enzyme	GPB1	GPB1
7753	enzyme	glycosidic enzymes	glycosidic enzymes
7754	substrate	schizophyllan biopolymer	schizophyllan biopolymer
7755	enzyme	xanthine oxidoreductase	xanthine oxidoreductase
7756	enzyme	hypoxanthine-guanine phosphoribosyltransferase	hypoxanthine-guanine phosphoribosyltransferase
7757	enzyme	FocA	FocA
7758	enzyme	FocB	FocB
7759	enzyme	endoglucanase E1	endoglucanase E1
7760	enzyme	sleeping beauty mutase	sleeping beauty mutase
7761	enzyme	aldehyde/alcohol dehydrogenase	aldehyde/alcohol dehydrogenase
7762	microbiome	Wautersia eutropha	Wautersia eutropha
7763	substrate	poly[(R)-3-hydroxybutyrate]	poly[(R)-3-hydroxybutyrate]
7764	enzyme	ubiquitin C-terminal hydrolase 1	ubiquitin C-terminal hydrolase 1
7765	substrate	Z-Arg-Leu-Arg-Gly-Gly-AMC	Z-Arg-Leu-Arg-Gly-Gly-AMC
7766	enzyme	CsgA	CsgA
7767	enzyme	CsgD	CsgD
7768	substrate	cyclic AMP	cyclic AMP
7769	substrate	C-peptide precursor	C-peptide precursor
7770	enzyme	H2O2	H2O2
7771	microbiome	Lactobacillus farciminis	Lactobacillus farciminis
7772	substrate	E. coli O26:H11	E. coli O26:H11
7773	substrate	E. coli O157:H7	E. coli O157:H7
7774	enzyme	LAT-1	LAT-1
7775	microbiome	Myceliophthora thermophila	Myceliophthora thermophila
7776	enzyme	MtLAT-1	MtLAT-1
7777	enzyme	LimS	LimS
7778	enzyme	tLimS	tLimS
7779	enzyme	ERG20 ww	ERG20 ww
7780	microbiome	Saccharomyces cerevisiae | L3H	Saccharomyces cerevisiae | L3H
7781	enzyme	CPR	CPR
7782	enzyme	IPDH	IPDH
7783	enzyme	IPR	IPR
7784	enzyme	KSI	KSI
7785	enzyme	PGR	PGR
7786	enzyme	MMR	MMR
7787	substrate	D-limonene	D-limonene
7788	substrate	(+)cis-isopulegone	(+)cis-isopulegone
7789	substrate	(-)-trans-isopiperitenol	(-)-trans-isopiperitenol
7790	substrate	O-methylsterigmatocystin	O-methylsterigmatocystin
7791	enzyme	Lg-alcohol acetyltransferase I	Lg-alcohol acetyltransferase I
7792	enzyme	mevalonate pathway enzymes	mevalonate pathway enzymes
7793	enzyme	ACS1	ACS1
7794	enzyme	FAA2	FAA2
7795	enzyme	PHS1	PHS1
7796	enzyme	POX1	POX1
7797	enzyme	ICL1	ICL1
7798	enzyme	CIT3	CIT3
7799	microbiome	Saccharomyces cerevisiae | LSC1	Saccharomyces cerevisiae | LSC1
7800	microbiome	Saccharomyces cerevisiae | LSC2	Saccharomyces cerevisiae | LSC2
7801	enzyme	YJL045W	YJL045W
7802	enzyme	CrtB	CrtB
7803	enzyme	ERG11	ERG11
7804	enzyme	ERG25	ERG25
7805	enzyme	ERG5	ERG5
7806	enzyme	FAS1	FAS1
7807	enzyme	TES1	TES1
7808	microbiome	Saccharomyces cerevisiae | OLE1	Saccharomyces cerevisiae | OLE1
7809	substrate	glyoxylate cycle intermediates	glyoxylate cycle intermediates
7810	substrate	TCA cycle intermediates	TCA cycle intermediates
7811	enzyme	45-kDa proteinase	45-kDa proteinase
7812	microbiome	Levilactobacillus brevis	Levilactobacillus brevis
7813	microbiome	Penicillium spp. Morsy1	Penicillium spp. Morsy1
7814	enzyme	keratinase Ahm1	keratinase Ahm1
7815	enzyme	keratinase Ahm2	keratinase Ahm2
7816	substrate	azokeratin	azokeratin
7817	enzyme	10R-dioxygenase	10R-dioxygenase
7818	substrate	hempseed oil hydrolyzate	hempseed oil hydrolyzate
7819	enzyme	trisporic acid B	trisporic acid B
7820	enzyme	trisporic acid C	trisporic acid C
7821	enzyme	ispS	ispS
7822	substrate	Hir65	Hir65
7823	microbiome	Kluyveromyces marxianus Y885	Kluyveromyces marxianus Y885
7824	microbiome	Saccharomyces cerevisiae EC1118	Saccharomyces cerevisiae EC1118
7825	substrate	MSG	MSG
7826	enzyme	CusCFBA	CusCFBA
7827	substrate	Cu(I)	Cu(I)
7828	enzyme	seripauperin 5	seripauperin 5
7829	microbiome	Pseudomonas chlororaphis	Pseudomonas chlororaphis
7830	enzyme	phenazine-1-carboxylic acid synthase	phenazine-1-carboxylic acid synthase
7831	substrate	chorismic acid	chorismic acid
7832	enzyme	PNPase	PNPase
7833	substrate	7-methylinosine	7-methylinosine
7834	substrate	guanosine	guanosine
7835	enzyme	transglutaminase	transglutaminase
7836	enzyme	pro-rMTG(S2P)	pro-rMTG(S2P)
7837	enzyme	rMTG(S2P)	rMTG(S2P)
7838	enzyme	gatB	gatB
7839	enzyme	gatC	gatC
7840	enzyme	gatY	gatY
7841	enzyme	gatZ	gatZ
7842	enzyme	phoB	phoB
7843	enzyme	phoU	phoU
7844	enzyme	pstB	pstB
7845	enzyme	pstA	pstA
7846	enzyme	pstC	pstC
7847	enzyme	pstS	pstS
7848	enzyme	manXYZ	manXYZ
7849	enzyme	groS	groS
7850	enzyme	groL	groL
7851	enzyme	dnaK	dnaK
7852	substrate	heat stress	heat stress
7853	enzyme	L-lysine	L-lysine
7854	microbiome	Lachnoclostridium phytofermentans	Lachnoclostridium phytofermentans
7855	enzyme	LpXI	LpXI
7856	enzyme	LpXI-T63I/V162A	LpXI-T63I/V162A
7857	enzyme	thioesterase 'TesA	thioesterase 'TesA
7858	substrate	C8-ACP	C8-ACP
7859	substrate	C8-pNP	C8-pNP
7860	microbiome	Clostridium botulinum	Clostridium botulinum
7861	enzyme	toxin	toxin
7862	enzyme	feruloyl-CoA synthetase	feruloyl-CoA synthetase
7863	enzyme	feruloyl hydratase/aldolase	feruloyl hydratase/aldolase
7864	enzyme	cell-wall-associated hydrolase	cell-wall-associated hydrolase
7865	substrate	glucooligosaccharide	glucooligosaccharide
7866	enzyme	poly-γ-glutamic acid synthase	poly-γ-glutamic acid synthase
7867	enzyme	nerolidol synthase	nerolidol synthase
7868	substrate	nerolidol	nerolidol
7869	microbiome	Alistipes sp. HGB5	Alistipes sp. HGB5
7870	microbiome	Botrytis cinerea	Botrytis cinerea
7871	enzyme	CaDHN	CaDHN
7872	enzyme	PEP carboxylase	PEP carboxylase
7873	substrate	carboxymethyl cellulose sodium	carboxymethyl cellulose sodium
7874	substrate	cis-aconitic acid	cis-aconitic acid
7875	substrate	oxaloacetic acid	oxaloacetic acid
7876	enzyme	leech carboxypeptidase inhibitor	leech carboxypeptidase inhibitor
7877	substrate	LCI	LCI
7878	enzyme	butyryl-CoA dehydrogenase	butyryl-CoA dehydrogenase
7879	enzyme	Rat8	Rat8
7880	substrate	bulk poly(A)+ mRNA	bulk poly(A)+ mRNA
7881	microbiome	Penicillium janczewskii zalesk	Penicillium janczewskii zalesk
7882	substrate	p-nitrophenyl α-D-galactopyranoside	p-nitrophenyl α-D-galactopyranoside
7883	microbiome	Bacillus anthracis	Bacillus anthracis
7884	enzyme	NO synthase	NO synthase
7885	enzyme	alcalase	alcalase
7886	enzyme	hirudin-fused protein	hirudin-fused protein
7887	enzyme	alcohol fermentation enzyme	alcohol fermentation enzyme
7888	enzyme	lipA	lipA
7889	enzyme	lipB	lipB
7890	enzyme	water-forming NADH oxidase	water-forming NADH oxidase
7891	substrate	cello-oligosaccharides	cello-oligosaccharides
7892	enzyme	Xaa-Pro aminopeptidase	Xaa-Pro aminopeptidase
7893	substrate	Phe-Pro	Phe-Pro
7894	substrate	Leu-Pro	Leu-Pro
7895	substrate	Ser-Pro	Ser-Pro
7896	substrate	Arg-Pro	Arg-Pro
7897	microbiome	Panus lecomtei	Panus lecomtei
7898	enzyme	His-tagged glycine oxidase	His-tagged glycine oxidase
7899	substrate	sarcosine	sarcosine
7900	microbiome	Penicillium camemberti	Penicillium camemberti
7901	enzyme	cyclopiazonic acid	cyclopiazonic acid
7902	enzyme	trichocellin A-I	trichocellin A-I
7903	enzyme	trichocellin B-II	trichocellin B-II
7904	substrate	Plutella xylostella larvae	Plutella xylostella larvae
7905	enzyme	butA	butA
7906	enzyme	L-alanine dehydrogenase	L-alanine dehydrogenase
7907	substrate	maize bran	maize bran
7908	substrate	almond shells	almond shells
7909	enzyme	F1 protease	F1 protease
7910	enzyme	Pma1 H+-ATPase	Pma1 H+-ATPase
7911	microbiome	CHO cells	CHO cells
7912	enzyme	sialidase	sialidase
7913	enzyme	galactosyltransferase	galactosyltransferase
7914	microbiome	Chaetomium atrobrunneum	Chaetomium atrobrunneum
7915	enzyme	CEL3a	CEL3a
7916	enzyme	CEL3b	CEL3b
7917	enzyme	GH3-3	GH3-3
7918	enzyme	Sc-IndC	Sc-IndC
7919	enzyme	Sc-IndC+Sc-IndB	Sc-IndC+Sc-IndB
7920	substrate	l-glutamine	l-glutamine
7921	enzyme	tryptophan dehydrogenase	tryptophan dehydrogenase
7922	enzyme	pterin4-alpha-carbinolamine dehydratase	pterin4-alpha-carbinolamine dehydratase
7923	substrate	5-Hydroxytryptophan	5-Hydroxytryptophan
7924	enzyme	COX9	COX9
7925	enzyme	L-phenylalanine oxidase	L-phenylalanine oxidase
7926	enzyme	CC-LPOX	CC-LPOX
7927	substrate	phenyllactic acid	phenyllactic acid
7928	enzyme	leucyl-aminopeptidase	leucyl-aminopeptidase
7929	substrate	dihydroxyacetone-phosphate	dihydroxyacetone-phosphate
7930	enzyme	polynucleotide phosphorylase	polynucleotide phosphorylase
7931	enzyme	D-carbamoylase	D-carbamoylase
7932	substrate	N-carbamoyl-D-p-hydroxyphenylglycine	N-carbamoyl-D-p-hydroxyphenylglycine
7933	enzyme	N-acetylserotonin methyltransferase	N-acetylserotonin methyltransferase
7934	enzyme	TRP hydroxylase	TRP hydroxylase
7935	enzyme	sulfide dehydrogenase	sulfide dehydrogenase
7936	substrate	polysulfide	polysulfide
7937	substrate	benzyl viologen	benzyl viologen
7938	enzyme	aspartokinase III	aspartokinase III
7939	enzyme	dihydrodipicolinate synthetase	dihydrodipicolinate synthetase
7940	enzyme	XYN III	XYN III
7941	substrate	fetuin	fetuin
7942	substrate	MuNANA	MuNANA
7943	enzyme	polyamine-degrading enzymes	polyamine-degrading enzymes
7944	substrate	spermidine	spermidine
7945	substrate	spermine	spermine
7946	substrate	hGMCSF	hGMCSF
7947	enzyme	1,3-propanediol oxidoreductase isoenzyme	1,3-propanediol oxidoreductase isoenzyme
7948	microbiome	Streptomyces antibioticus	Streptomyces antibioticus
7949	enzyme	simocyclinone D8	simocyclinone D8
7950	enzyme	phosphoribosylanthranilate isomerase	phosphoribosylanthranilate isomerase
7951	enzyme	CaGES	CaGES
7952	enzyme	tCaGES	tCaGES
7953	enzyme	(−)-α-bisabolol synthase	(−)-α-bisabolol synthase
7954	substrate	mannopentaose	mannopentaose
7955	substrate	locust bean gum galactomannan	locust bean gum galactomannan
7956	substrate	ivory nut mannan	ivory nut mannan
7957	substrate	mannan/cellulose complex	mannan/cellulose complex
7958	enzyme	dimethylsulfoxide reductase	dimethylsulfoxide reductase
7959	microbiome	Hyphopichia burtonii	Hyphopichia burtonii
7960	microbiome	Streptococcus equi subsp. zooepidemicus	Streptococcus equi subsp. zooepidemicus
7961	enzyme	hyaluronan synthase	hyaluronan synthase
7962	microbiome	Fulvimarina pelagi	Fulvimarina pelagi
7963	microbiome	Rhodobacter sphaeroides	Rhodobacter sphaeroides
7964	enzyme	uptake hydrogenase	uptake hydrogenase
7965	enzyme	tryptophan synthase	tryptophan synthase
7966	microbiome	Megasphaera elsdenii	Megasphaera elsdenii
7967	enzyme	L-lactate transporter	L-lactate transporter
7968	enzyme	β-ketothiolase	β-ketothiolase
7969	enzyme	phospholipid:diacylglycerol acyltransferase	phospholipid:diacylglycerol acyltransferase
7970	microbiome	Pichia pastoris | Δ98ScPDAT	Pichia pastoris | Δ98ScPDAT
7971	substrate	phosphatidylethanolamine	phosphatidylethanolamine
7972	enzyme	sucrose permease	sucrose permease
7973	enzyme	sucrose-specific IIBC component	sucrose-specific IIBC component
7974	microbiome	Providencia rettgeri	Providencia rettgeri
7975	enzyme	rPAC Pr	rPAC Pr
7976	microbiome	sheep rumen	sheep rumen
7977	enzyme	H⁺-ATPase	H⁺-ATPase
7978	substrate	Mg²⁺	Mg²⁺
7979	enzyme	GH5	GH5
7980	enzyme	AA1	AA1
7981	enzyme	AA3	AA3
7982	enzyme	GH2	GH2
7983	enzyme	GH3	GH3
7984	enzyme	GH18	GH18
7985	enzyme	GH10	GH10
7986	enzyme	GH11	GH11
7987	enzyme	AA9	AA9
7988	microbiome	Trichoderma harzianum | GT4	Trichoderma harzianum | GT4
7989	enzyme	GH20	GH20
7990	microbiome	Propionicicella superfundia	Propionicicella superfundia
7991	enzyme	glycine arylamidase	glycine arylamidase
7992	enzyme	histidine arylamidase	histidine arylamidase
7993	enzyme	proline arylamidase	proline arylamidase
7994	enzyme	leucyl glycine arylamidase	leucyl glycine arylamidase
7995	enzyme	phenylalanine arylamidase	phenylalanine arylamidase
7996	enzyme	alanine arylamidase	alanine arylamidase
7997	enzyme	mannan synthetase	mannan synthetase
7998	enzyme	HPR1	HPR1
7999	enzyme	HPR2	HPR2
8000	substrate	h-type pheromone precursor	h-type pheromone precursor
8001	substrate	a-type pheromone	a-type pheromone
8002	enzyme	CpcA	CpcA
8003	microbiome	Aspergillus flocculosus	Aspergillus flocculosus
8004	enzyme	neoaspergillic acid	neoaspergillic acid
8005	enzyme	hydroxyneoaspergillic acid	hydroxyneoaspergillic acid
8006	microbiome	Talaromyces emersonii	Talaromyces emersonii
8007	substrate	p-nitrophenyl-β-d-cellobioside	p-nitrophenyl-β-d-cellobioside
8008	enzyme	phenolic acid decarboxylase	phenolic acid decarboxylase
8009	enzyme	4-coumarate 3-hydroxylase	4-coumarate 3-hydroxylase
8010	enzyme	caefic acid methyltransferase	caefic acid methyltransferase
8011	substrate	4-coumaric acid	4-coumaric acid
8012	substrate	caefic acid	caefic acid
8013	enzyme	AldH	AldH
8014	substrate	3-Hydroxypropionaldehyde	3-Hydroxypropionaldehyde
8015	substrate	4-nitrophenyl β-D-glucopyranoside	4-nitrophenyl β-D-glucopyranoside
8016	enzyme	cis-epoxysuccinate hydrolase	cis-epoxysuccinate hydrolase
8017	microbiome	Bordetella sp. BK-52	Bordetella sp. BK-52
8018	substrate	cis-epoxysuccinate	cis-epoxysuccinate
8019	microbiome	C. antarcticus	C. antarcticus
8020	microbiome	Pycnoporus sanguineus	Pycnoporus sanguineus
8021	enzyme	TesB	TesB
8022	enzyme	TE9	TE9
8023	substrate	lauroyl-CoA	lauroyl-CoA
8024	microbiome	fecal coliform	fecal coliform
8025	enzyme	Hxt11	Hxt11
8026	enzyme	Hxt11-N366D	Hxt11-N366D
8027	enzyme	Hxt11-N366T	Hxt11-N366T
8028	microbiome	Alcaligenes sp. S-XJ-1	Alcaligenes sp. S-XJ-1
8029	enzyme	biodemulsifier	biodemulsifier
8030	substrate	waste frying oils	waste frying oils
8031	substrate	paraffin	paraffin
8032	substrate	tripalmitin	tripalmitin
8033	substrate	olein	olein
8034	substrate	tristearin	tristearin
8035	microbiome	Anoxybacillus flavithermus	Anoxybacillus flavithermus
8036	microbiome	Candida glabrata	Candida glabrata
8037	substrate	CoA	CoA
8038	enzyme	monoamine oxidase A	monoamine oxidase A
8039	enzyme	HO-1	HO-1
8040	enzyme	NQO1	NQO1
8041	substrate	ROS	ROS
8042	enzyme	3-galactosidase	3-galactosidase
8043	microbiome	Aeromonas sobria	Aeromonas sobria
8044	microbiome	Cordyceps militaris	Cordyceps militaris
8045	enzyme	cordycepin	cordycepin
8046	enzyme	NADP-dependent glutamate dehydrogenase	NADP-dependent glutamate dehydrogenase
8047	microbiome	Pseudarthrobacter sp. NIBRBAC000502770	Pseudarthrobacter sp. NIBRBAC000502770
8048	enzyme	indole-3-acetamide hydrolase	indole-3-acetamide hydrolase
8049	enzyme	indole-3-acetaldehyde dehydrogenase	indole-3-acetaldehyde dehydrogenase
8050	enzyme	nerol	nerol
8051	enzyme	β-damascenone	β-damascenone
8052	enzyme	ethyl butyrate	ethyl butyrate
8053	substrate	β-damascenone	β-damascenone
8054	microbiome	Metschnikowia spp.	Metschnikowia spp.
8055	enzyme	oxidosqualene cyclase	oxidosqualene cyclase
8056	enzyme	P450 reductase	P450 reductase
8057	substrate	betulin	betulin
8058	substrate	betulinic aldehyde	betulinic aldehyde
8059	substrate	betulinic acid	betulinic acid
8060	substrate	lupeol	lupeol
8061	substrate	2,3-dihydroxyisovalerate	2,3-dihydroxyisovalerate
8062	substrate	aldehyde	aldehyde
8063	enzyme	Myo-inositol-hexakisphosphate 4-phosphohydrolase	Myo-inositol-hexakisphosphate 4-phosphohydrolase
8064	substrate	Myo-inositol-hexakisphosphate	Myo-inositol-hexakisphosphate
8065	enzyme	cytochrome bo3	cytochrome bo3
8066	microbiome	Aspergillus phoenicis	Aspergillus phoenicis
8067	enzyme	myrosinase	myrosinase
8068	microbiome	Lactobacillus agilis	Lactobacillus agilis
8069	substrate	glucosinolates	glucosinolates
8070	substrate	ribulose	ribulose
8071	substrate	BPNPG5	BPNPG5
8072	microbiome	Rhizopus stolonifer	Rhizopus stolonifer
8073	enzyme	SSDA1	SSDA1
8074	enzyme	SSDA3	SSDA3
8075	enzyme	CEL6A	CEL6A
8076	enzyme	CEL5A	CEL5A
8077	enzyme	CEL45A	CEL45A
8078	enzyme	ß-glucosidases	ß-glucosidases
8079	enzyme	XYN3	XYN3
8080	enzyme	XYN6	XYN6
8081	enzyme	ß-xylosidases	ß-xylosidases
8082	enzyme	a-galactosidases	a-galactosidases
8083	enzyme	a-fucosidases	a-fucosidases
8084	enzyme	a-arabinofuranosidases	a-arabinofuranosidases
8085	enzyme	methyl-a-glucuronidase	methyl-a-glucuronidase
8086	enzyme	endo-ß-1,3/1,4-glucanases	endo-ß-1,3/1,4-glucanases
8087	enzyme	acetyl-xylan esterases	acetyl-xylan esterases
8088	enzyme	GH61 cellulose monooxygenases	GH61 cellulose monooxygenases
8089	enzyme	CIP1	CIP1
8090	enzyme	acetohydroxy acid synthase isoenzyme III	acetohydroxy acid synthase isoenzyme III
8091	enzyme	L-threonine dehydratase	L-threonine dehydratase
8092	enzyme	3-methyl-2-oxobutanoate hydroxymethyltransferase	3-methyl-2-oxobutanoate hydroxymethyltransferase
8093	enzyme	2-isopropylmalate synthase	2-isopropylmalate synthase
8094	enzyme	6-phosphofructokinase-1	6-phosphofructokinase-1
8095	substrate	2-ketobutyrate	2-ketobutyrate
8096	enzyme	transglucosidase	transglucosidase
8097	microbiome	B. fragilis	B. fragilis
8098	enzyme	ciklooxigenázt	ciklooxigenázt
8099	enzyme	prosztaglandint	prosztaglandint
8100	substrate	interleukin8	interleukin8
8101	enzyme	cyanophycin synthase	cyanophycin synthase
8102	enzyme	YOL151W reductase	YOL151W reductase
8103	substrate	ethyl-4-chloro-3-oxobutanoate	ethyl-4-chloro-3-oxobutanoate
8104	microbiome	Aspergillus ficuum	Aspergillus ficuum
8105	enzyme	Ht1-FEH I	Ht1-FEH I
8106	enzyme	Ht1-FEH II	Ht1-FEH II
8107	enzyme	L-fucokinase/GDP-L-fucose pyrophosphorylase	L-fucokinase/GDP-L-fucose pyrophosphorylase
8108	substrate	L-fucose	L-fucose
8109	microbiome	Lactococcus lactis CECT 539	Lactococcus lactis CECT 539
8110	enzyme	class IV Chitinase	class IV Chitinase
8111	microbiome	Absidia coerulea	Absidia coerulea
8112	enzyme	steroid-converting enzyme	steroid-converting enzyme
8113	substrate	cyclodextrin	cyclodextrin
8114	microbiome	Acetilactobacillus jinshanensis	Acetilactobacillus jinshanensis
8115	enzyme	ABC transporters	ABC transporters
8116	enzyme	quorum sensing	quorum sensing
8117	enzyme	pyruvate metabolism	pyruvate metabolism
8118	microbiome	Vibrio parahaemolyticus	Vibrio parahaemolyticus
8119	enzyme	TrGcn5	TrGcn5
8120	enzyme	ScGcn5	ScGcn5
8121	substrate	histone H3	histone H3
8122	microbiome	Beauveria sp. FO-6979	Beauveria sp. FO-6979
8123	enzyme	beauveriolide I	beauveriolide I
8124	enzyme	beauveriolide III	beauveriolide III
8125	enzyme	D-xylose reductase	D-xylose reductase
8126	enzyme	pyruvate kinase I	pyruvate kinase I
8127	enzyme	phosphocarrier protein	phosphocarrier protein
8128	enzyme	Cas9	Cas9
8129	enzyme	λ-Red recombinases	λ-Red recombinases
8130	substrate	phosphoribosylpyrophosphate	phosphoribosylpyrophosphate
8131	microbiome	Bacillus cohnii	Bacillus cohnii
8132	enzyme	indigo-reducing enzyme	indigo-reducing enzyme
8133	enzyme	PtsG	PtsG
8134	enzyme	pycA	pycA
8135	enzyme	fdh1	fdh1
8136	enzyme	Glk	Glk
8137	enzyme	copalyl diphosphate synthase	copalyl diphosphate synthase
8138	enzyme	normal CPP kaurene synthase-like	normal CPP kaurene synthase-like
8139	enzyme	3-hydroxyl-3methylglutaryl-CoA reductase	3-hydroxyl-3methylglutaryl-CoA reductase
8140	enzyme	DAE	DAE
8141	enzyme	thrA	thrA
8142	enzyme	thrB	thrB
8143	enzyme	thrC	thrC
8144	enzyme	phosphatases	phosphatases
8145	substrate	bran	bran
8146	substrate	soy oil	soy oil
8147	microbiome	Picrophilus torridus	Picrophilus torridus
8148	enzyme	PTTS	PTTS
8149	enzyme	AprE2	AprE2
8150	enzyme	subtilisin DFE	subtilisin DFE
8151	substrate	solid substrates	solid substrates
8152	enzyme	MIOX4	MIOX4
8153	enzyme	trehalose-6-phosphate synthase 1	trehalose-6-phosphate synthase 1
8154	microbiome	Gibberella moniliformis	Gibberella moniliformis
8155	enzyme	cytidine deaminase	cytidine deaminase
8156	enzyme	uridine/cytidine kinase	uridine/cytidine kinase
8157	enzyme	nucleoside hydrolase	nucleoside hydrolase
8158	enzyme	diphosphatase NudG	diphosphatase NudG
8159	enzyme	nucleotidase	nucleotidase
8160	substrate	cytidine	cytidine
8161	substrate	CMP	CMP
8162	enzyme	Cephalosporin C deacetylase	Cephalosporin C deacetylase
8163	substrate	7-aminocephalosporanic acid	7-aminocephalosporanic acid
8164	enzyme	cinnamoyl esterase	cinnamoyl esterase
8165	enzyme	isomerase	isomerase
8166	substrate	procyanidin dimers	procyanidin dimers
8167	substrate	flavonol glycosides	flavonol glycosides
8168	substrate	piceid	piceid
8169	substrate	caftaric ester	caftaric ester
8170	microbiome	Saccharomyces cervacea	Saccharomyces cervacea
8171	enzyme	tyrosine decarboxylase	tyrosine decarboxylase
8172	enzyme	lysine cyclodeaminase	lysine cyclodeaminase
8173	substrate	d-ribose-5-phosphate	d-ribose-5-phosphate
8174	enzyme	SpCrtI	SpCrtI
8175	enzyme	glucuronan lyase	glucuronan lyase
8176	substrate	cellouronate	cellouronate
8177	substrate	prepeptide fusion glargine	prepeptide fusion glargine
8178	microbiome	Pycnoporus cinnabarinus	Pycnoporus cinnabarinus
8179	microbiome	Coriolopsis rigida	Coriolopsis rigida
8180	microbiome	Trametes villosa	Trametes villosa
8181	enzyme	groEL	groEL
8182	enzyme	htpG	htpG
8183	enzyme	ibpB	ibpB
8184	enzyme	rpoH	rpoH
8185	enzyme	arcA	arcA
8186	enzyme	mlc	mlc
8187	enzyme	crp	crp
8188	enzyme	cra	cra
8189	enzyme	fadR	fadR
8190	enzyme	cydB	cydB
8191	enzyme	cyoA	cyoA
8192	enzyme	acs	acs
8193	enzyme	fnr	fnr
8194	enzyme	pflA	pflA
8195	enzyme	ldhA	ldhA
8196	enzyme	adhE	adhE
8197	enzyme	acetolactate-synthase	acetolactate-synthase
8198	enzyme	α-ketoisovalerate decarboxylase	α-ketoisovalerate decarboxylase
8199	microbiome	Fragaria vesca	Fragaria vesca
8200	enzyme	PsCrtZ	PsCrtZ
8201	enzyme	NAD(P)H regeneration enzymes	NAD(P)H regeneration enzymes
8202	enzyme	pentose phosphate pathway enzymes	pentose phosphate pathway enzymes
8203	enzyme	fumarase D	fumarase D
8204	substrate	mesaconate	mesaconate
8205	enzyme	EGI	EGI
8206	enzyme	hydroxybutyryl-CoA dehydrogenase	hydroxybutyryl-CoA dehydrogenase
8207	enzyme	crotonase	crotonase
8208	enzyme	diol dehydratase	diol dehydratase
8209	enzyme	diol dehydratase reactivase	diol dehydratase reactivase
8210	microbiome	Citrobacter diversus	Citrobacter diversus
8211	enzyme	caseinolytic enzyme	caseinolytic enzyme
8212	enzyme	rhChymase	rhChymase
8213	substrate	suc-AAPF-pNA	suc-AAPF-pNA
8214	substrate	suc-AAPF-SBzl	suc-AAPF-SBzl
8215	substrate	African locust bean proteins	African locust bean proteins
8216	microbiome	Streptomyces gardneri	Streptomyces gardneri
8217	enzyme	ACV-synthetase	ACV-synthetase
8218	microbiome	Pseudomonas sp. M18GQ	Pseudomonas sp. M18GQ
8219	enzyme	phenazine-1-carboxylic acid (PCA)	phenazine-1-carboxylic acid (PCA)
8220	substrate	lichenin	lichenin
8221	enzyme	ALG9	ALG9
8222	enzyme	UBC6	UBC6
8223	substrate	sulfur dioxide	sulfur dioxide
8224	microbiome	Bacillus sp. UFPEDA 485	Bacillus sp. UFPEDA 485
8225	microbiome	Pseudomonas elodea	Pseudomonas elodea
8226	enzyme	Anig-Bgl101	Anig-Bgl101
8227	enzyme	dihydroxyacetonekinase	dihydroxyacetonekinase
8228	microbiome	Saccharomyces jurei	Saccharomyces jurei
8229	enzyme	CYP3A4	CYP3A4
8230	substrate	colchicine	colchicine
8231	substrate	catechin	catechin
8232	enzyme	RhtB	RhtB
8233	enzyme	RhtC	RhtC
8234	enzyme	GH family 6 cellobiohydrolase	GH family 6 cellobiohydrolase
8235	enzyme	GH family 7 cellobiohydrolase	GH family 7 cellobiohydrolase
8236	enzyme	GH family 3 beta-glucosidase	GH family 3 beta-glucosidase
8237	enzyme	GH family 7 endoglucanase I	GH family 7 endoglucanase I
8238	substrate	D-cellobiose	D-cellobiose
8239	substrate	D-ribose	D-ribose
8240	enzyme	carboxylase	carboxylase
8241	microbiome	Bacillus subtilis RB14-CS	Bacillus subtilis RB14-CS
8242	enzyme	bacillopeptidase	bacillopeptidase
8243	enzyme	metalloprotease	metalloprotease
8244	enzyme	serine protease	serine protease
8245	substrate	3-methyl-1-butanol	3-methyl-1-butanol
8246	substrate	2-methyl-1-butanol	2-methyl-1-butanol
8247	microbiome	Bacillus pumilus SV-85S	Bacillus pumilus SV-85S
8248	substrate	birch-wood xylan	birch-wood xylan
8249	enzyme	exoglucanase CBH I	exoglucanase CBH I
8250	enzyme	exoglucanase CBH II	exoglucanase CBH II
8251	enzyme	endoglucanase EG VI	endoglucanase EG VI
8252	enzyme	xylanase Xyn I	xylanase Xyn I
8253	enzyme	xylanase Xyn II	xylanase Xyn II
8254	enzyme	xylanase Xyn III	xylanase Xyn III
8255	enzyme	cellulose induced protein Cip1	cellulose induced protein Cip1
8256	enzyme	endoglucanase EG III	endoglucanase EG III
8257	substrate	acetyl side groups	acetyl side groups
8258	enzyme	CYP81E12	CYP81E12
8259	enzyme	pyruvate formatelyase	pyruvate formatelyase
8260	enzyme	small conductance mechanosensitive channel MscS	small conductance mechanosensitive channel MscS
8261	enzyme	poly(glutamic acid)	poly(glutamic acid)
8262	enzyme	ester	ester
8263	substrate	ethyldecanoate	ethyldecanoate
8264	substrate	ethylhexanoate	ethylhexanoate
8265	substrate	ethyloctanoate	ethyloctanoate
8266	substrate	citronellylpropionate	citronellylpropionate
8267	substrate	hexylacetate	hexylacetate
8268	substrate	isoamylacetate	isoamylacetate
8269	substrate	ethylacetate	ethylacetate
8270	enzyme	L-Aspartate-α-decarboxylase	L-Aspartate-α-decarboxylase
8271	enzyme	thioredoxin 3	thioredoxin 3
8272	enzyme	porin	porin
8273	microbiome	Streptomyces kathirae	Streptomyces kathirae
8274	enzyme	Hyal-1	Hyal-1
8275	enzyme	beta-glucanase	beta-glucanase
8276	substrate	beta-glucan	beta-glucan
8277	microbiome	Fusarium sp.	Fusarium sp.
8278	substrate	mango powder	mango powder
8279	enzyme	ACE II	ACE II
8280	substrate	hemicellulase	hemicellulase
8281	microbiome	Pseudomonas PT-8	Pseudomonas PT-8
8282	enzyme	Se-EPS	Se-EPS
8283	enzyme	4-hydroxybutyrate dehydrogenase	4-hydroxybutyrate dehydrogenase
8284	enzyme	propionyl-CoA transferase	propionyl-CoA transferase
8285	enzyme	propionate permease	propionate permease
8286	enzyme	acetolactate synthase 2 catalytic subunit	acetolactate synthase 2 catalytic subunit
8287	enzyme	RNA polymerase β subunit	RNA polymerase β subunit
8288	substrate	benzylpenicillin	benzylpenicillin
8289	enzyme	CTec2	CTec2
8290	enzyme	HTec2	HTec2
8291	enzyme	Pectinex Ultra-SP	Pectinex Ultra-SP
8292	substrate	adenosine nucleotides	adenosine nucleotides
8293	enzyme	(2R,3R)-2,3-butanediol dehydrogenase	(2R,3R)-2,3-butanediol dehydrogenase
8294	substrate	(2R,3R)-2,3-butanediol	(2R,3R)-2,3-butanediol
8295	substrate	(3R/3S)-acetoin	(3R/3S)-acetoin
8296	substrate	DMP	DMP
8297	enzyme	vanA	vanA
8298	substrate	vancomycin	vancomycin
8299	microbiome	Paenibacillus campinasensis	Paenibacillus campinasensis
8300	enzyme	β-CGTase	β-CGTase
8301	microbiome	yeast cells	yeast cells
8302	substrate	3-Cyanopyridine	3-Cyanopyridine
8303	substrate	0-(L-c~-Aminoadipyl)-L-cysteinyl-D-valine	0-(L-c~-Aminoadipyl)-L-cysteinyl-D-valine
8304	enzyme	GST-GFP	GST-GFP
8305	enzyme	5-hydroxyvaleryl-CoA transferase	5-hydroxyvaleryl-CoA transferase
8306	enzyme	5-HV-CoA dehydrogenase	5-HV-CoA dehydrogenase
8307	enzyme	5-hydroxypentanal dehydrogenase	5-hydroxypentanal dehydrogenase
8308	enzyme	lysine monooxidase	lysine monooxidase
8309	enzyme	5-aminovalamidase	5-aminovalamidase
8310	enzyme	semialdehyde dehydrogenase	semialdehyde dehydrogenase
8311	enzyme	aspartate-semialdehyde dehydrogenase	aspartate-semialdehyde dehydrogenase
8312	enzyme	diaminopimelate dehydrogenase	diaminopimelate dehydrogenase
8313	substrate	5-hydroxyvalerate	5-hydroxyvalerate
8314	substrate	5-hydroxyvaleryl-CoA	5-hydroxyvaleryl-CoA
8315	substrate	5-hydroxypentanal	5-hydroxypentanal
8316	substrate	5-aminovalerate	5-aminovalerate
8317	substrate	glutarate semialdehyde	glutarate semialdehyde
8318	substrate	aspartate-semialdehyde	aspartate-semialdehyde
8319	substrate	dihydrodipicolinate	dihydrodipicolinate
8320	substrate	diaminopimelate	diaminopimelate
8321	enzyme	type III polyketide synthase	type III polyketide synthase
8322	enzyme	3-hydroxyl-3-methylglutaryl-CoA reductase isoenzyme 1	3-hydroxyl-3-methylglutaryl-CoA reductase isoenzyme 1
8323	microbiome	Saccharomyces cerevisiae | BTS1-ERG20	Saccharomyces cerevisiae | BTS1-ERG20
8324	microbiome	Streptomyces glaucescens	Streptomyces glaucescens
8325	enzyme	2,3,5,6-tetramethylpyrazine	2,3,5,6-tetramethylpyrazine
8326	substrate	ADP-glucose	ADP-glucose
8327	enzyme	GPI	GPI
8328	enzyme	PEP-2	PEP-2
8329	enzyme	ADK	ADK
8330	enzyme	PGD	PGD
8331	enzyme	IDH	IDH
8332	enzyme	ACO	ACO
8333	enzyme	G6P	G6P
8334	enzyme	EPS A	EPS A
8335	enzyme	EPS B	EPS B
8336	enzyme	L-threonine	L-threonine
8337	enzyme	SodB	SodB
8338	enzyme	KatE	KatE
8339	enzyme	IGP synthase	IGP synthase
8340	enzyme	HIS7	HIS7
8341	substrate	PRFAR	PRFAR
8342	enzyme	lignocellulolytic enzymes	lignocellulolytic enzymes
8343	enzyme	NADPH-dependent acetoacetyl-CoA reductase	NADPH-dependent acetoacetyl-CoA reductase
8344	enzyme	742SPase	742SPase
8345	enzyme	naphtol-AS-BI phosphohydrolase	naphtol-AS-BI phosphohydrolase
8346	enzyme	esterase C4	esterase C4
8347	substrate	lupanine	lupanine
8348	enzyme	VP1GFP	VP1GFP
8349	enzyme	GFPCAT	GFPCAT
8350	substrate	chloramphenicol	chloramphenicol
8351	enzyme	TrCel7B	TrCel7B
8352	substrate	para-nitrophenyl β-D-lactopyranoside	para-nitrophenyl β-D-lactopyranoside
8353	substrate	regenerated amorphous cellulose	regenerated amorphous cellulose
8354	substrate	bacterial microcrystalline cellulose	bacterial microcrystalline cellulose
8355	substrate	azurine-cross-linked hydroxyethylcellulose	azurine-cross-linked hydroxyethylcellulose
8356	enzyme	10-hydroxy-8(E)-octadecenoic acid	10-hydroxy-8(E)-octadecenoic acid
8357	substrate	grape must	grape must
8358	substrate	sporamin	sporamin
8359	enzyme	CarCby	CarCby
8360	substrate	carbaryl	carbaryl
8361	enzyme	BpGH16A	BpGH16A
8362	microbiome	Rhodotorula acheniorum MC	Rhodotorula acheniorum MC
8363	microbiome	Saccharomycopsis Wbuligera A11	Saccharomycopsis Wbuligera A11
8364	microbiome	Saccharomycopsis Wbuligera sdu	Saccharomycopsis Wbuligera sdu
8365	enzyme	SeAGT1	SeAGT1
8366	enzyme	MTT1	MTT1
8367	substrate	methyl -d-xylopyranoside	methyl -d-xylopyranoside
8368	substrate	methyl 2,3,4-tri-O-acetyl- -d-xylopyranoside	methyl 2,3,4-tri-O-acetyl- -d-xylopyranoside
8369	enzyme	CoA dependent aldehyde dehydrogenase MhpF	CoA dependent aldehyde dehydrogenase MhpF
8370	enzyme	alcohol dehydrogenase FucO	alcohol dehydrogenase FucO
8371	enzyme	alcohol dehydrogenase YqhD	alcohol dehydrogenase YqhD
8372	enzyme	acetyl CoA C acetyltransferase AtoB	acetyl CoA C acetyltransferase AtoB
8373	substrate	3 hydroxybutyryl CoA	3 hydroxybutyryl CoA
8374	substrate	xylulose-5-phosphate	xylulose-5-phosphate
8375	enzyme	Ldh	Ldh
8376	enzyme	AddA	AddA
8377	enzyme	Ack	Ack
8378	enzyme	MIOX oxygenase	MIOX oxygenase
8379	enzyme	elastase	elastase
8380	enzyme	GDPmannose dehydrogenase	GDPmannose dehydrogenase
8381	enzyme	L-asparaginase II	L-asparaginase II
8382	enzyme	histidine permease	histidine permease
8383	substrate	turanose	turanose
8384	substrate	pantothenic acid	pantothenic acid
8385	enzyme	YfiD	YfiD
8386	microbiome	Cyberlindnera fabianii	Cyberlindnera fabianii
8387	substrate	n-butyl alcohol	n-butyl alcohol
8388	microbiome	Shewanella algae	Shewanella algae
8389	enzyme	SaADC	SaADC
8390	substrate	l-arginine	l-arginine
8391	enzyme	Clp R domain-containing protein	Clp R domain-containing protein
8392	substrate	fructose-bisphosphate	fructose-bisphosphate
8393	substrate	triose phosphate	triose phosphate
8394	substrate	alcohol	alcohol
8395	enzyme	β-carotene synthetic pathway enzymes	β-carotene synthetic pathway enzymes
8396	enzyme	MEP pathway enzymes	MEP pathway enzymes
8397	enzyme	CaMCR	CaMCR
8398	substrate	phloroglucinol	phloroglucinol
8399	enzyme	RF kinase	RF kinase
8400	enzyme	FMN adenylyl transferase	FMN adenylyl transferase
8401	substrate	FMN	FMN
8402	substrate	GlcMan7GlcNAc2	GlcMan7GlcNAc2
8403	substrate	ManPGlcMan7GlcNAc2	ManPGlcMan7GlcNAc2
8404	enzyme	(-)-α-bisabolol synthase	(-)-α-bisabolol synthase
8405	microbiome	Ophiocordyceps xuefengensis	Ophiocordyceps xuefengensis
8406	microbiome	Cordyceps cicadae	Cordyceps cicadae
8407	microbiome	Cordyceps pruinosa	Cordyceps pruinosa
8408	enzyme	α-arabinofuranosidase I	α-arabinofuranosidase I
8409	enzyme	CEL74A	CEL74A
8410	enzyme	SWOI	SWOI
8411	enzyme	CIPI	CIPI
8412	enzyme	MANI	MANI
8413	enzyme	XYNIII	XYNIII
8414	enzyme	XYNVI	XYNVI
8415	substrate	corn fiber	corn fiber
8416	enzyme	Diacylglycerol acyltransferase	Diacylglycerol acyltransferase
8417	enzyme	BnaDGAT1	BnaDGAT1
8418	enzyme	NT::BnaDGAT1	NT::BnaDGAT1
8419	substrate	sn-1,2-diacylglycerol	sn-1,2-diacylglycerol
8420	substrate	sn-1,2-diolein	sn-1,2-diolein
8421	substrate	lignocellulosic fiber	lignocellulosic fiber
8422	enzyme	N-glycosylation machinery	N-glycosylation machinery
8423	enzyme	glutathione export ABC protein	glutathione export ABC protein
8424	enzyme	Adp1	Adp1
8425	enzyme	heat-labile enterotoxin	heat-labile enterotoxin
8426	enzyme	rcsF	rcsF
8427	substrate	intracellular macromolecules	intracellular macromolecules
8428	microbiome	Thermobifida halotolerans	Thermobifida halotolerans
8429	enzyme	Thxyn11A	Thxyn11A
8430	substrate	beech wood xylan	beech wood xylan
8431	microbiome	Clostridium novyi	Clostridium novyi
8432	enzyme	alpha toxin	alpha toxin
8433	microbiome	Serratia Sp. KH-95	Serratia Sp. KH-95
8434	enzyme	prodigiosin-like pigment	prodigiosin-like pigment
8435	microbiome	B. amyloliquefaciens	B. amyloliquefaciens
8436	enzyme	barley a-amylase	barley a-amylase
8437	substrate	dyestarch	dyestarch
8438	substrate	ET-G7PNP	ET-G7PNP
8439	substrate	6-deoxyerythronolide B	6-deoxyerythronolide B
8440	microbiome	Streptomyces rimosus	Streptomyces rimosus
8441	enzyme	oxytetracycline	oxytetracycline
8442	enzyme	RHOIII	RHOIII
8443	microbiome	Trichoderma reesei Vib-1	Trichoderma reesei Vib-1
8444	substrate	MGD	MGD
8445	microbiome	Lactobacillus plantarum 299v	Lactobacillus plantarum 299v
8446	enzyme	CitA	CitA
8447	enzyme	ArcA	ArcA
8448	enzyme	Fnr	Fnr
8449	enzyme	kynurenine aminotransferase	kynurenine aminotransferase
8450	substrate	kynurenine	kynurenine
8451	substrate	3-hydroxykynurenine	3-hydroxykynurenine
8452	enzyme	penicillin-binding protein 5	penicillin-binding protein 5
8453	substrate	diacetyl-L-Lys-D-Ala-D-Ala	diacetyl-L-Lys-D-Ala-D-Ala
8454	substrate	acetylated glucuronoxylan	acetylated glucuronoxylan
8455	substrate	deacetylated glucuronoxylan	deacetylated glucuronoxylan
8456	substrate	unsubstituted xylan	unsubstituted xylan
8457	enzyme	hyaluronan lyase	hyaluronan lyase
8458	substrate	hyaluronan	hyaluronan
8459	enzyme	signal peptidase	signal peptidase
8460	enzyme	degP	degP
8461	enzyme	prc	prc
8462	enzyme	tsp	tsp
8463	substrate	human growth hormone	human growth hormone
8464	enzyme	C-22 sterol desaturase	C-22 sterol desaturase
8465	enzyme	farnesyl-diphosphate farnesyl transferase	farnesyl-diphosphate farnesyl transferase
8466	enzyme	3-hydroxy-3-methylglutaryl-CoA synthase	3-hydroxy-3-methylglutaryl-CoA synthase
8467	enzyme	lanosterol 14-alpha-demethylase	lanosterol 14-alpha-demethylase
8468	enzyme	Bsafs	Bsafs
8469	substrate	ginsenoside Rc	ginsenoside Rc
8470	substrate	pNP-α-L-arabinofuranoside	pNP-α-L-arabinofuranoside
8471	enzyme	hydrolases	hydrolases
8472	enzyme	BamHI	BamHI
8473	substrate	λ DNA	λ DNA
8474	microbiome	Bacillus sp. CFR 256	Bacillus sp. CFR 256
8475	substrate	corn starch hydrolysate	corn starch hydrolysate
8476	enzyme	HinfI	HinfI
8477	enzyme	acetyl-CoA reductase	acetyl-CoA reductase
8478	enzyme	2,3-sialyltransferase	2,3-sialyltransferase
8479	enzyme	ARSdR	ARSdR
8480	enzyme	dhaKLM	dhaKLM
8481	enzyme	gldA	gldA
8482	enzyme	glpK	glpK
8483	enzyme	arabinosidase	arabinosidase
8484	microbiome	Streptococcus sp. ID9102	Streptococcus sp. ID9102
8485	microbiome	Bacillus sp. DR90	Bacillus sp. DR90
8486	substrate	soluble potato starch	soluble potato starch
8487	enzyme	isomaltase	isomaltase
8488	enzyme	coenzyme-A-dependent aldehyde dehydrogenase	coenzyme-A-dependent aldehyde dehydrogenase
8489	enzyme	3-ethoxy-1-propanol	3-ethoxy-1-propanol
8490	enzyme	Ach1p	Ach1p
8491	enzyme	CoaT	CoaT
8492	microbiome	Bacillus methylotrophicus DCS1	Bacillus methylotrophicus DCS1
8493	enzyme	bacillomycin D	bacillomycin D
8494	enzyme	fengycin A	fengycin A
8495	enzyme	fengycin B	fengycin B
8496	enzyme	pumilacidin	pumilacidin
8497	enzyme	iturin A/mycosubtilin	iturin A/mycosubtilin
8498	enzyme	iturin C1	iturin C1
8499	microbiome	Escherichia coli | IH4	Escherichia coli | IH4
8500	substrate	BMCC	BMCC
8501	enzyme	bFGF	bFGF
8502	enzyme	carboxymethyl-cellulase	carboxymethyl-cellulase
8503	enzyme	Tfu_0875	Tfu_0875
8504	enzyme	Tfu_2399	Tfu_2399
8505	enzyme	Tfu_0067	Tfu_0067
8506	enzyme	Tfu_1647	Tfu_1647
8507	enzyme	Tfu_2576	Tfu_2576
8508	enzyme	Tfu_2577	Tfu_2577
8509	substrate	adipic acid	adipic acid
8510	enzyme	HPD	HPD
8511	enzyme	HPT	HPT
8512	enzyme	VTE1	VTE1
8513	enzyme	GGPPSsa	GGPPSsa
8514	substrate	p-HPP	p-HPP
8515	substrate	HGA	HGA
8516	substrate	MGGBQ	MGGBQ
8517	enzyme	glucuronyltransferase	glucuronyltransferase
8518	substrate	neolactotetraose	neolactotetraose
8519	substrate	glucuronylated oligosaccharides	glucuronylated oligosaccharides
8520	microbiome	WSJ-1	WSJ-1
8521	enzyme	branched-chain a-keto acid dehydrogenase	branched-chain a-keto acid dehydrogenase
8522	microbiome	ThielaVia subthermophila	ThielaVia subthermophila
8523	enzyme	Hyp-1 phenolic coupling protein	Hyp-1 phenolic coupling protein
8524	substrate	emodin	emodin
8525	substrate	hypericin	hypericin
8526	enzyme	Cel7B core	Cel7B core
8527	microbiome	Moniliophthora perniciosa	Moniliophthora perniciosa
8528	microbiome	Sphingomonas sp. CGMCC 6833	Sphingomonas sp. CGMCC 6833
8529	enzyme	dTDP-glucose pyrophosphorylase	dTDP-glucose pyrophosphorylase
8530	substrate	physphopyruvate	physphopyruvate
8531	enzyme	Ald6p	Ald6p
8532	enzyme	b-xylanase	b-xylanase
8533	enzyme	MsE	MsE
8534	enzyme	MsE T163G	MsE T163G
8535	enzyme	BTL2 lipase	BTL2 lipase
8536	microbiome	Malbranchea flava	Malbranchea flava
8537	enzyme	CphA49	CphA49
8538	enzyme	AviPure	AviPure
8539	substrate	immunoglobulin	immunoglobulin
8540	enzyme	urate oxidase	urate oxidase
8541	enzyme	3Ј,5Ј-cyclic nucleotide phosphodiesterase 7A1	3Ј,5Ј-cyclic nucleotide phosphodiesterase 7A1
8542	microbiome	Melanocarpus albomyces	Melanocarpus albomyces
8543	enzyme	steryl esterase	steryl esterase
8544	substrate	cholesteryl oleate	cholesteryl oleate
8545	enzyme	alternative oxidase	alternative oxidase
8546	enzyme	hBD4	hBD4
8547	enzyme	Aro1	Aro1
8548	substrate	p-nitrophenyl-D-cellobioside	p-nitrophenyl-D-cellobioside
8549	substrate	raisin extract	raisin extract
8550	microbiome	Ralstonia eutropha NCIMB 11599	Ralstonia eutropha NCIMB 11599
8551	enzyme	P(3HB) synthase	P(3HB) synthase
8552	microbiome	Escherichia coli JM109	Escherichia coli JM109
8553	substrate	13 C-glucose	13 C-glucose
8554	microbiome	Lactobacilli	Lactobacilli
8555	microbiome	Aeromonas sp. ACY 95	Aeromonas sp. ACY 95
8556	enzyme	penicillin V acylase	penicillin V acylase
8557	microbiome	Escherichia coli JM 109pCCN 176	Escherichia coli JM 109pCCN 176
8558	enzyme	cephalosporin C acylase	cephalosporin C acylase
8559	substrate	penicillin V	penicillin V
8560	enzyme	limonene synthase	limonene synthase
8561	enzyme	HDV antigen	HDV antigen
8562	enzyme	leucine aminopeptidase	leucine aminopeptidase
8563	substrate	L-leucine-p-nitroanilide	L-leucine-p-nitroanilide
8564	substrate	L-Leu-Gly-Gly	L-Leu-Gly-Gly
8565	microbiome	Hafnia alvei	Hafnia alvei
8566	enzyme	1,2-propanediol oxidoreductase	1,2-propanediol oxidoreductase
8567	enzyme	glycolate oxidase	glycolate oxidase
8568	substrate	ethylene glycol	ethylene glycol
8569	substrate	glycolate	glycolate
8570	enzyme	SOL1	SOL1
8571	microbiome	Saccharomyces cerevisiae | SOL2	Saccharomyces cerevisiae | SOL2
8572	enzyme	RPI	RPI
8573	substrate	glucono-1,5-lactone-6-phosphate	glucono-1,5-lactone-6-phosphate
8574	enzyme	longifolene synthase	longifolene synthase
8575	enzyme	pyrophosphomevalonate kinase	pyrophosphomevalonate kinase
8576	enzyme	mevalonate pyrophosphate decarboxylase	mevalonate pyrophosphate decarboxylase
8577	enzyme	l-Lactate dehydrogenase	l-Lactate dehydrogenase
8578	enzyme	l-lactate cytochrome-c oxidoreductase	l-lactate cytochrome-c oxidoreductase
8579	enzyme	Flo11	Flo11
8580	substrate	phenylethyl alcohol	phenylethyl alcohol
8581	enzyme	ADH4	ADH4
8582	enzyme	GH43	GH43
8583	substrate	rye arabinoxylan	rye arabinoxylan
8584	enzyme	Mdf1p	Mdf1p
8585	enzyme	Fpg1p	Fpg1p
8586	substrate	mannoprotein	mannoprotein
8587	enzyme	phosphoenol pyruvate carboxylase	phosphoenol pyruvate carboxylase
8588	enzyme	glyoxylate pathway enzyme	glyoxylate pathway enzyme
8589	enzyme	bifunctional phosphoketolase	bifunctional phosphoketolase
8590	enzyme	cellodextrin transporter	cellodextrin transporter
8591	enzyme	maltose phosphorylase	maltose phosphorylase
8592	substrate	ochratoxin A	ochratoxin A
8593	enzyme	human growth hormone	human growth hormone
8594	microbiome	Rhizobium meliloti	Rhizobium meliloti
8595	substrate	p-nitrophenyl b-D-galactopyranoside	p-nitrophenyl b-D-galactopyranoside
8596	substrate	o-nitrophenyl b-D-galactopyranoside	o-nitrophenyl b-D-galactopyranoside
8597	enzyme	d-tagaturonate reductase	d-tagaturonate reductase
8598	enzyme	d-galacturonate isomerase	d-galacturonate isomerase
8599	substrate	d-tagaturonate	d-tagaturonate
8600	substrate	d-galacturonate	d-galacturonate
8601	microbiome	Acinetobacter sp. AP24	Acinetobacter sp. AP24
8602	enzyme	tomatinase	tomatinase
8603	substrate	a-tomatine	a-tomatine
8604	enzyme	rhPDGF-BB	rhPDGF-BB
8605	substrate	Larchwood xylan	Larchwood xylan
8606	substrate	wheat arabinoxylan	wheat arabinoxylan
8607	enzyme	NADP-GAPDH	NADP-GAPDH
8608	enzyme	methionine S-methyltransferase	methionine S-methyltransferase
8609	enzyme	homocysteine S-methyltransferase	homocysteine S-methyltransferase
8610	enzyme	S-methyl-methionine permease	S-methyl-methionine permease
8611	substrate	S-methyl-methionine	S-methyl-methionine
8612	microbiome	Pichia pastoris | NZ2114	Pichia pastoris | NZ2114
8613	enzyme	NZ2114	NZ2114
8614	microbiome	Cryptococcus flavus	Cryptococcus flavus
8615	enzyme	aspartokinase/homoserine dehydrogenase	aspartokinase/homoserine dehydrogenase
8616	substrate	microcrystalline cellulose (MCC)	microcrystalline cellulose (MCC)
8617	enzyme	FZF1	FZF1
8618	enzyme	FPPS-ECS	FPPS-ECS
8619	enzyme	Aae DNA polymerase	Aae DNA polymerase
8620	enzyme	UGT708D1	UGT708D1
8621	enzyme	GtUF6CGT1	GtUF6CGT1
8622	substrate	chrysin	chrysin
8623	enzyme	Leghemoglobin	Leghemoglobin
8624	enzyme	G2P	G2P
8625	enzyme	G10P	G10P
8626	enzyme	G5P	G5P
8627	substrate	ssDNA	ssDNA
8628	microbiome	Thermoanaerobacter mathranii	Thermoanaerobacter mathranii
8629	enzyme	phenol oxidase	phenol oxidase
8630	substrate	Japanese cedar	Japanese cedar
8631	substrate	phytate-phosphate	phytate-phosphate
8632	substrate	methylmalonyl-CoA	methylmalonyl-CoA
8633	microbiome	Lactobacillus helveticus CNRZ32	Lactobacillus helveticus CNRZ32
8634	enzyme	hilA	hilA
8635	enzyme	ssrB	ssrB
8636	enzyme	flhD	flhD
8637	enzyme	fliC	fliC
8638	enzyme	ssaG	ssaG
8639	enzyme	prgI	prgI
8640	microbiome	Bifidobacterium longum BL-15955	Bifidobacterium longum BL-15955
8641	enzyme	fanC	fanC
8642	enzyme	estA	estA
8643	enzyme	fim41a	fim41a
8644	microbiome	Limosilactobacillus reuteri LR-33016	Limosilactobacillus reuteri LR-33016
8645	enzyme	cpa	cpa
8646	substrate	amphotericin B	amphotericin B
8647	enzyme	AcStuA	AcStuA
8648	enzyme	GST-AcStuAbd	GST-AcStuAbd
8649	substrate	cephalosporin	cephalosporin
8650	substrate	CPY	CPY
8651	enzyme	gluconic acid	gluconic acid
8652	substrate	tricalcium phosphate	tricalcium phosphate
8653	microbiome	Lactococcus lactis | Lo18	Lactococcus lactis | Lo18
8654	enzyme	deoxyribonuclease	deoxyribonuclease
8655	microbiome	Pseudomonas sp. strain ST-200	Pseudomonas sp. strain ST-200
8656	enzyme	dioxygenase	dioxygenase
8657	microbiome	Rhizopus	Rhizopus
8658	enzyme	CTec2 cellulase	CTec2 cellulase
8659	enzyme	cembratriene-ol synthase	cembratriene-ol synthase
8660	enzyme	1-deoxy-d-xylulose 5-phosphate synthase	1-deoxy-d-xylulose 5-phosphate synthase
8661	enzyme	isopentenyl diphosphate isomerase	isopentenyl diphosphate isomerase
8662	substrate	cembratriene-ol	cembratriene-ol
8663	substrate	1-deoxy-d-xylulose 5-phosphate	1-deoxy-d-xylulose 5-phosphate
8664	substrate	passion fruit peel	passion fruit peel
8665	enzyme	hyperthermophilic esterase	hyperthermophilic esterase
8666	microbiome	Spinacia oleracea	Spinacia oleracea
8667	enzyme	glucose-1-phosphatase	glucose-1-phosphatase
8668	enzyme	microcystinase A	microcystinase A
8669	substrate	microcystins	microcystins
8670	enzyme	hydantoin racemase	hydantoin racemase
8671	substrate	D,L-5-monosubstituted hydantoins	D,L-5-monosubstituted hydantoins
8672	enzyme	6-phosphogluconate dehydratase	6-phosphogluconate dehydratase
8673	enzyme	2-dehydro-3-deoxy-phosphogluconate aldolase	2-dehydro-3-deoxy-phosphogluconate aldolase
8674	substrate	2-dehydro-3-deoxy-phosphogluconate	2-dehydro-3-deoxy-phosphogluconate
8675	enzyme	Cit1	Cit1
8676	enzyme	integral membrane permease IICB Glc	integral membrane permease IICB Glc
8677	enzyme	FPS1	FPS1
8678	enzyme	STL1	STL1
8679	enzyme	PET hydrolases	PET hydrolases
8680	substrate	polyethylene terephthalate	polyethylene terephthalate
8681	substrate	polystyrene	polystyrene
8682	substrate	low density poly ethylene	low density poly ethylene
8683	substrate	high density poly ethylene	high density poly ethylene
8684	microbiome	Hyphomicrobium methylovorum	Hyphomicrobium methylovorum
8685	enzyme	hydroxymethyltransferase	hydroxymethyltransferase
8686	enzyme	phosphoserine phosphatase	phosphoserine phosphatase
8687	enzyme	phosphoserine aminotransferase	phosphoserine aminotransferase
8688	substrate	polymeric mannose	polymeric mannose
8689	substrate	polymeric glucose	polymeric glucose
8690	enzyme	glucosamine-6-phosphate deaminase	glucosamine-6-phosphate deaminase
8691	substrate	glucosamine 6-P	glucosamine 6-P
8692	substrate	fructose 6-P	fructose 6-P
8693	enzyme	Serratial nuclease	Serratial nuclease
8694	enzyme	Staphylococcal nuclease	Staphylococcal nuclease
8695	enzyme	LKA1 α-amylase	LKA1 α-amylase
8696	enzyme	H-ATPase	H-ATPase
8697	microbiome	Kodamea ohmeri	Kodamea ohmeri
8698	substrate	glycoside forms of phenolic compounds	glycoside forms of phenolic compounds
8699	enzyme	Aae pyrophosphatase	Aae pyrophosphatase
8700	enzyme	Hydrogenase 2	Hydrogenase 2
8701	microbiome	Saccharomyces cerevisiaea	Saccharomyces cerevisiaea
8702	enzyme	Man37△1-25	Man37△1-25
8703	substrate	guar gum	guar gum
8704	enzyme	Hsf1p	Hsf1p
8705	enzyme	superoxidase dismutase	superoxidase dismutase
8706	substrate	turmeric	turmeric
8707	microbiome	G. xylinum	G. xylinum
8708	enzyme	CYP505D13	CYP505D13
8709	enzyme	hydrolase	hydrolase
8710	substrate	fenhexamid	fenhexamid
8711	substrate	isobutyric acid	isobutyric acid
8712	substrate	isovaleric acid	isovaleric acid
8713	substrate	cellulose Avicel	cellulose Avicel
8714	enzyme	GLG2	GLG2
8715	enzyme	CAR1	CAR1
8716	microbiome	Saccharomyces cerevisiae | DAL4	Saccharomyces cerevisiae | DAL4
8717	enzyme	RPL	RPL
8718	enzyme	RPS	RPS
8719	enzyme	LYS	LYS
8720	enzyme	ARO	ARO
8721	enzyme	GEX1	GEX1
8722	enzyme	TIR1	TIR1
8723	enzyme	TIR2	TIR2
8724	enzyme	VBA3	VBA3
8725	microbiome	Saccharomyces cerevisiae | VBA5	Saccharomyces cerevisiae | VBA5
8726	enzyme	ARN1	ARN1
8727	enzyme	CTR1	CTR1
8728	enzyme	CTR3	CTR3
8729	enzyme	FRE1	FRE1
8730	enzyme	FRE4	FRE4
8731	enzyme	LSO1	LSO1
8732	enzyme	TIS11	TIS11
8733	enzyme	GEX2	GEX2
8734	enzyme	AQY1	AQY1
8735	enzyme	FIT3	FIT3
8736	enzyme	LEU1	LEU1
8737	enzyme	LYS4	LYS4
8738	enzyme	FES1	FES1
8739	enzyme	CUR1	CUR1
8740	enzyme	PDC6	PDC6
8741	enzyme	ARG3	ARG3
8742	enzyme	HOM3	HOM3
8743	enzyme	ASC1	ASC1
8744	enzyme	RPS2	RPS2
8745	enzyme	RPS5	RPS5
8746	enzyme	RPS12	RPS12
8747	enzyme	RPS20	RPS20
8748	enzyme	CAR2	CAR2
8749	enzyme	DUR80	DUR80
8750	enzyme	OPT1	OPT1
8751	substrate	f-D-glucopyranuronides	f-D-glucopyranuronides
8752	enzyme	SNAT	SNAT
8753	microbiome	Fusobacterium nucleatum	Fusobacterium nucleatum
8754	enzyme	enzymes of the lysine fermentation pathway	enzymes of the lysine fermentation pathway
8755	enzyme	enzymes of the glutamate fermentative pathway	enzymes of the glutamate fermentative pathway
8756	enzyme	isopenicillin N synthase	isopenicillin N synthase
8757	enzyme	desacetoxycephalosporin C synthase	desacetoxycephalosporin C synthase
8758	substrate	penicillin N	penicillin N
8759	microbiome	Marinomonas MWYL1	Marinomonas MWYL1
8760	substrate	oNPGlc	oNPGlc
8761	enzyme	D-ldh	D-ldh
8762	microbiome	Taiwanofungus camphoratus	Taiwanofungus camphoratus
8763	enzyme	CaM	CaM
8764	enzyme	HSP90	HSP90
8765	enzyme	AbaA	AbaA
8766	enzyme	acyl-CoA oxidase	acyl-CoA oxidase
8767	enzyme	carnitine O-octanoyltransferase	carnitine O-octanoyltransferase
8768	substrate	long chain acyl-CoAs	long chain acyl-CoAs
8769	substrate	medium chain acyl-CoAs	medium chain acyl-CoAs
8770	microbiome	Massilia sp. UMI-21	Massilia sp. UMI-21
8771	substrate	PHB	PHB
8772	microbiome	Tolypocladium inflatum	Tolypocladium inflatum
8773	microbiome	Pseudomonas aeruginosa NCIM 5514	Pseudomonas aeruginosa NCIM 5514
8774	enzyme	SPT3	SPT3
8775	enzyme	SPT15	SPT15
8776	enzyme	spt15	spt15
8777	enzyme	NAD(P)+ transhydrogenase	NAD(P)+ transhydrogenase
8778	enzyme	NAD+ kinase	NAD+ kinase
8779	substrate	oxidized glutathione	oxidized glutathione
8780	enzyme	threonine dehydrogenase	threonine dehydrogenase
8781	enzyme	PmLAAD	PmLAAD
8782	enzyme	CtPDC	CtPDC
8783	enzyme	ScADH6	ScADH6
8784	enzyme	BmGDH	BmGDH
8785	enzyme	phoA	phoA
8786	enzyme	phoE	phoE
8787	enzyme	phoH	phoH
8788	enzyme	phnC	phnC
8789	enzyme	ugpB	ugpB
8790	enzyme	gadA	gadA
8791	enzyme	phoR	phoR
8792	enzyme	phoM	phoM
8793	enzyme	soxR	soxR
8794	enzyme	soxS	soxS
8795	enzyme	rpoD	rpoD
8796	enzyme	zwf	zwf
8797	enzyme	sodA	sodA
8798	enzyme	atpA	atpA
8799	enzyme	ndh	ndh
8800	enzyme	nuoA	nuoA
8801	enzyme	rpoN	rpoN
8802	enzyme	glnA	glnA
8803	enzyme	glnL	glnL
8804	enzyme	glnG	glnG
8805	enzyme	gltB	gltB
8806	enzyme	glnD	glnD
8807	enzyme	glnK	glnK
8808	enzyme	nac	nac
8809	enzyme	glnE	glnE
8810	enzyme	AspC	AspC
8811	enzyme	AspA	AspA
8812	microbiome	Aspergillus niger NRRL3	Aspergillus niger NRRL3
8813	enzyme	β-D-fructofuranosidase	β-D-fructofuranosidase
8814	enzyme	E3 SUMO-protein ligase	E3 SUMO-protein ligase
8815	enzyme	aldehyde reduction enzymes	aldehyde reduction enzymes
8816	enzyme	transcriptional activator	transcriptional activator
8817	enzyme	histone deacetylase Rpd3	histone deacetylase Rpd3
8818	enzyme	chromatin-remodeling factor Isw2	chromatin-remodeling factor Isw2
8819	enzyme	carboxy methyl cellulase	carboxy methyl cellulase
8820	enzyme	enzimas de metabolismo oxidativo	enzimas de metabolismo oxidativo
8821	substrate	glicose	glicose
8822	substrate	4-nitrophenyl ferulate	4-nitrophenyl ferulate
8823	substrate	switchgrass	switchgrass
8824	microbiome	Prevotella intermedia	Prevotella intermedia
8825	microbiome	Actinomyces meyeri	Actinomyces meyeri
8826	substrate	serum proteins	serum proteins
8827	enzyme	glycolaldehyde reductase	glycolaldehyde reductase
8828	enzyme	L-leucine	L-leucine
8829	enzyme	Hsp78p	Hsp78p
8830	enzyme	Ssa1p	Ssa1p
8831	enzyme	Hsp60p	Hsp60p
8832	enzyme	Glk1p	Glk1p
8833	enzyme	Pdc1p	Pdc1p
8834	enzyme	Bmh1p	Bmh1p
8835	enzyme	Bmh2p	Bmh2p
8836	enzyme	Fpr1p	Fpr1p
8837	enzyme	Hsp104p	Hsp104p
8838	enzyme	Hsp26p	Hsp26p
8839	enzyme	Ccp1p	Ccp1p
8840	enzyme	Tkl2p	Tkl2p
8841	enzyme	Ypr1p	Ypr1p
8842	enzyme	Zwf1p	Zwf1p
8843	enzyme	Psa1p	Psa1p
8844	enzyme	Tal1p	Tal1p
8845	enzyme	Hor2p	Hor2p
8846	enzyme	Tps1p	Tps1p
8847	enzyme	Pdb1p	Pdb1p
8848	enzyme	Ald4p	Ald4p
8849	enzyme	Sam2p	Sam2p
8850	enzyme	Arg1p	Arg1p
8851	enzyme	Ilv5p	Ilv5p
8852	enzyme	His7p	His7p
8853	microbiome	Pseudomonas aeruginosa MR01	Pseudomonas aeruginosa MR01
8854	substrate	acid oil	acid oil
8855	substrate	deodorizer distillate	deodorizer distillate
8856	substrate	soapstock	soapstock
8857	enzyme	glucose transporters	glucose transporters
8858	substrate	l-ornithine	l-ornithine
8859	substrate	aurofusarin	aurofusarin
8860	substrate	bikaverin	bikaverin
8861	enzyme	ferredoxin reductase	ferredoxin reductase
8862	substrate	n-octane	n-octane
8863	substrate	1-decene	1-decene
8864	substrate	p-coumarate	p-coumarate
8865	enzyme	dextranase	dextranase
8866	substrate	dextran	dextran
8867	microbiome	Gluconobacter suboxydans	Gluconobacter suboxydans
8868	enzyme	gluconate dehydrogenase	gluconate dehydrogenase
8869	substrate	5-ketogluconate	5-ketogluconate
8870	enzyme	gnd	gnd
8871	enzyme	rhLCOL-I	rhLCOL-I
8872	enzyme	fluorinase	fluorinase
8873	substrate	S-adenosyl-L-methionine	S-adenosyl-L-methionine
8874	microbiome	Lactobacillus casei subsp. rhamnosus	Lactobacillus casei subsp. rhamnosus
8875	enzyme	deacetylation enzyme	deacetylation enzyme
8876	substrate	N-TRP-EE	N-TRP-EE
8877	substrate	N-TYR-EE	N-TYR-EE
8878	enzyme	WcaG	WcaG
8879	enzyme	WbgL	WbgL
8880	enzyme	phospholipase C	phospholipase C
8881	microbiome	Streptomyces sp. FA1	Streptomyces sp. FA1
8882	substrate	β-D-glucose	β-D-glucose
8883	substrate	beet molasses	beet molasses
8884	substrate	ammonium sulphate	ammonium sulphate
8885	substrate	magnesium sulphate	magnesium sulphate
8886	microbiome	Lactobacillus buchneri	Lactobacillus buchneri
8887	enzyme	ester-hydrolase	ester-hydrolase
8888	substrate	sulphite	sulphite
8889	enzyme	T7 RNA polymerase	T7 RNA polymerase
8890	enzyme	SWOI-FAEA	SWOI-FAEA
8891	enzyme	acetyl-CoA C-acetyltransferase	acetyl-CoA C-acetyltransferase
8892	enzyme	pimeloyl-CoA synthetase	pimeloyl-CoA synthetase
8893	enzyme	S-adenosyl-L-methionine synthetase	S-adenosyl-L-methionine synthetase
8894	enzyme	pimeloyl-CoA synthase	pimeloyl-CoA synthase
8895	substrate	pimelic acid	pimelic acid
8896	enzyme	Tps1	Tps1
8897	enzyme	epoxidase	epoxidase
8898	substrate	1,7-octadiene	1,7-octadiene
8899	microbiome	Emericella quadrilineata	Emericella quadrilineata
8900	enzyme	echinocandin B	echinocandin B
8901	enzyme	echinocandin E	echinocandin E
8902	substrate	desferritriacetylfusigen	desferritriacetylfusigen
8903	enzyme	UDP-galactose epimerase	UDP-galactose epimerase
8904	enzyme	exo-1,4-β-glucanase	exo-1,4-β-glucanase
8905	microbiome	Vibrio sp. QY102	Vibrio sp. QY102
8906	enzyme	L-malic acid	L-malic acid
8907	substrate	grape seed tannin	grape seed tannin
8908	substrate	oenological tannin	oenological tannin
8909	enzyme	CYB2	CYB2
8910	microbiome	Saccharomyces cerevisiae | QCR9	Saccharomyces cerevisiae | QCR9
8911	enzyme	TSA1	TSA1
8912	enzyme	serine O-acetyltransferase	serine O-acetyltransferase
8913	enzyme	YfiK	YfiK
8914	enzyme	YdeD	YdeD
8915	substrate	O-acetylserine	O-acetylserine
8916	substrate	melanogenesis	melanogenesis
8917	enzyme	nicotinamide phosphoribosyl transferase	nicotinamide phosphoribosyl transferase
8918	enzyme	phosphoribosyl pyrophosphate synthetase	phosphoribosyl pyrophosphate synthetase
8919	substrate	phosphoribosyl pyrophosphate	phosphoribosyl pyrophosphate
8920	substrate	tubulin	tubulin
8921	enzyme	endoglucanase 1	endoglucanase 1
8922	enzyme	EGIs	EGIs
8923	microbiome	Bacteroides cellulosolvens	Bacteroides cellulosolvens
8924	microbiome	Clostridium saccharolyticum	Clostridium saccharolyticum
8925	microbiome	Geotrichum flavo-brunneum	Geotrichum flavo-brunneum
8926	enzyme	A25822A	A25822A
8927	enzyme	A25822B	A25822B
8928	enzyme	A25822H	A25822H
8929	enzyme	A25822L	A25822L
8930	enzyme	A25822M	A25822M
8931	enzyme	endo-b-glucanase	endo-b-glucanase
8932	microbiome	Piromyces equi	Piromyces equi
8933	enzyme	EstA	EstA
8934	microbiome	Penicillium pinophilum	Penicillium pinophilum
8935	enzyme	monapinone	monapinone
8936	enzyme	dinapinone	dinapinone
8937	substrate	triacylglycerol	triacylglycerol
8938	substrate	cholesteryl ester	cholesteryl ester
8939	enzyme	NADH-dependent mannitol-1-phosphate dehydrogenase	NADH-dependent mannitol-1-phosphate dehydrogenase
8940	enzyme	CryIIIA δ-endotoxin	CryIIIA δ-endotoxin
8941	substrate	lipid bilayer	lipid bilayer
8942	enzyme	4CL	4CL
8943	enzyme	CHS	CHS
8944	enzyme	CHI	CHI
8945	enzyme	binase	binase
8946	substrate	hpRNA	hpRNA
8947	enzyme	cystathionine-g-lyase	cystathionine-g-lyase
8948	enzyme	xylonolactonase	xylonolactonase
8949	substrate	D-xylonate	D-xylonate
8950	microbiome	Streptomyces 9riseus | CR3	Streptomyces 9riseus | CR3
8951	microbiome	Streptomyces 9riseus | CR4	Streptomyces 9riseus | CR4
8952	enzyme	octaprenyl diphosphate synthase	octaprenyl diphosphate synthase
8953	enzyme	undecaprenyl pyrophosphate synthase	undecaprenyl pyrophosphate synthase
8954	enzyme	phosphotransbutyrylase	phosphotransbutyrylase
8955	enzyme	Thi4	Thi4
8956	enzyme	Thi5	Thi5
8957	microbiome	Bacillus cereus FA11	Bacillus cereus FA11
8958	enzyme	PhaRC	PhaRC
8959	substrate	hydrocaffeic acid	hydrocaffeic acid
8960	substrate	phloretic acid	phloretic acid
8961	enzyme	DAHP-synthase	DAHP-synthase
8962	enzyme	bacteriocins	bacteriocins
8963	microbiome	Trametes flavida	Trametes flavida
8964	enzyme	manganês peroxidase	manganês peroxidase
8965	enzyme	lignina peroxidase	lignina peroxidase
8966	substrate	Remazol Brilliant Blue R	Remazol Brilliant Blue R
8967	enzyme	Termamyl 2X	Termamyl 2X
8968	enzyme	amyloglucosidase AMG 300L	amyloglucosidase AMG 300L
8969	microbiome	Mycobacterium neoaurum	Mycobacterium neoaurum
8970	enzyme	KSDD	KSDD
8971	substrate	4-androstene-3,17-dione	4-androstene-3,17-dione
8972	substrate	1,4-androstadiene-3,17-dione	1,4-androstadiene-3,17-dione
8973	enzyme	ethanolamine-phosphate	ethanolamine-phosphate
8974	substrate	diglycosyldiradylglycerol	diglycosyldiradylglycerol
8975	substrate	sodium lactate	sodium lactate
8976	enzyme	hygromycin B phosphotransferase	hygromycin B phosphotransferase
8977	enzyme	2-keto-3-deoxy-L-rhamnonate aldolase	2-keto-3-deoxy-L-rhamnonate aldolase
8978	microbiome	Yarrowia lipolytica SWJ-1b	Yarrowia lipolytica SWJ-1b
8979	substrate	waste cooking oil	waste cooking oil
8980	enzyme	SUMO-HepI	SUMO-HepI
8981	enzyme	AmyZ1	AmyZ1
8982	enzyme	muramidase	muramidase
8983	substrate	MpCA	MpCA
8984	enzyme	irrE	irrE
8985	substrate	5-hydroxymethyl-2-furaldehyde	5-hydroxymethyl-2-furaldehyde
8986	enzyme	Sod3	Sod3
8987	enzyme	Ddr48	Ddr48
8988	enzyme	SOD3	SOD3
8989	enzyme	TRX1	TRX1
8990	enzyme	GCS1	GCS1
8991	enzyme	Cel7a	Cel7a
8992	enzyme	Cel6a	Cel6a
8993	enzyme	Bgl1	Bgl1
8994	enzyme	Bga1	Bga1
8995	enzyme	Xyl1p	Xyl1p
8996	enzyme	Xyl2p	Xyl2p
8997	enzyme	Pfkp	Pfkp
8998	enzyme	Cit1p	Cit1p
8999	enzyme	Idh1p	Idh1p
9000	enzyme	Sdh1p	Sdh1p
9001	enzyme	Atp4p	Atp4p
9002	enzyme	Cytcp	Cytcp
9003	enzyme	Rps6p	Rps6p
9004	enzyme	Ef1p	Ef1p
9005	enzyme	Gus1p	Gus1p
9006	enzyme	Psa3p	Psa3p
9007	enzyme	Hsp70p	Hsp70p
9008	microbiome	Streptomyces antibioticus ETH7451	Streptomyces antibioticus ETH7451
9009	enzyme	nucleases	nucleases
9010	microbiome	Exiguobacterium sp. CFR26M	Exiguobacterium sp. CFR26M
9011	substrate	shrimp biowaste	shrimp biowaste
9012	enzyme	chitin oligosaccharide deacetylase	chitin oligosaccharide deacetylase
9013	microbiome	Acinetobacter sp. Y64	Acinetobacter sp. Y64
9014	substrate	4-nitrocatechol	4-nitrocatechol
9015	substrate	3-methylcatechol	3-methylcatechol
9016	enzyme	histone H3 lysine 9 methyltransferase	histone H3 lysine 9 methyltransferase
9017	substrate	sorbicillinoids	sorbicillinoids
9018	substrate	sugarcane blackstrap molasses	sugarcane blackstrap molasses
9019	enzyme	hFasL	hFasL
9020	microbiome	Dictyostelium discoideum	Dictyostelium discoideum
9021	substrate	Fas receptor	Fas receptor
9022	microbiome	Penicillium sp. F0PC01	Penicillium sp. F0PC01
9023	microbiome	Aspergillus sp. F0Q001	Aspergillus sp. F0Q001
9024	microbiome	Cephalosporium sp. F03800	Cephalosporium sp. F03800
9025	enzyme	rHbI	rHbI
9026	enzyme	anthranilic acid methyltransferase 1	anthranilic acid methyltransferase 1
9027	enzyme	feedback insensitive variant ARO4K229L	feedback insensitive variant ARO4K229L
9028	microbiome	Saccharomyces cerevisiae | feedback insensitive mutant TRP2S76L	Saccharomyces cerevisiae | feedback insensitive mutant TRP2S76L
9029	enzyme	transketolase TKL1	transketolase TKL1
9030	enzyme	Gln synthase GLN1	Gln synthase GLN1
9031	substrate	anthranilate	anthranilate
9032	microbiome	Guehomyces pullulans	Guehomyces pullulans
9033	microbiome	Streptomyces sp. KYI1783	Streptomyces sp. KYI1783
9034	enzyme	lymphostin	lymphostin
9035	substrate	Lck	Lck
9036	enzyme	methylmalonyl-CoA carboxytransferase	methylmalonyl-CoA carboxytransferase
9037	enzyme	L-glutaminase	L-glutaminase
9038	enzyme	isoflavonone synthase	isoflavonone synthase
9039	microbiome	Vibrio	Vibrio
9040	microbiome	Yersinia ruckeri	Yersinia ruckeri
9041	enzyme	ortho-nitro-phenyl-galactosidase	ortho-nitro-phenyl-galactosidase
9042	enzyme	tryptophan 2,3-dioxygenase	tryptophan 2,3-dioxygenase
9043	enzyme	2-demethyl 4-deoxygadusol synthase	2-demethyl 4-deoxygadusol synthase
9044	enzyme	AlkK	AlkK
9045	enzyme	AlkBGTHJ	AlkBGTHJ
9046	substrate	mono-ethyl suberate	mono-ethyl suberate
9047	microbiome	Antrodia cinnamomea	Antrodia cinnamomea
9048	microbiome	Fusarium sp. CPCC 400226	Fusarium sp. CPCC 400226
9049	enzyme	diosgenin	diosgenin
9050	microbiome	Sclerotium rolfsii CBS 191.62	Sclerotium rolfsii CBS 191.62
9051	enzyme	L-histidine HCl monohydrate	L-histidine HCl monohydrate
9052	microbiome	Piromyces sp. E2	Piromyces sp. E2
9053	enzyme	Xylose Reductase	Xylose Reductase
9054	enzyme	Xylitol Dehydrogenase	Xylitol Dehydrogenase
9055	enzyme	PrA	PrA
9056	enzyme	PrB	PrB
9057	enzyme	PrC	PrC
9058	enzyme	Yap3p	Yap3p
9059	substrate	human serum albumin	human serum albumin
9060	enzyme	diol synthase	diol synthase
9061	enzyme	alcohol hydrogenase 1	alcohol hydrogenase 1
9062	enzyme	alcohol hydrogenase 2	alcohol hydrogenase 2
9063	enzyme	PLG-1	PLG-1
9064	substrate	protocatechuate	protocatechuate
9065	enzyme	glucose-6-phosphate-dehydrogenase	glucose-6-phosphate-dehydrogenase
9066	microbiome	Enterococcus avium	Enterococcus avium
9067	substrate	L-monosodium glutamate	L-monosodium glutamate
9068	enzyme	catalase-peroxidase	catalase-peroxidase
9069	microbiome	Anacystis nidulans	Anacystis nidulans
9070	substrate	peroxoacetic acid	peroxoacetic acid
9071	substrate	o-dianisidine	o-dianisidine
9072	substrate	pyrogallol	pyrogallol
9073	substrate	aniline	aniline
9074	substrate	isoniazid	isoniazid
9075	enzyme	Voa1p	Voa1p
9076	enzyme	NAD + -dependent D-lactate dehydrogenase	NAD + -dependent D-lactate dehydrogenase
9077	microbiome	Pseudomonas parafulva	Pseudomonas parafulva
9078	substrate	nitrates	nitrates
9079	substrate	corn cob residue	corn cob residue
9080	microbiome	Leuconostoc pseudomesenteroides	Leuconostoc pseudomesenteroides
9081	microbiome	Leuconostoc lactis	Leuconostoc lactis
9082	microbiome	Weissella thailandensis	Weissella thailandensis
9083	enzyme	NhaA	NhaA
9084	substrate	Na	Na
9085	substrate	Li	Li
9086	enzyme	phosphoglycerokinase	phosphoglycerokinase
9087	enzyme	puruvate carboxylase	puruvate carboxylase
9088	enzyme	phosphoglycero mutase	phosphoglycero mutase
9089	enzyme	snailase	snailase
9090	substrate	p-NPG	p-NPG
9091	substrate	p-NPX	p-NPX
9092	substrate	p-NPM	p-NPM
9093	enzyme	RrUGT3	RrUGT3
9094	enzyme	RcUGT1	RcUGT1
9095	enzyme	RsUGT72B14	RsUGT72B14
9096	enzyme	NADPH-dependent FMN reductase	NADPH-dependent FMN reductase
9097	enzyme	proline 3-hydroxylase	proline 3-hydroxylase
9098	microbiome	Streptomyces sp. strain TH1	Streptomyces sp. strain TH1
9099	substrate	p-nitrophenol ferulate	p-nitrophenol ferulate
9100	substrate	hardwood pulp	hardwood pulp
9101	enzyme	phenylalanine/tyrosine ammonia lyase	phenylalanine/tyrosine ammonia lyase
9102	enzyme	delta-aminovaleramidase	delta-aminovaleramidase
9103	enzyme	lysine 2-monooxygenase	lysine 2-monooxygenase
9104	enzyme	5AVA aminotransferase	5AVA aminotransferase
9105	enzyme	glutarate semialdehyde dehydrogenase	glutarate semialdehyde dehydrogenase
9106	enzyme	C-8 sterol isomerase	C-8 sterol isomerase
9107	enzyme	rhBMP-7	rhBMP-7
9108	enzyme	2-keto-3-deoxy-6-phosphogluconate aldolase	2-keto-3-deoxy-6-phosphogluconate aldolase
9109	enzyme	fructose 1,6-biphosphatase	fructose 1,6-biphosphatase
9110	enzyme	NAD-isocitrate dehydrogenase	NAD-isocitrate dehydrogenase
9111	enzyme	phosphate transbutyrylase	phosphate transbutyrylase
9112	substrate	KDPG	KDPG
9113	substrate	fructose-6-P	fructose-6-P
9114	substrate	butyryl phosphate	butyryl phosphate
9115	substrate	butyryl CoA	butyryl CoA
9116	microbiome	Streptomyces malaysiensis	Streptomyces malaysiensis
9117	microbiome	Piromyces sp.	Piromyces sp.
9118	substrate	lignocellulosic feed	lignocellulosic feed
9119	enzyme	cinnamate-CoA ligase	cinnamate-CoA ligase
9120	enzyme	BALD dehydrogenase	BALD dehydrogenase
9121	substrate	L-PHE	L-PHE
9122	substrate	CA	CA
9123	substrate	BALD	BALD
9124	enzyme	lyase CpcS	lyase CpcS
9125	enzyme	heme oxygenase	heme oxygenase
9126	enzyme	ferredoxin-dependent bilin reductase PebS	ferredoxin-dependent bilin reductase PebS
9127	substrate	phycoerythrobilin	phycoerythrobilin
9128	substrate	biliverdin IXα	biliverdin IXα
9129	enzyme	Exo2b	Exo2b
9130	enzyme	Tc2bh	Tc2bh
9131	substrate	β-D-glucan	β-D-glucan
9132	enzyme	PspG	PspG
9133	enzyme	PspD	PspD
9134	enzyme	Cyclosporin A	Cyclosporin A
9135	substrate	pretreated corn stover	pretreated corn stover
9136	microbiome	Saccharomyces uvarum | APJ1	Saccharomyces uvarum | APJ1
9137	substrate	diethyl methylmalonate	diethyl methylmalonate
9138	enzyme	phosphoenolpyruvate–carbohydrate phosphotransferase	phosphoenolpyruvate–carbohydrate phosphotransferase
9139	enzyme	lipopolysaccharides	lipopolysaccharides
9140	enzyme	lipoteichoic acid	lipoteichoic acid
9141	substrate	(L+D)-3-hydroxybutyryl-CoA	(L+D)-3-hydroxybutyryl-CoA
9142	substrate	phenol	phenol
9143	enzyme	HpaB	HpaB
9144	microbiome	Salmonella enterica	Salmonella enterica
9145	enzyme	HpaC	HpaC
9146	substrate	Avicel-cellulose	Avicel-cellulose
9147	enzyme	cysteine methyltransferase	cysteine methyltransferase
9148	microbiome	Thermomucor indicae-seudaticae	Thermomucor indicae-seudaticae
9149	enzyme	microbial rennet	microbial rennet
9150	substrate	monoterpene glycosides	monoterpene glycosides
9151	microbiome	Nicotiana tabacum	Nicotiana tabacum
9152	enzyme	N-methyl putrescine oxidase	N-methyl putrescine oxidase
9153	microbiome	Nicotiana tomentosiformis	Nicotiana tomentosiformis
9154	enzyme	nicotine N-demethylase	nicotine N-demethylase
9155	substrate	nicotine	nicotine
9156	microbiome	Pseudochrobactrum sp. IY-BUK1	Pseudochrobactrum sp. IY-BUK1
9157	substrate	black feathers	black feathers
9158	enzyme	Rfe	Rfe
9159	enzyme	NagA	NagA
9160	enzyme	NagC	NagC
9161	enzyme	ProV	ProV
9162	enzyme	ProW	ProW
9163	enzyme	EvgS	EvgS
9164	enzyme	EvgA	EvgA
9165	enzyme	TypA	TypA
9166	enzyme	YobF	YobF
9167	enzyme	PtsP	PtsP
9168	enzyme	YciW	YciW
9169	substrate	N-acetyl-D-glucosamine-6-phosphate	N-acetyl-D-glucosamine-6-phosphate
9170	substrate	glycine betaine	glycine betaine
9171	enzyme	aflatoxin B1	aflatoxin B1
9172	enzyme	aflatoxin B2	aflatoxin B2
9173	enzyme	aflatoxin G1	aflatoxin G1
9174	enzyme	aflatoxin G2	aflatoxin G2
9175	enzyme	cystatin	cystatin
9176	substrate	cathepsin B	cathepsin B
9177	substrate	d(-)-tartaric acid	d(-)-tartaric acid
9178	substrate	carbonylated proteins	carbonylated proteins
9179	enzyme	YghA	YghA
9180	substrate	medium chain fatty acyl-CoA	medium chain fatty acyl-CoA
9181	enzyme	SerB	SerB
9182	enzyme	EamA	EamA
9183	enzyme	ARI1	ARI1
9184	enzyme	ICT1	ICT1
9185	substrate	b-1,4 xylan	b-1,4 xylan
9186	enzyme	[Ni-Fe]-hydrogenase	[Ni-Fe]-hydrogenase
9187	substrate	phosphoric acid swollen Avicel	phosphoric acid swollen Avicel
9188	microbiome	Ruminococcus sp.	Ruminococcus sp.
9189	enzyme	EndoglucanaseII	EndoglucanaseII
9190	microbiome	Clostridium absonum	Clostridium absonum
9191	enzyme	7-NADP-HSDH	7-NADP-HSDH
9192	enzyme	7-NAD-HSDH	7-NAD-HSDH
9193	substrate	chenodeoxycholate	chenodeoxycholate
9194	substrate	1,4-Glc	1,4-Glc
9195	enzyme	FBP1	FBP1
9196	enzyme	PDC1	PDC1
9197	enzyme	FUM1	FUM1
9198	enzyme	green fluorescence protein	green fluorescence protein
9199	enzyme	cIFN	cIFN
9200	microbiome	Collybia maculata	Collybia maculata
9201	enzyme	PsTAL1	PsTAL1
9202	enzyme	nicotinamide nucleotide transhydrogenase PntAB	nicotinamide nucleotide transhydrogenase PntAB
9203	microbiome	Mamillisphaeria sp. BCC8893	Mamillisphaeria sp. BCC8893
9204	enzyme	GAT1	GAT1
9205	substrate	nitrogen	nitrogen
9206	enzyme	endo-mannanase	endo-mannanase
9207	enzyme	FLO1spsc	FLO1spsc
9208	microbiome	Phoma herbarum	Phoma herbarum
9209	microbiome	Ganoderma sp.	Ganoderma sp.
9210	microbiome	Pleurotus pulmonarius	Pleurotus pulmonarius
9211	microbiome	Phanerocheate chrysosporium	Phanerocheate chrysosporium
9212	microbiome	Phoma betae	Phoma betae
9213	substrate	2,6-Dimethoxyphenol	2,6-Dimethoxyphenol
9214	enzyme	L(+)-lactate dehydrogenase	L(+)-lactate dehydrogenase
9215	microbiome	Saccharomyces sensu stricto	Saccharomyces sensu stricto
9216	enzyme	ochratoxin A removal enzyme	ochratoxin A removal enzyme
9217	enzyme	Cel45A	Cel45A
9218	microbiome	Fusarium sp. KAWIT-A	Fusarium sp. KAWIT-A
9219	microbiome	Aureobasidium sp. 2LIPA-M	Aureobasidium sp. 2LIPA-M
9220	microbiome	Phomopsis sp. MACA-J	Phomopsis sp. MACA-J
9221	microbiome	Paecilomyces sp. FDCAB-7	Paecilomyces sp. FDCAB-7
9222	microbiome	Aspergillus sp. PAQ-H	Aspergillus sp. PAQ-H
9223	microbiome	Colletotrichum sp. WABA-L	Colletotrichum sp. WABA-L
9224	microbiome	Guignardia sp. 2SANQ-F	Guignardia sp. 2SANQ-F
9225	microbiome	Penicillium sp. LIABA-L	Penicillium sp. LIABA-L
9226	microbiome	Corynebacterium hydrocarboclastus	Corynebacterium hydrocarboclastus
9227	enzyme	Corynecin	Corynecin
9228	enzyme	diaphorase	diaphorase
9229	enzyme	1,4-␤-endoxylanase A	1,4-␤-endoxylanase A
9230	substrate	steam-pretreated sugarcane bagasse	steam-pretreated sugarcane bagasse
9231	enzyme	FFH	FFH
9232	microbiome	Saccharomyces pastorianus | EEB1	Saccharomyces pastorianus | EEB1
9233	enzyme	ETR1	ETR1
9234	enzyme	NAPRTase	NAPRTase
9235	enzyme	TUP1	TUP1
9236	enzyme	2-ketoisovalerate decarboxylase	2-ketoisovalerate decarboxylase
9237	microbiome	Streptomyces griseus IMRU 3570	Streptomyces griseus IMRU 3570
9238	enzyme	candicidin synthetase	candicidin synthetase
9239	enzyme	IspSPa	IspSPa
9240	substrate	glucose-6-P	glucose-6-P
9241	microbiome	Penicillium crustosum	Penicillium crustosum
9242	enzyme	Penitrems	Penitrems
9243	microbiome	Penicillium palitans	Penicillium palitans
9244	enzyme	snail gut enzyme	snail gut enzyme
9245	substrate	MgS0 4	MgS0 4
9246	substrate	KCl	KCl
9247	enzyme	2-pyrone synthase	2-pyrone synthase
9248	substrate	breadfruit starch	breadfruit starch
9249	enzyme	Glucose-6-phosphate dehydrogenase	Glucose-6-phosphate dehydrogenase
9250	enzyme	wax ester synthase	wax ester synthase
9251	substrate	fatty acid ethyl esters	fatty acid ethyl esters
9252	enzyme	Yll056cp	Yll056cp
9253	enzyme	protein	protein
9254	enzyme	GST-Asr1p	GST-Asr1p
9255	enzyme	2-methylbutanal	2-methylbutanal
9256	enzyme	3-methylbutanal	3-methylbutanal
9257	enzyme	2-methylpropanal	2-methylpropanal
9258	enzyme	XynVI	XynVI
9259	enzyme	Plc1p	Plc1p
9260	enzyme	Ipk2p	Ipk2p
9261	enzyme	Ipk1p	Ipk1p
9262	substrate	phosphatidylinositol phosphates	phosphatidylinositol phosphates
9263	enzyme	pNPGase	pNPGase
9264	enzyme	-xylosidase	-xylosidase
9265	enzyme	-glucosidase	-glucosidase
9266	substrate	cellooligosaccharides	cellooligosaccharides
9267	enzyme	aromatic aminotransferase II	aromatic aminotransferase II
9268	substrate	aromatic amino acids	aromatic amino acids
9269	enzyme	farnesene synthase	farnesene synthase
9270	microbiome	Polyporus anceps	Polyporus anceps
9271	enzyme	endostar	endostar
9272	enzyme	lanosterol 14α-demethylase	lanosterol 14α-demethylase
9273	enzyme	ornithine carbamoyl-transferase	ornithine carbamoyl-transferase
9274	enzyme	cystathionine g-lyase	cystathionine g-lyase
9275	enzyme	glutamine fructose-6-phosphate transaminase	glutamine fructose-6-phosphate transaminase
9276	enzyme	phosphotransferase system mannose/fructose IIA	phosphotransferase system mannose/fructose IIA
9277	substrate	carbamoyl phosphate	carbamoyl phosphate
9278	enzyme	sulphite pump	sulphite pump
9279	enzyme	4CL1-CCR	4CL1-CCR
9280	microbiome	Pleurotus albidus	Pleurotus albidus
9281	substrate	IGF-I	IGF-I
9282	enzyme	L-methionine	L-methionine
9283	microbiome	Clostridium thermoaceticum	Clostridium thermoaceticum
9284	enzyme	lyase	lyase
9285	substrate	glucuronan	glucuronan
9286	microbiome	Eubacterium hallii	Eubacterium hallii
9287	enzyme	butyryl-CoA transferase	butyryl-CoA transferase
9288	microbiome	Faecalibacterium prausnitzii	Faecalibacterium prausnitzii
9289	microbiome	Anaerostipes caccae	Anaerostipes caccae
9290	substrate	2-hydroxybutyrate	2-hydroxybutyrate
9291	enzyme	FLR1	FLR1
9292	enzyme	ATR1	ATR1
9293	substrate	spruce hydrolysate	spruce hydrolysate
9294	enzyme	NpCel6A	NpCel6A
9295	enzyme	TrCel6A	TrCel6A
9296	enzyme	GvpA	GvpA
9297	substrate	dimethyl sulphoxide	dimethyl sulphoxide
9298	substrate	trimethylamine N-oxid	trimethylamine N-oxid
9299	enzyme	CGI121	CGI121
9300	enzyme	RPS17a	RPS17a
9301	enzyme	VMA21	VMA21
9302	enzyme	choline TMA lyase	choline TMA lyase
9303	substrate	choline	choline
9304	enzyme	NAD-dependent glycerol-3-phosphate dehydrogenase	NAD-dependent glycerol-3-phosphate dehydrogenase
9305	substrate	(E)-2-hexen-1-ol	(E)-2-hexen-1-ol
9306	substrate	1-hexanol	1-hexanol
9307	substrate	trans-2-hexenal	trans-2-hexenal
9308	substrate	n-hexanal	n-hexanal
9309	enzyme	VH-toxin	VH-toxin
9310	enzyme	VL-toxin	VL-toxin
9311	enzyme	Dxr	Dxr
9312	enzyme	IspB	IspB
9313	enzyme	PykF	PykF
9314	enzyme	PykA	PykA
9315	enzyme	YtjC	YtjC
9316	microbiome	Wolfiporia cocos	Wolfiporia cocos
9317	enzyme	glycoside hydrolases 16	glycoside hydrolases 16
9318	microbiome	Streptococcae	Streptococcae
9319	microbiome	Pleurotus djamor	Pleurotus djamor
9320	substrate	sunflower seed shell	sunflower seed shell
9321	enzyme	filamentous phage	filamentous phage
9322	enzyme	ATP-forming PEP-carboxykinase	ATP-forming PEP-carboxykinase
9323	enzyme	alcohol/aldehyde dehydrogenase AdhE	alcohol/aldehyde dehydrogenase AdhE
9324	enzyme	pyruvate decarboxylase 1	pyruvate decarboxylase 1
9325	microbiome	Bacillus polyfermenticus CJ6	Bacillus polyfermenticus CJ6
9326	enzyme	γ-polyglutamic acid synthetase	γ-polyglutamic acid synthetase
9327	enzyme	epi-isozizaene synthase	epi-isozizaene synthase
9328	enzyme	pentalenene synthase	pentalenene synthase
9329	enzyme	asparaginase isozyme II	asparaginase isozyme II
9330	substrate	benzoylformate	benzoylformate
9331	enzyme	serotonin N-hydroxycinnamoyltransferase	serotonin N-hydroxycinnamoyltransferase
9332	microbiome	Chlorella protothecoides	Chlorella protothecoides
9333	enzyme	lycopene β-cyclase	lycopene β-cyclase
9334	substrate	lutein	lutein
9335	substrate	nanocrystalline cellulose	nanocrystalline cellulose
9336	microbiome	Streptomyces lavendulae	Streptomyces lavendulae
9337	substrate	agar	agar
9338	enzyme	shikimate pathway	shikimate pathway
9339	enzyme	NAD+ synthesis	NAD+ synthesis
9340	microbiome	PE-2-X-dGRE3	PE-2-X-dGRE3
9341	microbiome	CA11-X	CA11-X
9342	microbiome	Lachnospiraceae	Lachnospiraceae
9343	enzyme	alpha-glucosidases	alpha-glucosidases
9344	microbiome	Ruminococcaceae	Ruminococcaceae
9345	enzyme	endo-1,4-beta-xylanases	endo-1,4-beta-xylanases
9346	substrate	plant material	plant material
9347	enzyme	propionate kinase	propionate kinase
9348	enzyme	phosphoribosylglycinamide transformylase II	phosphoribosylglycinamide transformylase II
9349	substrate	phosphoribosylglycinamide	phosphoribosylglycinamide
9350	microbiome	bifidobacteria	bifidobacteria
9351	enzyme	yEGFP	yEGFP
9352	enzyme	glycerol pathway enzyme	glycerol pathway enzyme
9353	enzyme	hexose transporter	hexose transporter
9354	microbiome	Pseudomonas cocovenenans	Pseudomonas cocovenenans
9355	enzyme	bongkrek acid	bongkrek acid
9356	enzyme	toxoflavin	toxoflavin
9357	substrate	coconut culture medium	coconut culture medium
9358	enzyme	oxoglutarate dehydrogenase	oxoglutarate dehydrogenase
9359	enzyme	n-acetylglutamate synthase	n-acetylglutamate synthase
9360	enzyme	n-acetylglutamate kinase	n-acetylglutamate kinase
9361	enzyme	acetylornithine deacetylase	acetylornithine deacetylase
9362	substrate	n-acetylglutamate	n-acetylglutamate
9363	substrate	n-acetylornithine	n-acetylornithine
9364	microbiome	Agaricus blazei	Agaricus blazei
9365	enzyme	blazeispirol A	blazeispirol A
9366	enzyme	blazeispirol C	blazeispirol C
9367	enzyme	cytosine deaminase	cytosine deaminase
9368	substrate	cytosine	cytosine
9369	enzyme	flocculins	flocculins
9370	enzyme	cephalosporin	cephalosporin
9371	enzyme	Acyl-CoA thioesterase II	Acyl-CoA thioesterase II
9372	enzyme	PTE1	PTE1
9373	substrate	3-hydroxydodecanoyl-CoA	3-hydroxydodecanoyl-CoA
9374	substrate	dodecanoyl-CoA	dodecanoyl-CoA
9375	substrate	trans-Δ 2 -butenoyl-CoA	trans-Δ 2 -butenoyl-CoA
9376	substrate	decanoyl-CoA	decanoyl-CoA
9377	substrate	pectic substances	pectic substances
9378	enzyme	AT	AT
9379	enzyme	NT	NT
9380	enzyme	His6-EcDCP	His6-EcDCP
9381	substrate	N-benzoyl-L-glycyl-L-histidyl-L-leucine	N-benzoyl-L-glycyl-L-histidyl-L-leucine
9382	enzyme	Hog1p	Hog1p
9383	enzyme	FucT2	FucT2
9384	enzyme	D3-FucT2	D3-FucT2
9385	substrate	2-FL	2-FL
9386	microbiome	Clostridium phytofermentans	Clostridium phytofermentans
9387	enzyme	ribonucleotide biosynthesis enzymes	ribonucleotide biosynthesis enzymes
9388	enzyme	ribosomal recycling factor	ribosomal recycling factor
9389	enzyme	GatZ	GatZ
9390	enzyme	fadA	fadA
9391	enzyme	fadB	fadB
9392	enzyme	dadX	dadX
9393	enzyme	tnaA	tnaA
9394	enzyme	GlcB	GlcB
9395	enzyme	GarR	GarR
9396	enzyme	sdhA	sdhA
9397	enzyme	PckA	PckA
9398	enzyme	YnaF	YnaF
9399	enzyme	YggX	YggX
9400	microbiome	Saccharomyces cerevisiae | mut-ADH1	Saccharomyces cerevisiae | mut-ADH1
9401	substrate	5-hydroxymethyl-furfural	5-hydroxymethyl-furfural
9402	microbiome	Cryptococcus spp.	Cryptococcus spp.
9403	enzyme	hydroxycinnamic acid decarboxylase	hydroxycinnamic acid decarboxylase
9404	substrate	N-terminal amino acids	N-terminal amino acids
9405	substrate	structural polysaccharides	structural polysaccharides
9406	microbiome	L. lactis subsp. lactis	L. lactis subsp. lactis
9407	enzyme	rennet	rennet
9408	substrate	UTP	UTP
9409	enzyme	sorbicillinoids	sorbicillinoids
9410	substrate	singlet oxygen	singlet oxygen
9411	enzyme	ATP-independent urease	ATP-independent urease
9412	substrate	gelatinized corn starch	gelatinized corn starch
9413	enzyme	phosphodiesterase Pde2	phosphodiesterase Pde2
9414	enzyme	Ras GTPase Ras2	Ras GTPase Ras2
9415	enzyme	DXP synthase	DXP synthase
9416	substrate	1-deoxy-d-xylulose-5-phosphate	1-deoxy-d-xylulose-5-phosphate
9417	substrate	6-phosphogluconolactone	6-phosphogluconolactone
9418	enzyme	HFBI	HFBI
9419	substrate	ammonium acetate	ammonium acetate
9420	enzyme	attaching-and effacing	attaching-and effacing
9421	enzyme	thermolabile toxin	thermolabile toxin
9422	enzyme	thermostable toxin	thermostable toxin
9423	enzyme	OMPLA	OMPLA
9424	substrate	C16PC	C16PC
9425	enzyme	isocitrate dehydrogenase kinase/phosphorylase	isocitrate dehydrogenase kinase/phosphorylase
9426	microbiome	Synechocystis sp. PCC 6803	Synechocystis sp. PCC 6803
9427	enzyme	ferredoxin-dependent glutamate synthase	ferredoxin-dependent glutamate synthase
9428	enzyme	manC	manC
9429	enzyme	manB	manB
9430	enzyme	gmd	gmd
9431	enzyme	wcaG	wcaG
9432	enzyme	futC	futC
9433	substrate	mannose-1-P	mannose-1-P
9434	substrate	GDP-l-fucose	GDP-l-fucose
9435	enzyme	endo-1,4-glucanase II	endo-1,4-glucanase II
9436	microbiome	Bacillus sp. TS	Bacillus sp. TS
9437	enzyme	L-(+)-lactate dehydrogenase	L-(+)-lactate dehydrogenase
9438	microbiome	Escherichia coli KJ12201-14 T	Escherichia coli KJ12201-14 T
9439	substrate	palatinose	palatinose
9440	enzyme	TreCel7A	TreCel7A
9441	enzyme	TatCel7A	TatCel7A
9442	enzyme	ThaCel7A	ThaCel7A
9443	substrate	p-nitrophenyl-β-lactoside	p-nitrophenyl-β-lactoside
9444	enzyme	Gpd p	Gpd p
9445	enzyme	Gpp p	Gpp p
9446	microbiome	Cloacibacterium normanense	Cloacibacterium normanense
9447	enzyme	B-EPS	B-EPS
9448	enzyme	MBP-HepA	MBP-HepA
9449	enzyme	pyridoxal 5′-phosphate synthase	pyridoxal 5′-phosphate synthase
9450	enzyme	thiamine-phosphate diphosphorylase	thiamine-phosphate diphosphorylase
9451	substrate	vitamin B6	vitamin B6
9452	enzyme	AmpC	AmpC
9453	enzyme	SHV	SHV
9454	enzyme	CTXM	CTXM
9455	enzyme	lysine oxidase	lysine oxidase
9456	enzyme	salmosin	salmosin
9457	enzyme	TaEGII	TaEGII
9458	microbiome	Lactobacillus intermedius	Lactobacillus intermedius
9459	enzyme	ferrochelatase	ferrochelatase
9460	substrate	protoporphyrin IX	protoporphyrin IX
9461	substrate	fructan	fructan
9462	microbiome	Providencia stuartii	Providencia stuartii
9463	enzyme	CysE	CysE
9464	enzyme	fucokinase/GDP-L-fucose pyrophosphorylase	fucokinase/GDP-L-fucose pyrophosphorylase
9465	enzyme	H64A subtilisin	H64A subtilisin
9466	substrate	Phe-Phe-Pro-Arg	Phe-Phe-Pro-Arg
9467	substrate	Phe-Ala-His-Tyr	Phe-Ala-His-Tyr
9468	enzyme	CgtA43456	CgtA43456
9469	enzyme	CgtB11168	CgtB11168
9470	substrate	UDP-N-acetylgalactosamine	UDP-N-acetylgalactosamine
9471	substrate	adenosine diphosphate	adenosine diphosphate
9472	substrate	adenosine triphosphate	adenosine triphosphate
9473	microbiome	Metarhizium brunneum	Metarhizium brunneum
9474	enzyme	crude extract	crude extract
9475	enzyme	candicidin synthases	candicidin synthases
9476	enzyme	Cel45Acore	Cel45Acore
9477	enzyme	mixed acid producing enzymes	mixed acid producing enzymes
9478	enzyme	glucuronoyl esterase	glucuronoyl esterase
9479	enzyme	endo-β-1,4-xylanase	endo-β-1,4-xylanase
9480	enzyme	rhamnogalacturonyl hydrolase	rhamnogalacturonyl hydrolase
9481	enzyme	cellulose-induced protein	cellulose-induced protein
9482	enzyme	β-1,6-N-acetylglucosaminyl transferase	β-1,6-N-acetylglucosaminyl transferase
9483	substrate	straw	straw
9484	enzyme	Fab D1.3	Fab D1.3
9485	substrate	glycerol tri-butyrate	glycerol tri-butyrate
9486	enzyme	sacharogenic amylase	sacharogenic amylase
9487	substrate	O-glycans	O-glycans
9488	microbiome	Bacillus sp. FM5	Bacillus sp. FM5
9489	substrate	α-D-glucose	α-D-glucose
9490	enzyme	tyramine oxidase	tyramine oxidase
9491	enzyme	phenylacetaldehyde dehydrogenase	phenylacetaldehyde dehydrogenase
9492	substrate	4-hydroxyphenylacetaldehyde	4-hydroxyphenylacetaldehyde
9493	enzyme	N-Methyltryptophan oxidase	N-Methyltryptophan oxidase
9494	substrate	N-methyl-L-tryptophan	N-methyl-L-tryptophan
9495	substrate	benzoate	benzoate
9496	microbiome	Lactiplantibacillus plantarum subsp. plantarum PTCC 1745	Lactiplantibacillus plantarum subsp. plantarum PTCC 1745
9497	enzyme	L-ornithine transaminase	L-ornithine transaminase
9498	substrate	glycosidically bound compounds	glycosidically bound compounds
9499	substrate	powdered cellulose	powdered cellulose
9500	substrate	microgranular cellulose	microgranular cellulose
9501	enzyme	BAL	BAL
9502	enzyme	xyloseisomerase	xyloseisomerase
9503	microbiome	Candida intermedia	Candida intermedia
9504	enzyme	␥-glutamyl kinase	␥-glutamyl kinase
9505	enzyme	␥-glutamyl phosphate reductase	␥-glutamyl phosphate reductase
9506	enzyme	arginase CAR1	arginase CAR1
9507	microbiome	Lactobacillus coryniformis subsp. torquens DSM20004T	Lactobacillus coryniformis subsp. torquens DSM20004T
9508	enzyme	d-lactate dehydrogenase	d-lactate dehydrogenase
9509	microbiome	Lactobacillus amylovorus DSM 20531T	Lactobacillus amylovorus DSM 20531T
9510	enzyme	l-lactate dehydrogenase	l-lactate dehydrogenase
9511	enzyme	Ssa4p	Ssa4p
9512	enzyme	Hsc82p	Hsc82p
9513	enzyme	Stm1p	Stm1p
9514	enzyme	Zeo1p	Zeo1p
9515	microbiome	Streptomyces aureofaciens	Streptomyces aureofaciens
9516	enzyme	chlortetracycline	chlortetracycline
9517	substrate	menadione	menadione
9518	substrate	ferricyanide	ferricyanide
9519	microbiome	Cylindrocarpon sp. LL-Cyan426	Cylindrocarpon sp. LL-Cyan426
9520	enzyme	pyrrocidines A and B	pyrrocidines A and B
9521	microbiome	Acremonium sp. LL-Cyan416	Acremonium sp. LL-Cyan416
9522	enzyme	acremonidins A-E	acremonidins A-E
9523	microbiome	Penicillium sp. LL-WF159	Penicillium sp. LL-WF159
9524	enzyme	flavomannin	flavomannin
9525	substrate	pyrrocidines A and B	pyrrocidines A and B
9526	substrate	acremonidins A-E	acremonidins A-E
9527	substrate	flavomannin	flavomannin
9528	microbiome	Trichoderma reesei RUT C-30	Trichoderma reesei RUT C-30
9529	enzyme	carbomethylcellulase	carbomethylcellulase
9530	microbiome	Vibrio hollisae	Vibrio hollisae
9531	enzyme	gelatinase	gelatinase
9532	substrate	corn oil	corn oil
9533	enzyme	GAI	GAI
9534	enzyme	GAII	GAII
9535	enzyme	fructose 1,6 biphosphatase	fructose 1,6 biphosphatase
9536	enzyme	polyprenyl glycosylphosphotransferase	polyprenyl glycosylphosphotransferase
9537	enzyme	cyclopropane-fatty-acyl-phospholipid synthase	cyclopropane-fatty-acyl-phospholipid synthase
9538	enzyme	F0F1 ATP synthase	F0F1 ATP synthase
9539	enzyme	alkyl hydroperoxyde reductase	alkyl hydroperoxyde reductase
9540	substrate	fructose 1,6 biphosphate	fructose 1,6 biphosphate
9541	substrate	proton gradient	proton gradient
9542	substrate	organic hydroxide	organic hydroxide
9543	microbiome	Streptomyces sp. KO-3988	Streptomyces sp. KO-3988
9544	enzyme	furaquinocin A	furaquinocin A
9545	enzyme	furaquinocin B	furaquinocin B
9546	substrate	HeLa S3 cells	HeLa S3 cells
9547	enzyme	acetoacetyl CoA reductase	acetoacetyl CoA reductase
9548	enzyme	thioesterase II	thioesterase II
9549	substrate	3-hydroxybutyryl CoA	3-hydroxybutyryl CoA
9550	substrate	acetoacetyl CoA	acetoacetyl CoA
9551	enzyme	ganodermin	ganodermin
9552	enzyme	GABA antiporter	GABA antiporter
9553	enzyme	Ire1p	Ire1p
9554	enzyme	ist-ALDH	ist-ALDH
9555	enzyme	AST2	AST2
9556	enzyme	aspartate kinase I	aspartate kinase I
9557	enzyme	homoserine dehydrogenase I	homoserine dehydrogenase I
9558	substrate	homoserine	homoserine
9559	substrate	oat Azoxylan	oat Azoxylan
9560	substrate	ferulate dimers	ferulate dimers
9561	microbiome	Saccharomyces pastorianus DSM 6581	Saccharomyces pastorianus DSM 6581
9562	enzyme	fructose 1,6-diphosphate	fructose 1,6-diphosphate
9563	microbiome	Methylovorus mays No. 9	Methylovorus mays No. 9
9564	enzyme	theanine-forming enzyme	theanine-forming enzyme
9565	substrate	methylamine	methylamine
9566	microbiome	Rhizobium sp. S10	Rhizobium sp. S10
9567	enzyme	D-glucoside 3-dehydrogenase	D-glucoside 3-dehydrogenase
9568	microbiome	Streptomyces sp. P12-137	Streptomyces sp. P12-137
9569	microbiome	Streptomyces violaceoruber	Streptomyces violaceoruber
9570	microbiome	Bacillus coagulans BL69	Bacillus coagulans BL69
9571	microbiome	Streptomyces sp. OG -11-3	Streptomyces sp. OG -11-3
9572	microbiome	Streptomyces sp. Ab106	Streptomyces sp. Ab106
9573	microbiome	Streptomyces sp. QC 113	Streptomyces sp. QC 113
9574	enzyme	Atg22p	Atg22p
9575	microbiome	Agaricus bitorquis	Agaricus bitorquis
9576	enzyme	phosphoglucose mutase	phosphoglucose mutase
9577	enzyme	phosphomannose isomerase	phosphomannose isomerase
9578	substrate	exopolysaccharide	exopolysaccharide
9579	substrate	PNPX	PNPX
9580	enzyme	kojic acid	kojic acid
9581	enzyme	antithrombin III	antithrombin III
9582	substrate	thrombin	thrombin
9583	substrate	factor Xa	factor Xa
9584	enzyme	serine/threonine-protein kinase	serine/threonine-protein kinase
9585	enzyme	ȕ-glucosidase A	ȕ-glucosidase A
9586	enzyme	alkaline endoglucanase EGV	alkaline endoglucanase EGV
9587	microbiome	Berkleasmium sp. Dzf12	Berkleasmium sp. Dzf12
9588	enzyme	palmarumycin C12	palmarumycin C12
9589	enzyme	palmarumycin C13	palmarumycin C13
9590	substrate	palmarumycin C12	palmarumycin C12
9591	substrate	palmarumycin C13	palmarumycin C13
9592	enzyme	homocitrate synthase	homocitrate synthase
9593	enzyme	saccharopine dehydrogenase	saccharopine dehydrogenase
9594	enzyme	cystathionine gamma lyase	cystathionine gamma lyase
9595	enzyme	adenosylhomocysteinase	adenosylhomocysteinase
9596	enzyme	sulfate adenylyltransferase	sulfate adenylyltransferase
9597	substrate	human hair	human hair
9598	substrate	feather	feather
9599	enzyme	proline-4-hydroxylase	proline-4-hydroxylase
9600	enzyme	TDH2/3	TDH2/3
9601	enzyme	α-amylase I	α-amylase I
9602	enzyme	α-amylase II	α-amylase II
9603	substrate	green tea extract	green tea extract
9604	microbiome	Cerrena unicolor	Cerrena unicolor
9605	enzyme	Candida antarctica lipase B	Candida antarctica lipase B
9606	enzyme	killer toxins	killer toxins
9607	enzyme	endo-chitinase	endo-chitinase
9608	microbiome	Photorhabdus luminescens	Photorhabdus luminescens
9609	enzyme	light-emitting protein	light-emitting protein
9610	substrate	penicillin K	penicillin K
9611	enzyme	diterpene synthase	diterpene synthase
9612	substrate	GGPP	GGPP
9613	enzyme	aspartate transaminase	aspartate transaminase
9614	substrate	phenylpyruvic acid	phenylpyruvic acid
9615	enzyme	ANS	ANS
9616	enzyme	3GT	3GT
9617	substrate	leucoanthocyanidins	leucoanthocyanidins
9618	substrate	anthocyanidins	anthocyanidins
9619	microbiome	Pantoea agglomerans	Pantoea agglomerans
9620	microbiome	Micrococcus varians	Micrococcus varians
9621	enzyme	anti-LOX-1 scFv	anti-LOX-1 scFv
9622	microbiome	Brevibacillus choshinensis	Brevibacillus choshinensis
9623	microbiome	Alkalibaculum bacchi CP15	Alkalibaculum bacchi CP15
9624	microbiome	Purpureocillium lilacinum	Purpureocillium lilacinum
9625	microbiome	Mucor circinelloides	Mucor circinelloides
9626	microbiome	Chrysosporium lucknowense	Chrysosporium lucknowense
9627	enzyme	cellobiose dehydrogenase II	cellobiose dehydrogenase II
9628	substrate	wood chips	wood chips
9629	substrate	wood dust	wood dust
9630	substrate	palm oil fiber	palm oil fiber
9631	substrate	waste newspaper	waste newspaper
9632	microbiome	Bacillus sp. MC-07	Bacillus sp. MC-07
9633	enzyme	ketoacid reductoisomerase	ketoacid reductoisomerase
9634	enzyme	ethanol and acyl-CoA O-acyltransferase	ethanol and acyl-CoA O-acyltransferase
9635	enzyme	Zmo0994	Zmo0994
9636	substrate	ubiquinone	ubiquinone
9637	enzyme	AMG	AMG
9638	enzyme	Ilv2p	Ilv2p
9639	enzyme	Ilv3p	Ilv3p
9640	substrate	α-keto-isovalerate	α-keto-isovalerate
9641	substrate	PAHs	PAHs
9642	substrate	aloe-emodin	aloe-emodin
9643	enzyme	BLPAD	BLPAD
9644	microbiome	Saccharomyces cerevisiae var. boulardii	Saccharomyces cerevisiae var. boulardii
9645	enzyme	(1→3)-β-d-glucan	(1→3)-β-d-glucan
9646	enzyme	6-phosphofructokinase subunit beta	6-phosphofructokinase subunit beta
9647	enzyme	heat shock protein SSA1	heat shock protein SSA1
9648	enzyme	heat shock protein SSA2	heat shock protein SSA2
9649	enzyme	heat shock protein 82	heat shock protein 82
9650	enzyme	exo-1,3-b-glucanase	exo-1,3-b-glucanase
9651	enzyme	cell wall mannoprotein PST1	cell wall mannoprotein PST1
9652	substrate	D-glyceraldehyde 3-phosphate	D-glyceraldehyde 3-phosphate
9653	enzyme	pHCA decarboxylase	pHCA decarboxylase
9654	enzyme	PAL	PAL
9655	substrate	p-hydroxycinnamic acid	p-hydroxycinnamic acid
9656	microbiome	Aspergillus sp. F18	Aspergillus sp. F18
9657	microbiome	Penicillium sp. F04	Penicillium sp. F04
9658	microbiome	Aspergillus niger F16	Aspergillus niger F16
9659	microbiome	Aspergillus sp. F21	Aspergillus sp. F21
9660	enzyme	polygalacturonase PGU1	polygalacturonase PGU1
9661	enzyme	invertase SUC1	invertase SUC1
9662	enzyme	invertase SUC2	invertase SUC2
9663	microbiome	Aspergillus flocculus	Aspergillus flocculus
9664	enzyme	dihydroaspyrone	dihydroaspyrone
9665	microbiome	Aspergillus ochraceus ATCC22947	Aspergillus ochraceus ATCC22947
9666	enzyme	preussin	preussin
9667	microbiome	Preussia sp.	Preussia sp.
9668	microbiome	Simplicillium lanosoniveum TAMA 173	Simplicillium lanosoniveum TAMA 173
9669	microbiome	Streptomyces echinatus	Streptomyces echinatus
9670	enzyme	echinomycin	echinomycin
9671	substrate	quinoxaline-2-carboxylic acid	quinoxaline-2-carboxylic acid
9672	substrate	quinoline-2-carboxylic acid	quinoline-2-carboxylic acid
9673	substrate	7-chloroquinoxaline-2-carboxylic acid	7-chloroquinoxaline-2-carboxylic acid
9674	substrate	1,2,4-benzo-as-triazine-3-carboxylic acid	1,2,4-benzo-as-triazine-3-carboxylic acid
9675	substrate	thieno[3,2-b]pyridine-5-carboxylic acid	thieno[3,2-b]pyridine-5-carboxylic acid
9676	substrate	6-methylquinoline-2-carboxylic acid	6-methylquinoline-2-carboxylic acid
9677	microbiome	Aspergillus sulphureus	Aspergillus sulphureus
9678	enzyme	ochratoxin A	ochratoxin A
9679	enzyme	SSA4	SSA4
9680	enzyme	CDC19	CDC19
9681	enzyme	SUMO-NmDef02	SUMO-NmDef02
9682	enzyme	PspXyn10	PspXyn10
9683	enzyme	TrXyn3	TrXyn3
9684	substrate	alkaline-pretreated bagasse	alkaline-pretreated bagasse
9685	microbiome	Nonomuraea sp. ATCC 39727	Nonomuraea sp. ATCC 39727
9686	enzyme	A40926	A40926
9687	microbiome	Streptoverticillium mobaraense	Streptoverticillium mobaraense
9688	enzyme	glutamine/glutamate metabolism	glutamine/glutamate metabolism
9689	microbiome	Bacillus sp. IND7	Bacillus sp. IND7
9690	substrate	cow dung	cow dung
9691	enzyme	Leloir proteins	Leloir proteins
9692	microbiome	Caulobacter crescentus	Caulobacter crescentus
9693	enzyme	aldose-aldose oxidoreductase	aldose-aldose oxidoreductase
9694	enzyme	HadA	HadA
9695	substrate	phenyllactate	phenyllactate
9696	substrate	mandelate	mandelate
9697	substrate	4-hydroxyphenyllactate	4-hydroxyphenyllactate
9698	substrate	2-hydroxy-4-phenylbutyrate	2-hydroxy-4-phenylbutyrate
9699	substrate	3-hydroxy-3-phenylpropionate	3-hydroxy-3-phenylpropionate
9700	substrate	4-hydroxybenzoate	4-hydroxybenzoate
9701	substrate	Hydrodictyon reticulatum	Hydrodictyon reticulatum
9702	enzyme	xylR	xylR
9703	enzyme	xylE	xylE
9704	enzyme	xylF	xylF
9705	enzyme	xylG	xylG
9706	enzyme	xylH	xylH
9707	enzyme	lectin	lectin
9708	enzyme	methionol	methionol
9709	enzyme	PhaJ4	PhaJ4
9710	enzyme	PhaC1(STQK)	PhaC1(STQK)
9711	substrate	inhibitory compounds	inhibitory compounds
9712	enzyme	total cellulase	total cellulase
9713	substrate	formamide	formamide
9714	enzyme	katalase antiperoxidase	katalase antiperoxidase
9715	enzyme	extracellular serine protease	extracellular serine protease
9716	enzyme	Met14p	Met14p
9717	enzyme	Hmg1p	Hmg1p
9718	enzyme	Erg5p	Erg5p
9719	enzyme	Erg6p	Erg6p
9720	enzyme	Erg20p	Erg20p
9721	enzyme	Erg11p	Erg11p
9722	enzyme	Eeb1p	Eeb1p
9723	enzyme	endoglucanase III	endoglucanase III
9724	enzyme	LFA-LFC	LFA-LFC
9725	microbiome	Bifidobacterium breve	Bifidobacterium breve
9726	enzyme	linoleate isomerase	linoleate isomerase
9727	substrate	D-asparagine	D-asparagine
9728	substrate	ammonium formate	ammonium formate
9729	substrate	DL-p-hydroxyphenylhydantoin	DL-p-hydroxyphenylhydantoin
9730	substrate	steam-exploded sugarcane bagasse	steam-exploded sugarcane bagasse
9731	substrate	β-1,4 glucans	β-1,4 glucans
9732	enzyme	maltotriose	maltotriose
9733	enzyme	maltose	maltose
9734	microbiome	Pichia pastoris | rDM64	Pichia pastoris | rDM64
9735	microbiome	Pichia manshurica	Pichia manshurica
9736	enzyme	actinokinase	actinokinase
9737	microbiome	Rhizopus chinesis 12	Rhizopus chinesis 12
9738	microbiome	Bacillus natto	Bacillus natto
9739	enzyme	Nattokinase	Nattokinase
9740	enzyme	taxane 2a-O-benzoyltransferase	taxane 2a-O-benzoyltransferase
9741	substrate	2-debenzoyl-7,13-diacetylbaccatin III	2-debenzoyl-7,13-diacetylbaccatin III
9742	enzyme	rMBP-NAP	rMBP-NAP
9743	enzyme	formate oxidase	formate oxidase
9744	enzyme	LsrK	LsrK
9745	enzyme	LsrR	LsrR
9746	substrate	AI-2	AI-2
9747	substrate	phospho–AI-2	phospho–AI-2
9748	enzyme	crude enzyme complexes	crude enzyme complexes
9749	substrate	exploded sugarcane bagasse	exploded sugarcane bagasse
9750	microbiome	Monascus anka	Monascus anka
9751	enzyme	citrinin synthase	citrinin synthase
9752	substrate	yeast sucrose	yeast sucrose
9753	substrate	potato dextrose	potato dextrose
9754	microbiome	Cephalosporium sp. KM 388	Cephalosporium sp. KM 388
9755	substrate	meat extract	meat extract
9756	enzyme	phenylpyruvate reductase	phenylpyruvate reductase
9757	substrate	b-phenylalanine	b-phenylalanine
9758	microbiome	Salmonella spp.	Salmonella spp.
9759	microbiome	Zygosaccharomyces rouxii	Zygosaccharomyces rouxii
9760	microbiome	Sporosarcina pasteurii	Sporosarcina pasteurii
9761	substrate	lignocellulosic materials	lignocellulosic materials
9762	enzyme	phosphodiesterase	phosphodiesterase
9763	enzyme	D-allulose 3-epimerase	D-allulose 3-epimerase
9764	enzyme	NADP ؉ -dependent D-glyceraldehyde-3-phosphate dehydrogenase	NADP ؉ -dependent D-glyceraldehyde-3-phosphate dehydrogenase
9765	enzyme	ScGAD	ScGAD
9766	enzyme	Aro8p	Aro8p
9767	enzyme	Aro9p	Aro9p
9768	enzyme	phospholipase D	phospholipase D
9769	enzyme	sfGFP-PLDr34	sfGFP-PLDr34
9770	enzyme	4-coumarate: coenzyme A ligase	4-coumarate: coenzyme A ligase
9771	substrate	malonyl coenzyme A	malonyl coenzyme A
9772	substrate	trans-cinnamic acid	trans-cinnamic acid
9773	microbiome	Gluconacetobacter xylinus	Gluconacetobacter xylinus
9774	enzyme	exo-1,4-P-glucosidase	exo-1,4-P-glucosidase
9775	enzyme	Glycerol-3-phosphatase	Glycerol-3-phosphatase
9776	enzyme	endo-b-glucanase II	endo-b-glucanase II
9777	substrate	CMCase	CMCase
9778	enzyme	L-galactose dehydrogenase	L-galactose dehydrogenase
9779	substrate	L-galactose	L-galactose
9780	enzyme	neutral metalloproteinase	neutral metalloproteinase
9781	substrate	soy proteins	soy proteins
9782	substrate	b-conglycinin	b-conglycinin
9783	enzyme	sulfate permease	sulfate permease
9784	enzyme	methionine-γ-lyase	methionine-γ-lyase
9785	enzyme	acetyl CoA synthase	acetyl CoA synthase
9786	substrate	α-keto acid	α-keto acid
9787	substrate	branched-chain aldehyde	branched-chain aldehyde
9788	substrate	sulfate	sulfate
9789	substrate	condensed tannins	condensed tannins
9790	substrate	resorufin-b-D-glucopyranoside	resorufin-b-D-glucopyranoside
9791	microbiome	Scheffersomyces shehatae	Scheffersomyces shehatae
9792	enzyme	LAC3	LAC3
9793	substrate	AFB1	AFB1
9794	substrate	AFB2	AFB2
9795	substrate	AFG1	AFG1
9796	substrate	AFG2	AFG2
9797	enzyme	plasmid DNA vaccine pcDNA-CCOL2A1	plasmid DNA vaccine pcDNA-CCOL2A1
9798	enzyme	Xyn 10	Xyn 10
9799	enzyme	Xyn 11	Xyn 11
9800	substrate	steam-pretreated corn stover	steam-pretreated corn stover
9801	enzyme	TtSPase	TtSPase
9802	microbiome	Trichoderma pseudokoningii	Trichoderma pseudokoningii
9803	enzyme	agrB	agrB
9804	enzyme	agrC	agrC
9805	enzyme	agrA	agrA
9806	substrate	granulose	granulose
9807	enzyme	dicarboxylate carrier	dicarboxylate carrier
9808	enzyme	Sunson cellulase	Sunson cellulase
9809	substrate	micro crystalline cellulose	micro crystalline cellulose
9810	microbiome	Ashbya gossypii	Ashbya gossypii
9811	enzyme	cis-aconitic acid decarboxylase	cis-aconitic acid decarboxylase
9812	microbiome	Escherichia coli DH5	Escherichia coli DH5
9813	enzyme	chitinase A1	chitinase A1
9814	enzyme	Aga PTS	Aga PTS
9815	enzyme	chorismate-pyruvate lyase	chorismate-pyruvate lyase
9816	enzyme	IS1	IS1
9817	microbiome	Escherichia coli | IS5	Escherichia coli | IS5
9818	substrate	plasmid DNA	plasmid DNA
9819	enzyme	SeMALT413	SeMALT413
9820	microbiome	Botrytis cinerea BcBOT2ΔBcBOA6Δ	Botrytis cinerea BcBOT2ΔBcBOA6Δ
9821	enzyme	(+)-4-epi-eremophil-9-en-11-ols	(+)-4-epi-eremophil-9-en-11-ols
9822	substrate	pNPA	pNPA
9823	microbiome	Cellulomonas fimi	Cellulomonas fimi
9824	enzyme	0-1,4-glycanase Cex	0-1,4-glycanase Cex
9825	enzyme	arginine deaminase	arginine deaminase
9826	microbiome	Paenibacillus macerans	Paenibacillus macerans
9827	enzyme	glyDH	glyDH
9828	enzyme	DHAK	DHAK
9829	enzyme	MG synthase	MG synthase
9830	enzyme	MG-reducing enzyme	MG-reducing enzyme
9831	enzyme	HA-reducing enzyme	HA-reducing enzyme
9832	substrate	DHAP	DHAP
9833	substrate	MG	MG
9834	substrate	HA	HA
9835	microbiome	Trichoderma cf. brevicompactum	Trichoderma cf. brevicompactum
9836	enzyme	gliovirin	gliovirin
9837	enzyme	pretrichodermamide A	pretrichodermamide A
9838	enzyme	dithioaspergillazine A	dithioaspergillazine A
9839	enzyme	chlorotrithiobrevamide	chlorotrithiobrevamide
9840	enzyme	cucurbitadienol synthase	cucurbitadienol synthase
9841	enzyme	tissue plasminogen activator	tissue plasminogen activator
9842	enzyme	inositol-requiring enzyme 1	inositol-requiring enzyme 1
9843	substrate	7S globulin	7S globulin
9844	enzyme	cytosolic catalase T	cytosolic catalase T
9845	enzyme	cytoplasmic thioredoxin isoenzyme	cytoplasmic thioredoxin isoenzyme
9846	substrate	ethylpropanoate	ethylpropanoate
9847	substrate	ethyl dihydrocinnamate	ethyl dihydrocinnamate
9848	microbiome	Streptomyces sp. M49-1	Streptomyces sp. M49-1
9849	enzyme	RNase	RNase
9850	microbiome	Ralstonia sp.	Ralstonia sp.
9851	microbiome	Clostridium hungatei	Clostridium hungatei
9852	enzyme	cellulosome	cellulosome
9853	enzyme	vacuolar proteinase B	vacuolar proteinase B
9854	substrate	autophagic bodies	autophagic bodies
9855	enzyme	argininosuccinate synthase	argininosuccinate synthase
9856	enzyme	argininosuccinate lyase	argininosuccinate lyase
9857	substrate	argininosuccinate	argininosuccinate
9858	enzyme	hCMP	hCMP
9859	substrate	caseinomacropeptide	caseinomacropeptide
9860	enzyme	AroD	AroD
9861	substrate	carotene	carotene
9862	enzyme	NADP + -dependent glucose-6-phosphate dehydrogenase	NADP + -dependent glucose-6-phosphate dehydrogenase
9863	enzyme	serine: glyoxylate aminotransferase	serine: glyoxylate aminotransferase
9864	enzyme	d-glycerate 3-kinase	d-glycerate 3-kinase
9865	enzyme	acetoin reducase	acetoin reducase
9866	microbiome	Cupriavidus necator DSM 545	Cupriavidus necator DSM 545
9867	enzyme	poly(3-hydroxybutyrate) (PHB)	poly(3-hydroxybutyrate) (PHB)
9868	microbiome	Neisseria gonorrhoeae	Neisseria gonorrhoeae
9869	enzyme	cocarboxylase	cocarboxylase
9870	enzyme	Fructozyme L	Fructozyme L
9871	substrate	saccharopine	saccharopine
9872	substrate	R-ketoglutarate	R-ketoglutarate
9873	substrate	glutarate	glutarate
9874	enzyme	glycerol/1,2-propanediol dehydrogenase	glycerol/1,2-propanediol dehydrogenase
9875	enzyme	b-ketothiolase	b-ketothiolase
9876	enzyme	Polyhydroxyalkanoate synthase	Polyhydroxyalkanoate synthase
9877	substrate	soluble protein	soluble protein
9878	substrate	residual lignin	residual lignin
9879	microbiome	Nitrosomonas sp.	Nitrosomonas sp.
9880	enzyme	ammonia monooxygenase	ammonia monooxygenase
9881	microbiome	Nitrosococcus sp.	Nitrosococcus sp.
9882	microbiome	Nitrospira sp.	Nitrospira sp.
9883	microbiome	Nitrobacter sp.	Nitrobacter sp.
9884	microbiome	Staphylococcus pseudintermedius	Staphylococcus pseudintermedius
9885	microbiome	Staphylococcus schleiferi subsp. coagulans	Staphylococcus schleiferi subsp. coagulans
9886	microbiome	Streptomyces sp. DO-114	Streptomyces sp. DO-114
9887	enzyme	clecarmycin C	clecarmycin C
9888	enzyme	a-amylase amyA	a-amylase amyA
9889	enzyme	glucoamylase glaA	glucoamylase glaA
9890	microbiome	Metschnikowia reukafii	Metschnikowia reukafii
9891	enzyme	vinylphenol reductase	vinylphenol reductase
9892	substrate	4-vinylphenol	4-vinylphenol
9893	microbiome	Pseudomonas	Pseudomonas
9894	enzyme	NADPH-dependent hydroxylase	NADPH-dependent hydroxylase
9895	enzyme	Baeyer-Villiger monooxygenase	Baeyer-Villiger monooxygenase
9896	substrate	ricinoleic acid	ricinoleic acid
9897	enzyme	carnitine acetyltransferase	carnitine acetyltransferase
9898	substrate	carnitine	carnitine
9899	enzyme	GlcNAc-hexokinase	GlcNAc-hexokinase
9900	enzyme	GlcNAc-6-phosphate deacetylase	GlcNAc-6-phosphate deacetylase
9901	enzyme	glucosamine6-phosphate deaminase	glucosamine6-phosphate deaminase
9902	enzyme	β-N-acetylglucosaminidase	β-N-acetylglucosaminidase
9903	enzyme	GH3 β-N-acetylhexosaminidase	GH3 β-N-acetylhexosaminidase
9904	enzyme	GlcNAc-phosphorylase	GlcNAc-phosphorylase
9905	microbiome	Lactobacillus crispatus	Lactobacillus crispatus
9906	substrate	methyl caffeate	methyl caffeate
9907	substrate	methyl ρ-coumarate	methyl ρ-coumarate
9908	substrate	methyl ferulate	methyl ferulate
9909	substrate	methyl sinapinate	methyl sinapinate
9910	enzyme	hydrophobin-laccase fusion protein	hydrophobin-laccase fusion protein
9911	microbiome	GK12	GK12
9912	enzyme	ACC	ACC
9913	microbiome	Pseudomonas mendocina	Pseudomonas mendocina
9914	substrate	polyhydroxyalkanoate	polyhydroxyalkanoate
9915	enzyme	MenH	MenH
9916	substrate	SEPHCHC	SEPHCHC
9917	substrate	α-lactose	α-lactose
9918	substrate	cassava hydrolysate	cassava hydrolysate
9919	substrate	cornstarch hydrolysate	cornstarch hydrolysate
9920	substrate	PNPB	PNPB
9921	substrate	triolein	triolein
9922	enzyme	hydroxymethylglutaryl-CoA reductase	hydroxymethylglutaryl-CoA reductase
9923	enzyme	proline transporter	proline transporter
9924	enzyme	proton pump	proton pump
9925	enzyme	general stress response transcriptional activator	general stress response transcriptional activator
9926	enzyme	isopropanol	isopropanol
9927	enzyme	capsular polysaccharide	capsular polysaccharide
9928	enzyme	succinic dehydrogenase	succinic dehydrogenase
9929	microbiome	Lupinus albus	Lupinus albus
9930	microbiome	Candida sp.	Candida sp.
9931	microbiome	Blastobotrys sp.	Blastobotrys sp.
9932	enzyme	ryhB	ryhB
9933	substrate	l-glycerol 3-phosphate	l-glycerol 3-phosphate
9934	enzyme	endotoxin-eliminating protein	endotoxin-eliminating protein
9935	substrate	endotoxin	endotoxin
9936	enzyme	GfEgt1	GfEgt1
9937	enzyme	GfEgt2	GfEgt2
9938	enzyme	α-amyrin synthase	α-amyrin synthase
9939	substrate	(3S)-2,3-oxidosqualene	(3S)-2,3-oxidosqualene
9940	microbiome	Saccharomyces carlsbergensis	Saccharomyces carlsbergensis
9941	enzyme	β-D-fructofuranosidase fructohydrolase	β-D-fructofuranosidase fructohydrolase
9942	enzyme	AccA	AccA
9943	enzyme	FabD	FabD
9944	enzyme	TE	TE
9945	enzyme	YGL157W	YGL157W
9946	microbiome	Bacillus subtilis WX-17	Bacillus subtilis WX-17
9947	microbiome	Escherichia coli K-12 BW25113	Escherichia coli K-12 BW25113
9948	enzyme	L-asparaginase 1	L-asparaginase 1
9949	enzyme	ScASNaseI	ScASNaseI
9950	substrate	Sec7 domain	Sec7 domain
9951	microbiome	Bacillus cereus IND1	Bacillus cereus IND1
9952	enzyme	FRE7	FRE7
9953	enzyme	IRC7	IRC7
9954	enzyme	REE1	REE1
9955	microbiome	Chaetomella raphigera	Chaetomella raphigera
9956	substrate	4-nitrophenyl b-D-glucopyranoside	4-nitrophenyl b-D-glucopyranoside
9957	enzyme	RuBisCO activase	RuBisCO activase
9958	microbiome	Hericium erinaceum	Hericium erinaceum
9959	substrate	b-D-glucose	b-D-glucose
9960	microbiome	Bacillus thuringiensis subsp. kurstaki	Bacillus thuringiensis subsp. kurstaki
9961	enzyme	δ-endotoxin	δ-endotoxin
9962	substrate	azurine cross-linked hydroxyethylcellulose	azurine cross-linked hydroxyethylcellulose
9963	substrate	methylmalonyl CoA	methylmalonyl CoA
9964	enzyme	human-like collagen	human-like collagen
9965	enzyme	UBPD2C	UBPD2C
9966	substrate	Ub::hGH	Ub::hGH
9967	enzyme	manganese-dependent peroxidase	manganese-dependent peroxidase
9968	microbiome	Bacillus mojavensis	Bacillus mojavensis
9969	enzyme	YdbK	YdbK
9970	enzyme	AmyE	AmyE
9971	enzyme	horseradish peroxidase	horseradish peroxidase
9972	enzyme	HRP 13A7-N175S	HRP 13A7-N175S
9973	enzyme	HRP H2-10G5	HRP H2-10G5
9974	enzyme	HRP 13A7	HRP 13A7
9975	enzyme	diacetyl (acetoin) reductase	diacetyl (acetoin) reductase
9976	microbiome	Micromonospora sp.	Micromonospora sp.
9977	enzyme	Sch 37137	Sch 37137
9978	microbiome	Streptomyces sp. | A 19009	Streptomyces sp. | A 19009
9979	substrate	Candida sp.	Candida sp.
9980	substrate	dermatophytes	dermatophytes
9981	enzyme	rhIL-11	rhIL-11
9982	substrate	Regenerated Amorphous Cellulose	Regenerated Amorphous Cellulose
9983	enzyme	acetoin pathway	acetoin pathway
9984	enzyme	aromatic acetaldehyde synthase	aromatic acetaldehyde synthase
9985	substrate	DOPA	DOPA
9986	enzyme	aamylase	aamylase
9987	enzyme	phenylalanine decarboxylase	phenylalanine decarboxylase
9988	enzyme	AroG	AroG
9989	enzyme	AroL	AroL
9990	enzyme	PheA	PheA
9991	enzyme	TyrB	TyrB
9992	microbiome	Pseudomonas vesicularis	Pseudomonas vesicularis
9993	enzyme	β-1,3-xylanase	β-1,3-xylanase
9994	substrate	β-1,3-xylan	β-1,3-xylan
9995	enzyme	SAV	SAV
9996	enzyme	lactoferrin	lactoferrin
9997	enzyme	retinal dehydrogenase	retinal dehydrogenase
9998	substrate	retinal	retinal
9999	enzyme	rTcEG1	rTcEG1
10000	enzyme	PHO5	PHO5
10001	enzyme	PHO89	PHO89
10002	enzyme	PHO90	PHO90
10003	enzyme	PHO84	PHO84
10004	enzyme	BIO2	BIO2
10005	enzyme	RIB3	RIB3
10006	enzyme	RIB4	RIB4
10007	enzyme	PAN6	PAN6
10008	enzyme	SPE3	SPE3
10009	enzyme	SPE4	SPE4
10010	enzyme	MIS1	MIS1
10011	enzyme	FOL1	FOL1
10012	enzyme	THI21	THI21
10013	enzyme	Fex1	Fex1
10014	enzyme	Fex2	Fex2
10015	enzyme	HXT15	HXT15
10016	enzyme	HXT16	HXT16
10017	enzyme	HXT17	HXT17
10018	enzyme	MAN2	MAN2
10019	substrate	fluoride	fluoride
10020	enzyme	ENV1	ENV1
10021	enzyme	VEL1	VEL1
10022	microbiome	Weissella cibaria	Weissella cibaria
10023	enzyme	uptake hydrogenase isoenzyme 1	uptake hydrogenase isoenzyme 1
10024	enzyme	uptake hydrogenase isoenzyme 2	uptake hydrogenase isoenzyme 2
10025	enzyme	rsBLyS	rsBLyS
10026	enzyme	glutaredoxin 2	glutaredoxin 2
10027	enzyme	sodium/proton antiporter	sodium/proton antiporter
10028	enzyme	Lasparaginase	Lasparaginase
10029	enzyme	beta-fructofuranosidase	beta-fructofuranosidase
10030	enzyme	aldose 1-epimerase	aldose 1-epimerase
10031	enzyme	GlmS	GlmS
10032	substrate	glucosamine-6-phosphate	glucosamine-6-phosphate
10033	microbiome	Enterococcus casseliaflvus	Enterococcus casseliaflvus
10034	enzyme	pyruvate ferredoxin oxidoreductase	pyruvate ferredoxin oxidoreductase
10035	enzyme	acetic acid and CoA transferase	acetic acid and CoA transferase
10036	substrate	butyl CoA	butyl CoA
10037	substrate	hexanoyl CoA	hexanoyl CoA
10038	enzyme	uridine diphosphate glucose pyrophosphorylase	uridine diphosphate glucose pyrophosphorylase
10039	microbiome	Leuconostoc oenos	Leuconostoc oenos
10040	microbiome	Saccharothrix algeriensis	Saccharothrix algeriensis
10041	enzyme	holomycin	holomycin
10042	enzyme	GSH1/CYS3	GSH1/CYS3
10043	enzyme	GSH1/GLR1	GSH1/GLR1
10044	enzyme	GSH1/CYS3/GLR1	GSH1/CYS3/GLR1
10045	microbiome	Corynebacterium ammoniagenes	Corynebacterium ammoniagenes
10046	enzyme	manganese ribonucleotide reductase	manganese ribonucleotide reductase
10047	substrate	CDP	CDP
10048	enzyme	pneumolysin	pneumolysin
10049	microbiome	Rhodotorula minuta	Rhodotorula minuta
10050	enzyme	b-carotene	b-carotene
10051	enzyme	pgi	pgi
10052	microbiome	Streptomyces sp. BRC1	Streptomyces sp. BRC1
10053	microbiome	Streptomyces sp. BRC2	Streptomyces sp. BRC2
10054	enzyme	lysine decarboxylase (CadA)	lysine decarboxylase (CadA)
10055	enzyme	Agp	Agp
10056	substrate	InsP6	InsP6
10057	microbiome	Mucor indicus	Mucor indicus
10058	substrate	d-glucose 1-fluoride	d-glucose 1-fluoride
10059	enzyme	Vfh1	Vfh1
10060	enzyme	endo-β-glucanase	endo-β-glucanase
10061	enzyme	exo-β-glucanase	exo-β-glucanase
10062	substrate	Lys-human proinsulin	Lys-human proinsulin
10063	microbiome	Listeria innocua	Listeria innocua
10064	enzyme	LinChi78	LinChi78
10065	enzyme	LinChi35	LinChi35
10066	substrate	4-nitrophenyl N,N-diacetyl-β-D-chitobioside	4-nitrophenyl N,N-diacetyl-β-D-chitobioside
10067	enzyme	α-Terpineol synthase	α-Terpineol synthase
10068	enzyme	cbh1/cel7a	cbh1/cel7a
10069	enzyme	egl1/cel7b	egl1/cel7b
10070	enzyme	egl4/cel61a	egl4/cel61a
10071	enzyme	bgl1/cel3a	bgl1/cel3a
10072	enzyme	bgl2/cel1a	bgl2/cel1a
10073	enzyme	swo1	swo1
10074	substrate	Solka Floc	Solka Floc
10075	enzyme	CYP52M1	CYP52M1
10076	substrate	inorganic pyrophosphate	inorganic pyrophosphate
10077	microbiome	acidophilic fungus	acidophilic fungus
10078	enzyme	streptokinase	streptokinase
10079	substrate	plasminogen	plasminogen
10080	substrate	terpenol glycoside	terpenol glycoside
10081	substrate	alcohol glycoside	alcohol glycoside
10082	microbiome	Bacillus aryabhattai	Bacillus aryabhattai
10083	microbiome	Bacillus safensis	Bacillus safensis
10084	microbiome	Lysinibacillus macroides	Lysinibacillus macroides
10085	substrate	S-adenosylhomocysteine	S-adenosylhomocysteine
10086	enzyme	GH17 glucan 1,3-beta-glucosidase	GH17 glucan 1,3-beta-glucosidase
10087	enzyme	GH5 endoglucanase III	GH5 endoglucanase III
10088	enzyme	GH54 arabinofuranosidase B	GH54 arabinofuranosidase B
10089	substrate	arabinofuranoside	arabinofuranoside
10090	enzyme	IPNS	IPNS
10091	substrate	penicillin side-chain precursor	penicillin side-chain precursor
10092	enzyme	rhIL-2-HSA	rhIL-2-HSA
10093	enzyme	SeubMALT1	SeubMALT1
10094	enzyme	SeubMALT2n4	SeubMALT2n4
10095	enzyme	SeubMALT3	SeubMALT3
10096	enzyme	SeubIMA-B	SeubIMA-B
10097	microbiome	Saccharomyces eubayanus | SeubIMA-D	Saccharomyces eubayanus | SeubIMA-D
10098	enzyme	SeubMAL63A	SeubMAL63A
10099	enzyme	SeubMAL63B	SeubMAL63B
10100	enzyme	SeubMAL33A	SeubMAL33A
10101	enzyme	SeubMAL33B	SeubMAL33B
10102	enzyme	Pfu-sHSP	Pfu-sHSP
10103	enzyme	yfdZ	yfdZ
10104	enzyme	metB	metB
10105	microbiome	Clostridium grantii	Clostridium grantii
10106	enzyme	alginate-degrading enzyme	alginate-degrading enzyme
10107	enzyme	FeAPL1	FeAPL1
10108	enzyme	MBP-FeAPL1	MBP-FeAPL1
10109	enzyme	killer toxin K1	killer toxin K1
10110	enzyme	killer toxin K2	killer toxin K2
10111	microbiome	Saccharomyces capensis	Saccharomyces capensis
10112	enzyme	killer toxin K3	killer toxin K3
10113	enzyme	piscicocin VI	piscicocin VI
10114	microbiome	Carnobacterium divergens	Carnobacterium divergens
10115	enzyme	divercin V41	divercin V41
10116	microbiome	Saccharomyces cereviseae	Saccharomyces cereviseae
10117	enzyme	a amylase	a amylase
10118	substrate	1-dodecanoic acid	1-dodecanoic acid
10119	substrate	ω-hydroxydodecanoic acid	ω-hydroxydodecanoic acid
10120	substrate	Dolichol phosphate mannose	Dolichol phosphate mannose
10121	microbiome	Streptomyces michiganensis	Streptomyces michiganensis
10122	enzyme	mitomycin A	mitomycin A
10123	substrate	2-phenyl ethanol	2-phenyl ethanol
10124	substrate	hexyl acetate	hexyl acetate
10125	substrate	phenyl acetate	phenyl acetate
10126	enzyme	6-methyl salicylic acid synthase	6-methyl salicylic acid synthase
10127	enzyme	6-methyl salicylic acid decarboxylase	6-methyl salicylic acid decarboxylase
10128	substrate	6-methylsalicylic acid	6-methylsalicylic acid
10129	enzyme	endoglucanase (CMCase)	endoglucanase (CMCase)
10130	substrate	cellulosic agro-residue	cellulosic agro-residue
10131	enzyme	antimicrobial substances	antimicrobial substances
10132	enzyme	Adh	Adh
10133	microbiome	H. pseudoflava DSM 1034	H. pseudoflava DSM 1034
10134	enzyme	CRISPR3	CRISPR3
10135	enzyme	HMG-CoA reductase 1	HMG-CoA reductase 1
10136	enzyme	diacylglycerol acyltranferase	diacylglycerol acyltranferase
10137	enzyme	WIN64821	WIN64821
10138	microbiome	Streptococcus cremoris AM2	Streptococcus cremoris AM2
10139	microbiome	Klebsiella sp. H-207 | HZ-7	Klebsiella sp. H-207 | HZ-7
10140	enzyme	ferulic acid esterase	ferulic acid esterase
10141	enzyme	proteorhodopsin	proteorhodopsin
10142	enzyme	polyhydroxybutyrate	polyhydroxybutyrate
10143	substrate	jackfruit seed hydrolysate	jackfruit seed hydrolysate
10144	microbiome	Aspergillus caespitosus	Aspergillus caespitosus
10145	microbiome	Acetobacterium xylinum	Acetobacterium xylinum
10146	enzyme	G230A/D113S/D115T TrEGI	G230A/D113S/D115T TrEGI
10147	enzyme	Sc_TrEGI	Sc_TrEGI
10148	enzyme	Nc_TrEGI	Nc_TrEGI
10149	substrate	cellulosic substrates	cellulosic substrates
10150	microbiome	Saccharomyces cerevisiae | EEB1	Saccharomyces cerevisiae | EEB1
10151	enzyme	Nacetylneuraminate 7-O(or 9-O)-acetyltransferase	Nacetylneuraminate 7-O(or 9-O)-acetyltransferase
10152	enzyme	alpha-Neu5Ac alpha-2,8-sialyltransferase	alpha-Neu5Ac alpha-2,8-sialyltransferase
10153	substrate	Neu5Ac	Neu5Ac
10154	enzyme	acetoacetyl coenzyme A synthetase	acetoacetyl coenzyme A synthetase
10155	enzyme	CcCYP76AD4	CcCYP76AD4
10156	enzyme	CcCYP76AD4W13L	CcCYP76AD4W13L
10157	enzyme	p-coumarate 3-hydroxylase	p-coumarate 3-hydroxylase
10158	enzyme	methionine kinase	methionine kinase
10159	substrate	wheat starch	wheat starch
10160	substrate	Avicel cellulose	Avicel cellulose
10161	microbiome	Escherichia coli MS04	Escherichia coli MS04
10162	substrate	adenosine 5′-phosphosulfate	adenosine 5′-phosphosulfate
10163	substrate	p-nitrophenyl butylate	p-nitrophenyl butylate
10164	enzyme	β-tyrosinase	β-tyrosinase
10165	enzyme	fumarate/nitrate reductase	fumarate/nitrate reductase
10166	substrate	β-tyrosinase	β-tyrosinase
10167	substrate	EGFP	EGFP
10168	microbiome	Saccharomyces	Saccharomyces
10169	microbiome	Hericium erinaceus	Hericium erinaceus
10170	enzyme	orotate phosphoribosytransferase	orotate phosphoribosytransferase
10171	enzyme	orotidine monophosphate decarboxylase	orotidine monophosphate decarboxylase
10172	substrate	orotidine 5'-monophosphate	orotidine 5'-monophosphate
10173	enzyme	S-adenosine-L-methionine synthase	S-adenosine-L-methionine synthase
10174	enzyme	O-methyltransferase	O-methyltransferase
10175	substrate	genistein	genistein
10176	enzyme	aconitase isoform 1	aconitase isoform 1
10177	enzyme	aconitase isoform 2	aconitase isoform 2
10178	enzyme	succinate-cytochrome reductase	succinate-cytochrome reductase
10179	enzyme	Mtr	Mtr
10180	enzyme	TnaB	TnaB
10181	enzyme	endoglucanase EGVIII	endoglucanase EGVIII
10182	enzyme	Snf1 kinase	Snf1 kinase
10183	enzyme	DHAP dephosphorylase	DHAP dephosphorylase
10184	enzyme	atoDA	atoDA
10185	enzyme	adhE2	adhE2
10186	enzyme	Class II fructose 1,6-bisphosphate aldolase	Class II fructose 1,6-bisphosphate aldolase
10187	enzyme	pancreatic elastase	pancreatic elastase
10188	substrate	TP-I peptide monomers	TP-I peptide monomers
10189	substrate	C-terminal alanine residues	C-terminal alanine residues
10190	enzyme	AroK1	AroK1
10191	enzyme	AroA	AroA
10192	enzyme	PheA1	PheA1
10193	substrate	L-Phenylalanine	L-Phenylalanine
10194	enzyme	galactarolactone isomerase	galactarolactone isomerase
10195	microbiome	Salmonella enterica serovar Typhimurium	Salmonella enterica serovar Typhimurium
10196	enzyme	ST protein	ST protein
10197	substrate	4-b-D-xylan	4-b-D-xylan
10198	enzyme	LA-polymerizing enzyme	LA-polymerizing enzyme
10199	enzyme	monomer-supplying enzymes	monomer-supplying enzymes
10200	enzyme	phaG	phaG
10201	enzyme	alkK	alkK
10202	microbiome	Lactobacillus paracasei subsp. paracasei SM20	Lactobacillus paracasei subsp. paracasei SM20
10203	enzyme	2-pyrrolidone-5-carboxylic acid	2-pyrrolidone-5-carboxylic acid
10204	microbiome	Propionibacterium jensenii SM11	Propionibacterium jensenii SM11
10205	enzyme	3-phenyllactic acid	3-phenyllactic acid
10206	enzyme	hydroxyphenyllactic acid	hydroxyphenyllactic acid
10207	enzyme	deaminase	deaminase
10208	substrate	Basic Orange 2	Basic Orange 2
10209	substrate	hexacalcium phytate	hexacalcium phytate
10210	enzyme	AAC(3)-IV	AAC(3)-IV
10211	enzyme	OXA-33	OXA-33
10212	enzyme	CTX-M-14	CTX-M-14
10213	enzyme	APH(3'')-Ib	APH(3'')-Ib
10214	enzyme	tet(W/N/W)	tet(W/N/W)
10215	enzyme	citramalate synthase	citramalate synthase
10216	enzyme	alcohol acetyltransferases	alcohol acetyltransferases
10217	enzyme	acyl-CoA:ethanol O-acyltransferase	acyl-CoA:ethanol O-acyltransferase
10218	enzyme	chloramphenicol acetyltransferase	chloramphenicol acetyltransferase
10219	substrate	pNP-b-d-xylopyranoside	pNP-b-d-xylopyranoside
10220	substrate	ONPG-6P	ONPG-6P
10221	microbiome	human fecal microbiota	human fecal microbiota
10222	enzyme	colonic bacterial enzymes	colonic bacterial enzymes
10223	substrate	NDF of common bean Negro 8025	NDF of common bean Negro 8025
10224	microbiome	Meyerozyma caribbica	Meyerozyma caribbica
10225	enzyme	peptidylglycine a-amidating monooxygenase	peptidylglycine a-amidating monooxygenase
10226	substrate	glycine-extended salmon calcitonin peptide	glycine-extended salmon calcitonin peptide
10227	enzyme	Tmac1p	Tmac1p
10228	enzyme	CEL3B	CEL3B
10229	enzyme	CEL3G	CEL3G
10230	enzyme	CEL1B	CEL1B
10231	enzyme	fructose transporter	fructose transporter
10232	enzyme	GadC	GadC
10233	enzyme	His1p	His1p
10234	enzyme	His4p	His4p
10235	enzyme	Ser3p	Ser3p
10236	enzyme	Ser33p	Ser33p
10237	enzyme	Ser1p	Ser1p
10238	enzyme	Ilv1	Ilv1
10239	enzyme	Ilv6p	Ilv6p
10240	enzyme	Hom3p	Hom3p
10241	enzyme	Hom6p	Hom6p
10242	enzyme	Leu4p	Leu4p
10243	enzyme	Lys4p	Lys4p
10244	enzyme	Lys21p	Lys21p
10245	enzyme	Lys12p	Lys12p
10246	enzyme	Cpa2p	Cpa2p
10247	enzyme	Arg5,6p	Arg5,6p
10248	enzyme	Arg7p	Arg7p
10249	enzyme	Gln1p	Gln1p
10250	enzyme	Ade1p	Ade1p
10251	enzyme	Ade5,7p	Ade5,7p
10252	enzyme	Imd2p	Imd2p
10253	enzyme	Ade13p	Ade13p
10254	substrate	alpha-isopropylmalate	alpha-isopropylmalate
10255	substrate	purine nucleotides	purine nucleotides
10256	enzyme	D-arabinose dehydrogenase	D-arabinose dehydrogenase
10257	enzyme	D-arabinonate dehydratase	D-arabinonate dehydratase
10258	enzyme	2-keto acid decarboxylase	2-keto acid decarboxylase
10259	substrate	D-arabinose	D-arabinose
10260	enzyme	BGLII	BGLII
10261	substrate	surfactin	surfactin
10262	enzyme	P64k	P64k
10263	microbiome	Methanotrophs	Methanotrophs
10264	substrate	methane	methane
10265	enzyme	β(1,4)-galactosyltransferase	β(1,4)-galactosyltransferase
10266	enzyme	α(1,2)-fucosyltransferase	α(1,2)-fucosyltransferase
10267	enzyme	glucoseaccepting galactosyltransferase	glucoseaccepting galactosyltransferase
10268	microbiome	Streptococcus diacetilactis	Streptococcus diacetilactis
10269	microbiome	Streptococcus cremoris	Streptococcus cremoris
10270	enzyme	espA	espA
10271	enzyme	proline dehydrogenase	proline dehydrogenase
10272	enzyme	β-caryophyllene synthases	β-caryophyllene synthases
10273	enzyme	ethanol production enzyme	ethanol production enzyme
10274	microbiome	mixed ruminal microorganisms	mixed ruminal microorganisms
10275	microbiome	Lactococcus lactis subsp. cremoris NZ9000	Lactococcus lactis subsp. cremoris NZ9000
10276	substrate	shrimp shell	shrimp shell
10277	microbiome	Thermotoga thermarum DSM 5069	Thermotoga thermarum DSM 5069
10278	enzyme	Tth Man5 β-mannosidase	Tth Man5 β-mannosidase
10279	substrate	p-nitrophenyl-β-D-mannopyranoside	p-nitrophenyl-β-D-mannopyranoside
10280	microbiome	Acinetobacter sp. strain C-17	Acinetobacter sp. strain C-17
10281	microbiome	Aspergillus cfiuum	Aspergillus cfiuum
10282	substrate	groundnut cake	groundnut cake
10283	enzyme	cathepsin V	cathepsin V
10284	enzyme	cathepsin B	cathepsin B
10285	substrate	Z-Phe-Arg-AMC	Z-Phe-Arg-AMC
10286	substrate	Z-Leu-Arg-AMC	Z-Leu-Arg-AMC
10287	substrate	Z-Val-Val-Arg-AMC	Z-Val-Val-Arg-AMC
10288	microbiome	Saccharomyces cerevisiae BY4741	Saccharomyces cerevisiae BY4741
10289	substrate	anthracene	anthracene
10290	enzyme	GABA aminotransferase	GABA aminotransferase
10291	microbiome	Aspergillus niger NCIM 1359	Aspergillus niger NCIM 1359
10292	microbiome	Paenibacillus lactis	Paenibacillus lactis
10293	microbiome	Penicillium marinum	Penicillium marinum
10294	microbiome	Trichoderma reesei M2-1	Trichoderma reesei M2-1
10295	enzyme	Cel7s	Cel7s
10296	microbiome	Saccharomyces cerevisiae | Seub-MTY1	Saccharomyces cerevisiae | Seub-MTY1
10297	enzyme	Seub-AGT1	Seub-AGT1
10298	enzyme	anthranilate 1,2-dioxygenase	anthranilate 1,2-dioxygenase
10299	substrate	peanut protein	peanut protein
10300	enzyme	cell wall invertase	cell wall invertase
10301	enzyme	KDC	KDC
10302	enzyme	LlAdhA RE1	LlAdhA RE1
10303	substrate	KIV	KIV
10304	enzyme	GA synthase	GA synthase
10305	enzyme	LTC2	LTC2
10306	microbiome	Halomonas TD01	Halomonas TD01
10307	enzyme	2-methylcitrate synthase	2-methylcitrate synthase
10308	microbiome	Escherichia coli W3110	Escherichia coli W3110
10309	microbiome	Escherichia coli K-12	Escherichia coli K-12
10310	microbiome	Escherichia coli B	Escherichia coli B
10311	enzyme	L-nLDH	L-nLDH
10312	enzyme	CitA215MBP	CitA215MBP
10313	microbiome	Rhodotorula paludigena	Rhodotorula paludigena
10314	enzyme	CrtS	CrtS
10315	microbiome	Rhodotorula sampaioana	Rhodotorula sampaioana
10316	substrate	geranylgeranyl pyrophosphate	geranylgeranyl pyrophosphate
10317	substrate	n-butyrate	n-butyrate
10318	microbiome	Streptococcus equinus	Streptococcus equinus
10319	enzyme	transglucosylase	transglucosylase
10320	substrate	isoflavone-glycosides	isoflavone-glycosides
10321	enzyme	SazCA	SazCA
10322	enzyme	HPCA	HPCA
10323	substrate	acetyl-coA	acetyl-coA
10324	enzyme	HysA-New	HysA-New
10325	enzyme	HysA-S10	HysA-S10
10326	substrate	hyaluronidase	hyaluronidase
10327	enzyme	gelatin	gelatin
10328	substrate	copper sulphate	copper sulphate
10329	enzyme	Thermomyces lanuginosus lipase	Thermomyces lanuginosus lipase
10330	enzyme	ß-lactamase	ß-lactamase
10331	substrate	L-ascorbic acid	L-ascorbic acid
10332	substrate	β-cyclodextrin	β-cyclodextrin
10333	enzyme	c-PGA synthetase	c-PGA synthetase
10334	enzyme	allophycocyanin	allophycocyanin
10335	substrate	volatile terpenes	volatile terpenes
10336	microbiome	Penicillium rubens	Penicillium rubens
10337	microbiome	Streptomyces psammoticus	Streptomyces psammoticus
10338	substrate	coffee pulp	coffee pulp
10339	microbiome	Hanseniaspora vinae	Hanseniaspora vinae
10340	substrate	polymers	polymers
10341	enzyme	Plasmodium falciparum antigens	Plasmodium falciparum antigens
10342	enzyme	biomass	biomass
10343	microbiome	Mycolicibacterium smegmatis	Mycolicibacterium smegmatis
10344	enzyme	aminoacylase	aminoacylase
10345	substrate	lauroyl-methionine	lauroyl-methionine
10346	substrate	acetyl-amino acids	acetyl-amino acids
10347	enzyme	glyceraldehyde-3-phosphate dehydrogenase isozyme 2	glyceraldehyde-3-phosphate dehydrogenase isozyme 2
10348	enzyme	Ribulose-1,5-bisphosphate carboxylase/oxygenase	Ribulose-1,5-bisphosphate carboxylase/oxygenase
10349	enzyme	catalase-A	catalase-A
10350	enzyme	Thi3p	Thi3p
10351	enzyme	Mdh2p	Mdh2p
10352	enzyme	Pyc2p	Pyc2p
10353	enzyme	Mae1p	Mae1p
10354	enzyme	ECM17	ECM17
10355	enzyme	MET14	MET14
10356	enzyme	MET16	MET16
10357	substrate	3′-phosphoadenylsulfate	3′-phosphoadenylsulfate
10358	enzyme	Fab fragments	Fab fragments
10359	substrate	IgH	IgH
10360	substrate	IgL	IgL
10361	enzyme	lactoyl-CoA dehydratase	lactoyl-CoA dehydratase
10362	enzyme	acryloyl-CoA reductase	acryloyl-CoA reductase
10363	enzyme	xylose transporter	xylose transporter
10364	enzyme	GADA	GADA
10365	enzyme	GADB	GADB
10366	enzyme	LBGAD	LBGAD
10367	substrate	L-Glu	L-Glu
10368	enzyme	EcGGT	EcGGT
10369	enzyme	EcGGT/∆N11	EcGGT/∆N11
10370	enzyme	EcGGT/∆N16	EcGGT/∆N16
10371	enzyme	EcGGT/∆N17	EcGGT/∆N17
10372	enzyme	EcGGT/∆N18	EcGGT/∆N18
10373	enzyme	EcGGT/∆N20	EcGGT/∆N20
10374	enzyme	EcGGT/∆N26	EcGGT/∆N26
10375	enzyme	polyhydroxyalkanoate synthase 1	polyhydroxyalkanoate synthase 1
10376	microbiome	Lactococcus lactis subsp. lactis Il1403	Lactococcus lactis subsp. lactis Il1403
10377	enzyme	2HB dehydrogenase	2HB dehydrogenase
10378	enzyme	phosphatidate phosphatase	phosphatidate phosphatase
10379	enzyme	geranylgeranyl pyrophosphate synthase	geranylgeranyl pyrophosphate synthase
10380	enzyme	bifunctional phytoene synthase and lycopene cyclase	bifunctional phytoene synthase and lycopene cyclase
10381	microbiome	Bifidobacterium	Bifidobacterium
10382	enzyme	sonorensin	sonorensin
10383	substrate	d-glyceraldehyde 3-phosphate	d-glyceraldehyde 3-phosphate
10384	enzyme	ethanol dehydrogenase I ADH1	ethanol dehydrogenase I ADH1
10385	microbiome	Pseudozyma sp.	Pseudozyma sp.
10386	enzyme	LpVPR	LpVPR
10387	microbiome	Bacillus subtilis 3–10	Bacillus subtilis 3–10
10388	enzyme	AMP-forming acetyl CoA synthetase	AMP-forming acetyl CoA synthetase
10389	enzyme	isocitrate dehydrogenase 2	isocitrate dehydrogenase 2
10390	enzyme	dethiobiotin synthase	dethiobiotin synthase
10391	enzyme	biotin synthase	biotin synthase
10392	enzyme	glutathione transferase	glutathione transferase
10393	microbiome	Streptomyces alboniger	Streptomyces alboniger
10394	microbiome	Streptomyces ambofaciens	Streptomyces ambofaciens
10395	substrate	sweet potato starch	sweet potato starch
10396	microbiome	Micromonospora purpurea	Micromonospora purpurea
10397	enzyme	2-hydroxygentamicin	2-hydroxygentamicin
10398	substrate	2-deoxystreptamine	2-deoxystreptamine
10399	substrate	streptamine	streptamine
10400	substrate	2,4,6/3,5-pentahydroxycyclohexanone	2,4,6/3,5-pentahydroxycyclohexanone
10401	substrate	scylloinosamine-2	scylloinosamine-2
10402	substrate	dl-viboquercitol	dl-viboquercitol
10403	microbiome	Veillonella alcalescens	Veillonella alcalescens
10404	enzyme	malate-lactate transhydrogenase	malate-lactate transhydrogenase
10405	enzyme	lactate-dependent fumarate reductase	lactate-dependent fumarate reductase
10406	enzyme	NADH-dependent fumarate reductase	NADH-dependent fumarate reductase
10407	enzyme	NADPH-dependent fumarate reductase	NADPH-dependent fumarate reductase
10408	enzyme	NAD-dependent malate dehydrogenase	NAD-dependent malate dehydrogenase
10409	enzyme	miniantibody	miniantibody
10410	substrate	hydroxycinnamate	hydroxycinnamate
10411	enzyme	feruloyl esterase B	feruloyl esterase B
10412	substrate	methyl caVeate	methyl caVeate
10413	enzyme	CRP	CRP
10414	enzyme	phosphatidylinositol	phosphatidylinositol
10415	enzyme	phosphatidylcholine	phosphatidylcholine
10416	enzyme	ergosterol	ergosterol
10417	enzyme	hph	hph
10418	enzyme	exoinulinase	exoinulinase
10419	substrate	Jerusalem artichoke tuber flour	Jerusalem artichoke tuber flour
10420	enzyme	pgaA	pgaA
10421	enzyme	pgaC	pgaC
10422	enzyme	chitosan	chitosan
10423	enzyme	NADPH oxidase	NADPH oxidase
10424	substrate	O2	O2
10425	enzyme	xylanase XynA	xylanase XynA
10426	enzyme	REA-11	REA-11
10427	substrate	Kaolin clay suspension	Kaolin clay suspension
10428	enzyme	Scorpine	Scorpine
10429	substrate	rhamnolipid	rhamnolipid
10430	enzyme	pyridoxal kinase	pyridoxal kinase
10431	enzyme	PLP synthase	PLP synthase
10432	enzyme	thiazole synthase	thiazole synthase
10433	enzyme	thiamine pyrophosphokinase	thiamine pyrophosphokinase
10434	enzyme	SpaA	SpaA
10435	substrate	carbon source	carbon source
10436	enzyme	NoxE	NoxE
10437	enzyme	h.DAO	h.DAO
10438	enzyme	P-219-L mutant h.DAO	P-219-L mutant h.DAO
10439	enzyme	pNP-lactoside hydrolyzing enzyme	pNP-lactoside hydrolyzing enzyme
10440	substrate	pNP-lactoside	pNP-lactoside
10441	enzyme	MnSOD	MnSOD
10442	substrate	cassava	cassava
10443	enzyme	Pho8∆62	Pho8∆62
10444	microbiome	Saccharomyces cerevisiae | TLS1	Saccharomyces cerevisiae | TLS1
10445	enzyme	GLG1	GLG1
10446	enzyme	ARG1	ARG1
10447	enzyme	CHA1	CHA1
10448	enzyme	GLO1	GLO1
10449	enzyme	SUL2	SUL2
10450	microbiome	Komagataeibacter rhaeticus	Komagataeibacter rhaeticus
10451	microbiome	Komagataeibacter intermedius	Komagataeibacter intermedius
10452	enzyme	T5αOH-CPR	T5αOH-CPR
10453	enzyme	GGPPS	GGPPS
10454	enzyme	TbrTS	TbrTS
10455	substrate	taxadien-5α-ol	taxadien-5α-ol
10456	substrate	oxygenated taxanes	oxygenated taxanes
10457	enzyme	pNPC	pNPC
10458	enzyme	pNPG	pNPG
10459	enzyme	Methionine adenosyltransferase	Methionine adenosyltransferase
10460	enzyme	pyruvate dehydrogenase complex E1 component	pyruvate dehydrogenase complex E1 component
10461	microbiome	Aureobasidium melanogenum	Aureobasidium melanogenum
10462	enzyme	melanin	melanin
10463	enzyme	methionol-producing enzymes	methionol-producing enzymes
10464	microbiome	Chaetomium globosum	Chaetomium globosum
10465	enzyme	lignin-degrading enzyme	lignin-degrading enzyme
10466	substrate	(±)-MPGM	(±)-MPGM
10467	enzyme	Ply118	Ply118
10468	enzyme	Ply511	Ply511
10469	enzyme	Ply511⌬C	Ply511⌬C
10470	substrate	L-alanoyl-D-glutamate	L-alanoyl-D-glutamate
10471	substrate	N-acetylmuramoyl-L-alanine	N-acetylmuramoyl-L-alanine
10472	enzyme	isoleucine metabolic pathway enzyme	isoleucine metabolic pathway enzyme
10473	enzyme	FHL	FHL
10474	enzyme	δ 1 -pyrroline-5-carboxylate (P5C) reductase	δ 1 -pyrroline-5-carboxylate (P5C) reductase
10475	microbiome	Escherichia coli JFR12	Escherichia coli JFR12
10476	substrate	b-mannosidase	b-mannosidase
10477	substrate	mevalonic acid	mevalonic acid
10478	enzyme	β glucosidase	β glucosidase
10479	substrate	fatty acid	fatty acid
10480	microbiome	Bacillus subtilis subsp. natto	Bacillus subtilis subsp. natto
10481	enzyme	rBaxyl11	rBaxyl11
10482	microbiome	Gluconacetobacter medellensis	Gluconacetobacter medellensis
10483	microbiome	Thraustochytrium sp.	Thraustochytrium sp.
10484	enzyme	⌬4 fatty acid desaturase	⌬4 fatty acid desaturase
10485	microbiome	Brassica juncea	Brassica juncea
10486	substrate	22:5(n-3)	22:5(n-3)
10487	substrate	22:4(7,10,13,16)	22:4(7,10,13,16)
10488	microbiome	Acetivibrio cellulolyticus	Acetivibrio cellulolyticus
10489	enzyme	K5 lyase	K5 lyase
10490	substrate	K5 polysaccharide	K5 polysaccharide
10491	enzyme	anti-c-Met scFv	anti-c-Met scFv
10492	enzyme	anti-Met scFv	anti-Met scFv
10493	microbiome	Clostridium butyrium	Clostridium butyrium
10494	microbiome	Streptomyces sp. 594	Streptomyces sp. 594
10495	substrate	feather meal	feather meal
10496	enzyme	CphA	CphA
10497	enzyme	CphA NE1del96	CphA NE1del96
10498	enzyme	Gcr1	Gcr1
10499	microbiome	Caldariomyces fumago	Caldariomyces fumago
10500	enzyme	chloroperoxidase	chloroperoxidase
10501	enzyme	HFBII	HFBII
10502	enzyme	SC3	SC3
10503	enzyme	Str3p	Str3p
10504	substrate	L-cystathionine	L-cystathionine
10505	substrate	L-djenkolate	L-djenkolate
10506	enzyme	XylD	XylD
10507	substrate	xylonolactone	xylonolactone
10508	enzyme	flavonol 3-O-galactosyltransferase	flavonol 3-O-galactosyltransferase
10509	enzyme	flavonol 3-O-rhamnosyltransferase	flavonol 3-O-rhamnosyltransferase
10510	enzyme	UDP-rhamnose synthase	UDP-rhamnose synthase
10511	enzyme	sterol synthesis pathway	sterol synthesis pathway
10512	enzyme	preproinsulin	preproinsulin
10513	microbiome	Rhodotorula toruloides	Rhodotorula toruloides
10514	enzyme	torulene	torulene
10515	enzyme	torularhodin	torularhodin
10516	enzyme	orotate monophosphate decarboxylase	orotate monophosphate decarboxylase
10517	enzyme	Stx2d	Stx2d
10518	enzyme	haemolysins	haemolysins
10519	enzyme	AcTPS1	AcTPS1
10520	microbiome	Lactic acid bacteria	Lactic acid bacteria
10521	enzyme	cold shock proteins	cold shock proteins
10522	enzyme	XylA1F1	XylA1F1
10523	enzyme	EmBgl	EmBgl
10524	microbiome	Fusarium sp. SKF	Fusarium sp. SKF
10525	enzyme	ucFatB	ucFatB
10526	enzyme	ccFatB	ccFatB
10527	substrate	acyl-ACP	acyl-ACP
10528	enzyme	rbUOX	rbUOX
10529	microbiome	Streptomyces galbus NR	Streptomyces galbus NR
10530	enzyme	Cel9A	Cel9A
10531	enzyme	cel5A	cel5A
10532	enzyme	cel7B	cel7B
10533	enzyme	cel6A	cel6A
10534	enzyme	cel7A	cel7A
10535	enzyme	CryI	CryI
10536	enzyme	CryIII	CryIII
10537	enzyme	chitinase C	chitinase C
10538	enzyme	Chi-I	Chi-I
10539	enzyme	Chi-II	Chi-II
10540	substrate	p-nitrophenyl-N,N'-diacetylchitobiose	p-nitrophenyl-N,N'-diacetylchitobiose
10541	substrate	(R,S)-mandelonitrile	(R,S)-mandelonitrile
10542	enzyme	Tad1 protein	Tad1 protein
10543	enzyme	ADE	ADE
10544	enzyme	kaurene synthase	kaurene synthase
10545	enzyme	kaurene oxidase	kaurene oxidase
10546	enzyme	CYP714A2	CYP714A2
10547	substrate	ent-kaurene	ent-kaurene
10548	substrate	ent-kaurenoic acid	ent-kaurenoic acid
10549	substrate	steviol	steviol
10550	enzyme	CTH2	CTH2
10551	enzyme	CTH1	CTH1
10552	enzyme	dihydroxyacid dehydratase	dihydroxyacid dehydratase
10553	enzyme	2-ketoacid decarboxylase	2-ketoacid decarboxylase
10554	substrate	2-ketoisocaproate	2-ketoisocaproate
10555	substrate	2-ketomethylvalerate	2-ketomethylvalerate
10556	enzyme	Ho endonucleases	Ho endonucleases
10557	enzyme	alkaline polygalacturonate lyase	alkaline polygalacturonate lyase
10558	enzyme	alcohol-acetaldehyde dehydrogenase	alcohol-acetaldehyde dehydrogenase
10559	microbiome	Fomitopsis palustris	Fomitopsis palustris
10560	enzyme	GI	GI
10561	enzyme	GII	GII
10562	microbiome	strain A	strain A
10563	enzyme	malic acid decarboxylase	malic acid decarboxylase
10564	microbiome	strain B	strain B
10565	enzyme	diacetyl	diacetyl
10566	enzyme	ScDmc1	ScDmc1
10567	enzyme	ScRad51	ScRad51
10568	enzyme	TrRad51	TrRad51
10569	microbiome	Saccharomyces Type 1	Saccharomyces Type 1
10570	microbiome	Anchor Instant Yeast	Anchor Instant Yeast
10571	enzyme	recombinant invertase	recombinant invertase
10572	substrate	pretreated wood	pretreated wood
10573	enzyme	tyrosinase TYR2	tyrosinase TYR2
10574	substrate	L-dopa	L-dopa
10575	enzyme	lactate oxidase	lactate oxidase
10576	enzyme	flavin-containing monooxygenase	flavin-containing monooxygenase
10577	microbiome	Chlorobium	Chlorobium
10578	enzyme	glycogen fermentation enzymes	glycogen fermentation enzymes
10579	enzyme	curcumin synthase	curcumin synthase
10580	enzyme	MatB	MatB
10581	enzyme	MatC	MatC
10582	substrate	malonate	malonate
10583	enzyme	glucosamine synthase	glucosamine synthase
10584	enzyme	glucosamine-6-P N-acetyltransferase	glucosamine-6-P N-acetyltransferase
10585	substrate	glucosamine	glucosamine
10586	microbiome	Thermothelomyces thermophila	Thermothelomyces thermophila
10587	enzyme	TtMIOX	TtMIOX
10588	microbiome	Arabidopsis thaliana	Arabidopsis thaliana
10589	enzyme	AtMIOX	AtMIOX
10590	enzyme	MmMIOX	MmMIOX
10591	enzyme	alcohol oxidase I	alcohol oxidase I
10592	enzyme	GSH	GSH
10593	enzyme	MLE	MLE
10594	enzyme	PRPP synthase	PRPP synthase
10595	substrate	PRPP	PRPP
10596	enzyme	nitrate reductase A	nitrate reductase A
10597	microbiome	Helminthosporium dematoideum	Helminthosporium dematoideum
10598	enzyme	cytochalasin B	cytochalasin B
10599	microbiome	Zygosporium masonii	Zygosporium masonii
10600	enzyme	cytochalasin D	cytochalasin D
10601	enzyme	AaSOD	AaSOD
10602	enzyme	Pyk2p	Pyk2p
10603	enzyme	SSA1	SSA1
10604	enzyme	SSA3	SSA3
10605	enzyme	SSB1	SSB1
10606	enzyme	SSB2	SSB2
10607	enzyme	SSA2	SSA2
10608	enzyme	HSC82	HSC82
10609	enzyme	HSP40	HSP40
10610	enzyme	CDC37	CDC37
10611	microbiome	Saccharomyces cerevisiae | SSD1	Saccharomyces cerevisiae | SSD1
10612	microbiome	Saccharomyces cerevisiae | SSC1	Saccharomyces cerevisiae | SSC1
10613	enzyme	Sak1p	Sak1p
10614	enzyme	a-acetolactate decarboxylase	a-acetolactate decarboxylase
10615	enzyme	ALDC130	ALDC130
10616	enzyme	ALDC208	ALDC208
10617	microbiome	Bacillus velenzensis	Bacillus velenzensis
10618	substrate	monophenols	monophenols
10619	substrate	diphenols	diphenols
10620	microbiome	Anabaena sp. 7120	Anabaena sp. 7120
10621	microbiome	Lc. mesenteroides subsp. cremoris W3	Lc. mesenteroides subsp. cremoris W3
10622	enzyme	mesentericin W3	mesentericin W3
10623	enzyme	botulinum toxin	botulinum toxin
10624	enzyme	ABD	ABD
10625	microbiome	Trichoderma reseei	Trichoderma reseei
10626	substrate	β-xylan	β-xylan
10627	substrate	β-1,4-glucan	β-1,4-glucan
10628	microbiome	Escherichia coli O55:H7	Escherichia coli O55:H7
10629	enzyme	WbgO	WbgO
10630	substrate	GalNAc	GalNAc
10631	substrate	lacto-N-triose	lacto-N-triose
10632	enzyme	oxidoreductive xylose pathway	oxidoreductive xylose pathway
10633	enzyme	MvaK1	MvaK1
10634	substrate	Salmonella Gallinarum	Salmonella Gallinarum
10635	substrate	Salmonella Pullorum	Salmonella Pullorum
10636	substrate	Salmonella Enteritidis	Salmonella Enteritidis
10637	substrate	hydroxy-methyl-furfural	hydroxy-methyl-furfural
10638	enzyme	ASR1	ASR1
10639	enzyme	rPDT	rPDT
10640	substrate	sinigrin	sinigrin
10641	enzyme	5-ALA synthetase	5-ALA synthetase
10642	microbiome	Lactobacillus mesenteroides	Lactobacillus mesenteroides
10643	microbiome	Streptococcus inulinus	Streptococcus inulinus
10644	substrate	cadmium	cadmium
10645	microbiome	Peptostreptococcus anaerobius	Peptostreptococcus anaerobius
10646	enzyme	proline reductase	proline reductase
10647	enzyme	pyruvate-ferridoxin oxidoreductase	pyruvate-ferridoxin oxidoreductase
10648	enzyme	phosphate acyl transferase	phosphate acyl transferase
10649	substrate	barley flour	barley flour
10650	enzyme	H1-ATPase	H1-ATPase
10651	enzyme	malonate synthetase	malonate synthetase
10652	substrate	coumaroyl-CoA	coumaroyl-CoA
10653	enzyme	mycophenolic acid	mycophenolic acid
10654	enzyme	5-hydroxy-7-methoxy-4-methylphthalide	5-hydroxy-7-methoxy-4-methylphthalide
10655	enzyme	cbh1	cbh1
10656	enzyme	cbh2	cbh2
10657	microbiome	Clostridium isatidis	Clostridium isatidis
10658	enzyme	indigo reductase	indigo reductase
10659	enzyme	fatty acid Δ9-desaturase	fatty acid Δ9-desaturase
10660	enzyme	VT1	VT1
10661	enzyme	VT2	VT2
10662	substrate	verocytotoxin	verocytotoxin
10663	enzyme	AsPKSIII1	AsPKSIII1
10664	enzyme	AsPKSIII2	AsPKSIII2
10665	enzyme	AsPKSIII3	AsPKSIII3
10666	enzyme	DepolTM 740L	DepolTM 740L
10667	substrate	glucuronoarabinoxylans	glucuronoarabinoxylans
10668	substrate	crystalline cellulose	crystalline cellulose
10669	enzyme	OXA-1041	OXA-1041
10670	substrate	ertapenem	ertapenem
10671	substrate	meropenem	meropenem
10672	substrate	imipenem	imipenem
10673	substrate	doripenem	doripenem
10674	substrate	pomegranate peel	pomegranate peel
10675	substrate	epicatechin	epicatechin
10676	enzyme	HXK2	HXK2
10677	enzyme	3-hydroxybutyrl-CoA dehydrogenase	3-hydroxybutyrl-CoA dehydrogenase
10678	enzyme	butylaldehyde/butanol dehydrogenase	butylaldehyde/butanol dehydrogenase
10679	microbiome	Pycnoporus coccineus	Pycnoporus coccineus
10680	microbiome	Cerrena maxima	Cerrena maxima
10681	microbiome	Coriolopsis polyzona	Coriolopsis polyzona
10682	substrate	banana peels	banana peels
10683	substrate	apple peelings	apple peelings
10684	enzyme	enone-reductase	enone-reductase
10685	substrate	1-octen-3-one	1-octen-3-one
10686	substrate	(Z)-1,5-octadien-3-one	(Z)-1,5-octadien-3-one
10687	enzyme	Aga36A	Aga36A
10688	enzyme	AgaN	AgaN
10689	substrate	PNP-Gal	PNP-Gal
10690	substrate	orange peel	orange peel
10691	substrate	coconut fiber	coconut fiber
10692	enzyme	malonyl-CoA:ACP transacylase	malonyl-CoA:ACP transacylase
10693	enzyme	SrpABC efflux pump	SrpABC efflux pump
10694	substrate	S-adenosyl-l-methionine	S-adenosyl-l-methionine
10695	microbiome	Burkholderia cepacia MBA4	Burkholderia cepacia MBA4
10696	enzyme	Deh4p	Deh4p
10697	substrate	14C-monochloroacetic acid	14C-monochloroacetic acid
10698	enzyme	TAT-survivin (T34A)	TAT-survivin (T34A)
10699	enzyme	acetoin reductase/2,3-butanediol dehydrogenase	acetoin reductase/2,3-butanediol dehydrogenase
10700	enzyme	RhuA	RhuA
10701	enzyme	stx1	stx1
10702	enzyme	stx2	stx2
10703	enzyme	endoglucanase-I-1A	endoglucanase-I-1A
10704	enzyme	endoglucanase-III-3A	endoglucanase-III-3A
10705	enzyme	human serum albumin	human serum albumin
10706	microbiome	Enterobacter agglomerans	Enterobacter agglomerans
10707	enzyme	rHSA	rHSA
10708	substrate	diethyl malate	diethyl malate
10709	enzyme	6PGDH	6PGDH
10710	enzyme	Ppc	Ppc
10711	microbiome	Vibrio sp. BM-1	Vibrio sp. BM-1
10712	enzyme	PHB depolymerase	PHB depolymerase
10713	microbiome	Penicillium griseofulvum	Penicillium griseofulvum
10714	enzyme	patulin	patulin
10715	substrate	carboxylmethylcellulose	carboxylmethylcellulose
10716	enzyme	germacrene A synthase	germacrene A synthase
10717	enzyme	farnesyl pyrophosphate synthase	farnesyl pyrophosphate synthase
10718	substrate	germacrene A	germacrene A
10719	enzyme	YJR096W	YJR096W
10720	enzyme	xylose reductase-xylitol dehydrogenase	xylose reductase-xylitol dehydrogenase
10721	enzyme	pyranose 2-oxidase	pyranose 2-oxidase
10722	substrate	l-sorbose	l-sorbose
10723	substrate	d-galactose	d-galactose
10724	substrate	Aleppo pine waste	Aleppo pine waste
10725	substrate	confectionery effluent	confectionery effluent
10726	microbiome	Penicillium canescens	Penicillium canescens
10727	substrate	soya oil cake	soya oil cake
10728	enzyme	N-acetyltransferase	N-acetyltransferase
10729	substrate	L-azetidine-2-carboxylic acid	L-azetidine-2-carboxylic acid
10730	enzyme	sphingofungin A	sphingofungin A
10731	enzyme	sphingofungin B	sphingofungin B
10732	enzyme	sphingofungin C	sphingofungin C
10733	enzyme	sphingofungin D	sphingofungin D
10734	microbiome	Lactic Acid Bacteria	Lactic Acid Bacteria
10735	microbiome	L. pentosus	L. pentosus
10736	microbiome	Nocardia orientalis	Nocardia orientalis
10737	microbiome	Brevibacterium sp. SY361	Brevibacterium sp. SY361
10738	microbiome	Candida xylopsoci	Candida xylopsoci
10739	enzyme	CheY-gFP	CheY-gFP
10740	enzyme	phosphohydrolase	phosphohydrolase
10741	substrate	DL-glyceraldehyde	DL-glyceraldehyde
10742	microbiome	Acinetobacter baumannii	Acinetobacter baumannii
10743	enzyme	matrine	matrine
10744	enzyme	lysine/cadaverine antiporter	lysine/cadaverine antiporter
10745	enzyme	L-aspartate a-decarboxylase	L-aspartate a-decarboxylase
10746	enzyme	L-aspartate dehydrogenase	L-aspartate dehydrogenase
10747	enzyme	phosphoenolpyruvate decarboxylase	phosphoenolpyruvate decarboxylase
10748	enzyme	Taq polymerase	Taq polymerase
10749	enzyme	T4DNA ligase	T4DNA ligase
10750	enzyme	human epidermal growth factor	human epidermal growth factor
10751	enzyme	HXT8	HXT8
10752	enzyme	FSY1	FSY1
10753	enzyme	His6-TEV	His6-TEV
10754	substrate	GST-EGFP	GST-EGFP
10755	enzyme	MLH	MLH
10756	enzyme	polyphosphate glucokinase	polyphosphate glucokinase
10757	substrate	hexoses	hexoses
10758	enzyme	D-tagatose 3-epimerase	D-tagatose 3-epimerase
10759	microbiome	Zygotorulaspora florentina	Zygotorulaspora florentina
10760	enzyme	alcohol acetyl-transferases	alcohol acetyl-transferases
10761	enzyme	esterhydrolases	esterhydrolases
10762	microbiome	Cupriavidus necator H16	Cupriavidus necator H16
10763	enzyme	isopentenyl-diphosphate δ-isomerase	isopentenyl-diphosphate δ-isomerase
10764	enzyme	farnesyl diphosphate synthetase	farnesyl diphosphate synthetase
10765	microbiome	Thermococcus kodakarensis	Thermococcus kodakarensis
10766	enzyme	[NiFe]-hydrogenase	[NiFe]-hydrogenase
10767	enzyme	FPAase	FPAase
10768	enzyme	ATP±NAD kinase	ATP±NAD kinase
10769	microbiome	Micrococcus flavus	Micrococcus flavus
10770	enzyme	poly(P)/ATP±NAD kinase	poly(P)/ATP±NAD kinase
10771	enzyme	ΔN123-GBD-CD2	ΔN123-GBD-CD2
10772	enzyme	d-carbamoylase	d-carbamoylase
10773	substrate	structural grape polysaccharides	structural grape polysaccharides
10774	enzyme	pyruvate dehydrogenase complex protein X	pyruvate dehydrogenase complex protein X
10775	enzyme	saccharifying enzymes	saccharifying enzymes
10776	enzyme	carboxypeptidase M	carboxypeptidase M
10777	substrate	dansyl-Ala-Arg	dansyl-Ala-Arg
10778	substrate	soya-bean cake powder	soya-bean cake powder
10779	enzyme	HGGT	HGGT
10780	enzyme	TC	TC
10781	enzyme	tTC	tTC
10782	enzyme	phytase appA	phytase appA
10783	enzyme	phytase appA-M6	phytase appA-M6
10784	enzyme	selenium-dependent molybdenum hydroxylase	selenium-dependent molybdenum hydroxylase
10785	enzyme	recombinant human TNF-a	recombinant human TNF-a
10786	microbiome	Dickeya zeae	Dickeya zeae
10787	enzyme	zmsK	zmsK
10788	substrate	zeamine II	zeamine II
10789	enzyme	ColE2	ColE2
10790	enzyme	keratinolytic protease	keratinolytic protease
10791	microbiome	Staphylococcus haemolyticus	Staphylococcus haemolyticus
10792	microbiome	Bacillus safenis	Bacillus safenis
10793	microbiome	Paenibacillus sp.	Paenibacillus sp.
10794	microbiome	Streptomyces albogriseolus subsp. cellulolyticus	Streptomyces albogriseolus subsp. cellulolyticus
10795	microbiome	Aminobacter sp. strain MSH1	Aminobacter sp. strain MSH1
10796	enzyme	BAM-degrading enzyme	BAM-degrading enzyme
10797	substrate	2,6-dichlorobenzamide	2,6-dichlorobenzamide
10798	enzyme	phenylacetic acid synthase	phenylacetic acid synthase
10799	substrate	2-phenylacetaldehyde	2-phenylacetaldehyde
10800	microbiome	Lactococcus lactis subsp. cremoris FD1	Lactococcus lactis subsp. cremoris FD1
10801	enzyme	fructose PTS	fructose PTS
10802	substrate	quercetin glycoside	quercetin glycoside
10803	enzyme	Irc7p	Irc7p
10804	substrate	P-4MSP	P-4MSP
10805	substrate	P-3SH	P-3SH
10806	microbiome	Staphylococci	Staphylococci
10807	enzyme	free coagulase	free coagulase
10808	enzyme	clumping factor	clumping factor
10809	enzyme	C14-15BDs synthetase	C14-15BDs synthetase
10810	substrate	maize straws	maize straws
10811	substrate	oat spelts xylan	oat spelts xylan
10812	microbiome	Paenibacillus sp. IND8	Paenibacillus sp. IND8
10813	enzyme	aminomethyltransferase	aminomethyltransferase
10814	enzyme	glycine cleavage system H protein	glycine cleavage system H protein
10815	enzyme	heat shock protein SSA4	heat shock protein SSA4
10816	enzyme	ergosterol biosynthetic protein 28	ergosterol biosynthetic protein 28
10817	enzyme	protein YSC84	protein YSC84
10818	enzyme	adenylyl cyclase-associated protein	adenylyl cyclase-associated protein
10819	enzyme	myosin-3	myosin-3
10820	enzyme	glutamate 5-kinase	glutamate 5-kinase
10821	enzyme	pro-apoptotic serine protease NMA111	pro-apoptotic serine protease NMA111
10822	enzyme	60S ribosomal protein L4-A	60S ribosomal protein L4-A
10823	enzyme	60S ribosomal protein L35-A	60S ribosomal protein L35-A
10824	enzyme	60S ribosomal protein L28	60S ribosomal protein L28
10825	enzyme	60S ribosomal protein L34-B	60S ribosomal protein L34-B
10826	enzyme	40S ribosomal protein S13	40S ribosomal protein S13
10827	enzyme	40S ribosomal protein S26-A	40S ribosomal protein S26-A
10828	enzyme	glutamate-tRNA ligase	glutamate-tRNA ligase
10829	enzyme	aspartate-tRNA ligase	aspartate-tRNA ligase
10830	enzyme	ATP-dependent RNA helicase	ATP-dependent RNA helicase
10831	enzyme	nascent polypeptide-associated complex subunit beta-1	nascent polypeptide-associated complex subunit beta-1
10832	enzyme	HSP90 cochaperone	HSP90 cochaperone
10833	enzyme	cell wall mannoprotein	cell wall mannoprotein
10834	enzyme	cochaperone protein	cochaperone protein
10835	enzyme	saccharopepsin	saccharopepsin
10836	substrate	(R,S)-adenosylmethionine	(R,S)-adenosylmethionine
10837	substrate	actin filaments	actin filaments
10838	substrate	ribosome	ribosome
10839	substrate	HSP90 cochaperone	HSP90 cochaperone
10840	substrate	aluminum	aluminum
10841	substrate	cochaperone protein	cochaperone protein
10842	enzyme	phosphoenol pyruvate carboxykinase	phosphoenol pyruvate carboxykinase
10843	enzyme	6-phosphofructokinase I	6-phosphofructokinase I
10844	microbiome	Orpinomyces joyonii	Orpinomyces joyonii
10845	enzyme	VMCQI	VMCQI
10846	enzyme	VMQCIRTT	VMQCIRTT
10847	enzyme	uptake hydrogenase 1	uptake hydrogenase 1
10848	enzyme	uptake hydrogenase 2	uptake hydrogenase 2
10849	enzyme	formate-hydrogen-lyase	formate-hydrogen-lyase
10850	enzyme	exoglucanase Cel7A	exoglucanase Cel7A
10851	enzyme	2-phosphoglycerate dehydratase	2-phosphoglycerate dehydratase
10852	enzyme	O-acetylserine sulfhydrylase	O-acetylserine sulfhydrylase
10853	enzyme	farnesyl pyrophosphate synthetase	farnesyl pyrophosphate synthetase
10854	enzyme	superoxide dismutase [Mn]	superoxide dismutase [Mn]
10855	enzyme	superoxide cytochrome C peroxidase	superoxide cytochrome C peroxidase
10856	enzyme	thioredoxin peroxidase	thioredoxin peroxidase
10857	enzyme	delta-1-pyrroline-5-carboxylate dehydrogenase	delta-1-pyrroline-5-carboxylate dehydrogenase
10858	enzyme	phosphoinositide 3-phosphatase	phosphoinositide 3-phosphatase
10859	substrate	cytochrome C	cytochrome C
10860	substrate	phosphotidylinositol 3-phosphate	phosphotidylinositol 3-phosphate
10861	enzyme	Haa1p	Haa1p
10862	enzyme	Tye7p	Tye7p
10863	enzyme	TrAA12	TrAA12
10864	enzyme	l-lactic acid dehydrogenase	l-lactic acid dehydrogenase
10865	substrate	SUMO/hIFN-c fusion protein	SUMO/hIFN-c fusion protein
10866	substrate	a-ketoglutaric acid	a-ketoglutaric acid
10867	enzyme	RNase HII	RNase HII
10868	substrate	DNA/RNA hybrids	DNA/RNA hybrids
10869	substrate	5′-fluorescent oligodeoxynucleotide	5′-fluorescent oligodeoxynucleotide
10870	substrate	r(A)4 embedded substrates	r(A)4 embedded substrates
10871	substrate	single embedded ribonucleotide	single embedded ribonucleotide
10872	substrate	hairpin oligodeoxynucleotide	hairpin oligodeoxynucleotide
10873	substrate	rU	rU
10874	enzyme	rLTB	rLTB
10875	substrate	GM1-ganglioside	GM1-ganglioside
10876	enzyme	MAL21 permease	MAL21 permease
10877	enzyme	MAL41 permease	MAL41 permease
10878	enzyme	NAD transhydrogenase	NAD transhydrogenase
10879	enzyme	NADP transhydrogenase	NADP transhydrogenase
10880	substrate	four-carbon compounds	four-carbon compounds
10881	enzyme	maltooligosyltrehalose synthase	maltooligosyltrehalose synthase
10882	enzyme	maltooligosyltrehalose trehalohydrolase	maltooligosyltrehalose trehalohydrolase
10883	enzyme	neutral pullulanase PulA	neutral pullulanase PulA
10884	substrate	biodiesel	biodiesel
10885	enzyme	protein tyrosine phosphatase	protein tyrosine phosphatase
10886	enzyme	phosphoprotein phosphatase	phosphoprotein phosphatase
10887	substrate	peptidyl tyrosine	peptidyl tyrosine
10888	enzyme	L-isoleucine	L-isoleucine
10889	enzyme	KDPG aldolase	KDPG aldolase
10890	enzyme	CDT-2	CDT-2
10891	enzyme	PspA1	PspA1
10892	microbiome	Halobacterium	Halobacterium
10893	enzyme	bacteriorhodopsin	bacteriorhodopsin
10894	enzyme	(S)-3-hydroxybutyryl-CoA dehydrogenase	(S)-3-hydroxybutyryl-CoA dehydrogenase
10895	enzyme	3-hydroxyisobutyryl-CoA hydrolase	3-hydroxyisobutyryl-CoA hydrolase
10896	substrate	(S)-3-hydroxybutyryl-CoA	(S)-3-hydroxybutyryl-CoA
10897	substrate	3-hydroxyisobutyryl-CoA	3-hydroxyisobutyryl-CoA
10898	microbiome	Schistosoma mansoni	Schistosoma mansoni
10899	enzyme	MAL61	MAL61
10900	substrate	hBNP	hBNP
10901	enzyme	BsHepPPS	BsHepPPS
10902	enzyme	HepPPS	HepPPS
10903	substrate	heptaprenyl pyrophosphate	heptaprenyl pyrophosphate
10904	substrate	OctPP	OctPP
10905	enzyme	GDP-mannose 6-dehydrogenase	GDP-mannose 6-dehydrogenase
10906	substrate	p-nitrophenyl-decanoate	p-nitrophenyl-decanoate
10907	enzyme	l-serine deaminase	l-serine deaminase
10908	enzyme	PGDH	PGDH
10909	enzyme	eamA	eamA
10910	substrate	hydroxyethyl cellulose	hydroxyethyl cellulose
10911	enzyme	carboligase	carboligase
10912	enzyme	cellobiohydrolase 1 CEL7A	cellobiohydrolase 1 CEL7A
10913	enzyme	extracellular β-galactosidase BGA1	extracellular β-galactosidase BGA1
10914	enzyme	F 1 -ATPase	F 1 -ATPase
10915	microbiome	Weissella	Weissella
10916	microbiome	Lichtheimia	Lichtheimia
10917	enzyme	L-lactate dehydrogenase (cytochrome)	L-lactate dehydrogenase (cytochrome)
10918	enzyme	ferulate carboxy-lyase	ferulate carboxy-lyase
10919	microbiome	Byssochlamys	Byssochlamys
10920	enzyme	catechol O-methyltransferase	catechol O-methyltransferase
10921	enzyme	arylalcohol dehydrogenase	arylalcohol dehydrogenase
10922	enzyme	primary-amine oxidase	primary-amine oxidase
10923	microbiome	Thermoactinomyces	Thermoactinomyces
10924	enzyme	salicylate hydroxylase	salicylate hydroxylase
10925	microbiome	Lactobacillus brevis NCL912	Lactobacillus brevis NCL912
10926	substrate	l-glutamic acid	l-glutamic acid
10927	substrate	L(+)-tartaric acid	L(+)-tartaric acid
10928	enzyme	ngCA	ngCA
10929	substrate	calcium carbonate	calcium carbonate
10930	enzyme	Fps1	Fps1
10931	enzyme	hydroxylated acyl-ACP dehydratase	hydroxylated acyl-ACP dehydratase
10932	enzyme	acyltransferase	acyltransferase
10933	enzyme	cpCasp2	cpCasp2
10934	enzyme	T7AC-cpCasp2	T7AC-cpCasp2
10935	substrate	VDVAD	VDVAD
10936	enzyme	NADH-dependent malic enzyme	NADH-dependent malic enzyme
10937	enzyme	NADPH-dependent malic enzyme	NADPH-dependent malic enzyme
10938	enzyme	ATP sulphurylase	ATP sulphurylase
10939	enzyme	extracellular invertase	extracellular invertase
10940	microbiome	Methanobacterium sp. strain THF	Methanobacterium sp. strain THF
10941	enzyme	carbon monoxide dehydrogenase	carbon monoxide dehydrogenase
10942	enzyme	Ca10HGO	Ca10HGO
10943	enzyme	CaIS	CaIS
10944	substrate	10-hydroxygeraniol	10-hydroxygeraniol
10945	substrate	10-hydroxygeranial	10-hydroxygeranial
10946	substrate	10-oxogeranial	10-oxogeranial
10947	enzyme	IIA Glc	IIA Glc
10948	enzyme	FrsA	FrsA
10949	substrate	spinach	spinach
10950	enzyme	cellobiohydrolase CBH I	cellobiohydrolase CBH I
10951	enzyme	fructansucrase	fructansucrase
10952	enzyme	glucoamylase GAI	glucoamylase GAI
10953	enzyme	glucoamylase GAII	glucoamylase GAII
10954	enzyme	expandase	expandase
10955	enzyme	cyclase	cyclase
10956	substrate	(NH4)2SO4	(NH4)2SO4
10957	enzyme	anthranilate synthase/indole-3-glycerol phosphate synthase	anthranilate synthase/indole-3-glycerol phosphate synthase
10958	enzyme	anthranilate phosphoribosyltransferase	anthranilate phosphoribosyltransferase
10959	substrate	D-erythrose 4-phosphate	D-erythrose 4-phosphate
10960	microbiome	Ideonella sakaiensis	Ideonella sakaiensis
10961	enzyme	IsPETaseEHA_CBM	IsPETaseEHA_CBM
10962	enzyme	scFv	scFv
10963	enzyme	recombinant TOP	recombinant TOP
10964	enzyme	(D)-lactate dehydrogenase	(D)-lactate dehydrogenase
10965	substrate	lactyl-CoA	lactyl-CoA
10966	enzyme	pyruvate decarboxylase isozyme	pyruvate decarboxylase isozyme
10967	enzyme	H+-transporting ATP synthase	H+-transporting ATP synthase
10968	microbiome	Aspergillus sp. SPH2	Aspergillus sp. SPH2
10969	substrate	mellein	mellein
10970	enzyme	dsdA	dsdA
10971	enzyme	csrRAKB	csrRAKB
10972	substrate	D-serine	D-serine
10973	substrate	2-methyl-1-propanol	2-methyl-1-propanol
10974	enzyme	triostin A	triostin A
10975	substrate	oat bran	oat bran
10976	enzyme	CTB-linker-Cry j 1 epi-Cry j 2 epi-Flag	CTB-linker-Cry j 1 epi-Cry j 2 epi-Flag
10977	enzyme	flavin isoprenyl transferase	flavin isoprenyl transferase
10978	substrate	a-amylase mRNA	a-amylase mRNA
10979	enzyme	acyl carrier protein	acyl carrier protein
10980	enzyme	fatty acid synthesis system	fatty acid synthesis system
10981	enzyme	HaeIII	HaeIII
10982	enzyme	CfoI	CfoI
10983	enzyme	Pir4-IL1β	Pir4-IL1β
10984	microbiome	Torulopsis globosa	Torulopsis globosa
10985	substrate	4-methylumbelliferyl-α-D glucoside	4-methylumbelliferyl-α-D glucoside
10986	enzyme	enzymes involved in the reductive arm of the tricarboxylic acid cycle	enzymes involved in the reductive arm of the tricarboxylic acid cycle
10987	enzyme	enzymes involved in the glyoxylate shunt	enzymes involved in the glyoxylate shunt
10988	enzyme	rAT-INS	rAT-INS
10989	enzyme	ethanol-fermenting enzyme	ethanol-fermenting enzyme
10990	enzyme	endo-b-mannanase	endo-b-mannanase
10991	substrate	pinewood	pinewood
10992	enzyme	bxl1	bxl1
10993	enzyme	xyn1	xyn1
10994	substrate	L-arabitol	L-arabitol
10995	microbiome	YPH499 | Tat2	YPH499 | Tat2
10996	microbiome	YPH499 | Ptr2	YPH499 | Ptr2
10997	microbiome	Nocardia sp. CCM 4837/A	Nocardia sp. CCM 4837/A
10998	substrate	soy cake	soy cake
10999	enzyme	acetic acid dehydrogenase	acetic acid dehydrogenase
11000	enzyme	Gap1p	Gap1p
11001	enzyme	Gdh2p	Gdh2p
11002	enzyme	b-glucosidase 1	b-glucosidase 1
11003	enzyme	ald4	ald4
11004	substrate	terpene	terpene
11005	substrate	C13-norisoprenoid	C13-norisoprenoid
11006	enzyme	XylR	XylR
11007	microbiome	Propionicimonas paludicola	Propionicimonas paludicola
11008	enzyme	methylmalonyl-CoA isomerase	methylmalonyl-CoA isomerase
11009	enzyme	p-coumaroyl esterase	p-coumaroyl esterase
11010	substrate	trans-ethyl ferulate	trans-ethyl ferulate
11011	enzyme	acidophilic tannase	acidophilic tannase
11012	enzyme	l-homoserine O-succinyltransferase	l-homoserine O-succinyltransferase
11013	enzyme	phosphoglycerate dehydrogenase	phosphoglycerate dehydrogenase
11014	substrate	l-homoserine	l-homoserine
11015	substrate	O-succinyl-l-homoserine	O-succinyl-l-homoserine
11016	enzyme	Cel1A	Cel1A
11017	enzyme	Cel3B	Cel3B
11018	enzyme	Cel3E	Cel3E
11019	enzyme	Cel3F	Cel3F
11020	enzyme	Cel3G	Cel3G
11021	enzyme	Cel3C	Cel3C
11022	enzyme	Cel3D	Cel3D
11023	microbiome	Streptomyces sp. N1	Streptomyces sp. N1
11024	enzyme	5-aminolevulinic acid dehydratase	5-aminolevulinic acid dehydratase
11025	enzyme	endoglucanase 3	endoglucanase 3
11026	enzyme	endoglucanase V	endoglucanase V
11027	enzyme	β-glucosidase 3A	β-glucosidase 3A
11028	enzyme	β-glucosidase 3B	β-glucosidase 3B
11029	enzyme	Xyl43A	Xyl43A
11030	microbiome	Streptomyces albulus	Streptomyces albulus
11031	enzyme	ε-poly-L-lysine	ε-poly-L-lysine
11032	microbiome	Methanobac	Methanobac
11033	enzyme	2-hydroxyisocaproate dehydrogenase	2-hydroxyisocaproate dehydrogenase
11034	substrate	D-xylulose 5-phosphate	D-xylulose 5-phosphate
11035	enzyme	a-cyclodextrin glycosyltransferase	a-cyclodextrin glycosyltransferase
11036	enzyme	coa-CGTase	coa-CGTase
11037	enzyme	wta-CGTase	wta-CGTase
11038	substrate	a-cyclodextrin	a-cyclodextrin
11039	enzyme	vitisin A	vitisin A
11040	enzyme	vitisin B	vitisin B
11041	substrate	(+)-catechin	(+)-catechin
11042	substrate	procyanidin B2	procyanidin B2
11043	enzyme	YOL151W	YOL151W
11044	substrate	3-chloro-1-phenyl-1-propanone	3-chloro-1-phenyl-1-propanone
11045	substrate	2′-fucosyllactose	2′-fucosyllactose
11046	enzyme	isobutanol	isobutanol
11047	enzyme	X-prolyl dipeptidyl peptidase PepXP	X-prolyl dipeptidyl peptidase PepXP
11048	enzyme	O-acetylhomoserine sulfhydrylase	O-acetylhomoserine sulfhydrylase
11049	enzyme	BCAA aminotransferase	BCAA aminotransferase
11050	enzyme	ketol-acid reductoisomerase	ketol-acid reductoisomerase
11051	enzyme	formyl-tetrahydrofolate synthetase	formyl-tetrahydrofolate synthetase
11052	enzyme	filter-paper activity	filter-paper activity
11053	substrate	2,6-diaminopurine nucleoside	2,6-diaminopurine nucleoside
11054	substrate	2,6-diaminopurine deoxynucleoside	2,6-diaminopurine deoxynucleoside
11055	enzyme	F0F1-adenosine triphosphatase	F0F1-adenosine triphosphatase
11056	enzyme	fosfomycin	fosfomycin
11057	enzyme	QUEEN-2m	QUEEN-2m
11058	enzyme	sfpHluorin	sfpHluorin
11059	enzyme	OxPro	OxPro
11060	enzyme	GlyRNA	GlyRNA
11061	enzyme	RibPro	RibPro
11062	substrate	fructosebisphosphate	fructosebisphosphate
11063	microbiome	Corynebacterium lepus	Corynebacterium lepus
11064	enzyme	phosphatidyl glycerol	phosphatidyl glycerol
11065	enzyme	phosphatidyl inositol	phosphatidyl inositol
11066	enzyme	phosphatidyl inositol mannoside	phosphatidyl inositol mannoside
11067	enzyme	phosphatidyl serine	phosphatidyl serine
11068	enzyme	cardiolipin	cardiolipin
11069	enzyme	phosphatidyl glycerol phosphate	phosphatidyl glycerol phosphate
11070	enzyme	glycolipid	glycolipid
11071	substrate	corynomycolic acids	corynomycolic acids
11072	substrate	glycerides	glycerides
11073	substrate	l-alanine	l-alanine
11074	substrate	d-alanine	d-alanine
11075	enzyme	pectin-lyase	pectin-lyase
11076	enzyme	pectate-lyase	pectate-lyase
11077	microbiome	Acinetobacter sp. strain ST-550	Acinetobacter sp. strain ST-550
11078	enzyme	phenol hydroxylase	phenol hydroxylase
11079	enzyme	α-arabinosidase	α-arabinosidase
11080	enzyme	α-rhamnosidase	α-rhamnosidase
11081	substrate	glycosyl-glucose	glycosyl-glucose
11082	substrate	OPEFB	OPEFB
11083	substrate	l-aspartate-β-semialdehyde	l-aspartate-β-semialdehyde
11084	enzyme	L(1)-lactic acid	L(1)-lactic acid
11085	microbiome	D. squalens	D. squalens
11086	substrate	2-deoxy-D-glucose-6-phosphate	2-deoxy-D-glucose-6-phosphate
11087	substrate	4-methylumbelliferyl b-D-lactoside	4-methylumbelliferyl b-D-lactoside
11088	enzyme	ClaCPS	ClaCPS
11089	enzyme	FolCPS	FolCPS
11090	enzyme	plasmid	plasmid
11091	microbiome	Lactobacillus plantarum CX-15	Lactobacillus plantarum CX-15
11092	microbiome	Streptomyces sp. strain SO6	Streptomyces sp. strain SO6
11093	enzyme	N-acetyl-β-glucosaminidase	N-acetyl-β-glucosaminidase
11094	enzyme	LEU4	LEU4
11095	enzyme	LYS1	LYS1
11096	enzyme	SPD1	SPD1
11097	substrate	pentose sugars	pentose sugars
11098	substrate	glycerolipids	glycerolipids
11099	substrate	porphyrins	porphyrins
11100	substrate	glycerophospholipids	glycerophospholipids
11101	substrate	steroids	steroids
11102	substrate	nucleic acids	nucleic acids
11103	substrate	ribosomes	ribosomes
11104	substrate	rRNA	rRNA
11105	substrate	membrane components	membrane components
11106	substrate	sphingolipids	sphingolipids
11107	substrate	butanoate	butanoate
11108	substrate	one carbon pool	one carbon pool
11109	enzyme	MALx3	MALx3
11110	enzyme	MAT	MAT
11111	enzyme	vibriolysin	vibriolysin
11112	substrate	methionyl-human growth hormone	methionyl-human growth hormone
11113	enzyme	Tfu_2576-7	Tfu_2576-7
11114	enzyme	homoserine transsuccinylase	homoserine transsuccinylase
11115	enzyme	aspartokinase I	aspartokinase I
11116	microbiome	Spirulina platensis	Spirulina platensis
11117	enzyme	9 desaturase	9 desaturase
11118	enzyme	6 desaturase	6 desaturase
11119	substrate	18:0	18:0
11120	substrate	18:1 9	18:1 9
11121	substrate	18:2 9,12	18:2 9,12
11122	enzyme	organic acids	organic acids
11123	microbiome	Tichoderma reesei	Tichoderma reesei
11124	enzyme	⌬12 fatty acid desaturase	⌬12 fatty acid desaturase
11125	enzyme	⌬6 fatty acid desaturase	⌬6 fatty acid desaturase
11126	enzyme	elongase	elongase
11127	substrate	dihomo-␥-linolenic acid	dihomo-␥-linolenic acid
11128	substrate	L-2-aminobutyrate	L-2-aminobutyrate
11129	microbiome	Cellulomonas flavigena	Cellulomonas flavigena
11130	enzyme	CflXyn11A	CflXyn11A
11131	microbiome	Streptomyces lividans TK64	Streptomyces lividans TK64
11132	enzyme	A21978C	A21978C
11133	enzyme	actinorhodin	actinorhodin
11134	enzyme	polytopic integral membrane proteins	polytopic integral membrane proteins
11135	substrate	Waste Cooking Oil	Waste Cooking Oil
11136	microbiome	Bifidobacterium lactis	Bifidobacterium lactis
11137	enzyme	glycerol production enzyme	glycerol production enzyme
11138	enzyme	fucoidanase	fucoidanase
11139	substrate	fucoidan	fucoidan
11140	enzyme	1,2-K-D-mannosidase	1,2-K-D-mannosidase
11141	enzyme	K-1,2-mannosidase	K-1,2-mannosidase
11142	substrate	Man8GlcNAc2	Man8GlcNAc2
11143	substrate	Man5GlcNAc2	Man5GlcNAc2
11144	substrate	ETEC toxin	ETEC toxin
11145	enzyme	acetyl-CoA synthetase Acs2p	acetyl-CoA synthetase Acs2p
11146	enzyme	glutamate decarboxylase Gad1p	glutamate decarboxylase Gad1p
11147	enzyme	GABA transaminase Uga1p	GABA transaminase Uga1p
11148	enzyme	succinate semialdehyde dehydrogenase Uga2p	succinate semialdehyde dehydrogenase Uga2p
11149	enzyme	DXP reductoisomerase	DXP reductoisomerase
11150	substrate	1-deoxy-D-xylulose-5phosphate	1-deoxy-D-xylulose-5phosphate
11151	substrate	2-C-methyl-D-erythritol-4-phosphate	2-C-methyl-D-erythritol-4-phosphate
11152	enzyme	TreS	TreS
11153	enzyme	d-3-phosphoglycerate dehydrogenase	d-3-phosphoglycerate dehydrogenase
11154	substrate	3-P-glycerate	3-P-glycerate
11155	microbiome	Colletotrichum alatae	Colletotrichum alatae
11156	enzyme	antibacterial compounds	antibacterial compounds
11157	microbiome	Candida oleophila	Candida oleophila
11158	enzyme	vanillin reductase	vanillin reductase
11159	substrate	Trx-sBLyS	Trx-sBLyS
11160	enzyme	secretase	secretase
11161	substrate	glycosylation precursors	glycosylation precursors
11162	enzyme	CMC-ase	CMC-ase
11163	substrate	nettle biomass	nettle biomass
11164	enzyme	IoGAS1	IoGAS1
11165	substrate	trybutyrin	trybutyrin
11166	enzyme	hydroxymandelate synthase	hydroxymandelate synthase
11167	enzyme	Ao-hmaSopt	Ao-hmaSopt
11168	enzyme	Nu-hmaSopt	Nu-hmaSopt
11169	substrate	D-xylulose-5-phosphate	D-xylulose-5-phosphate
11170	enzyme	ApMTAP	ApMTAP
11171	substrate	α-D-pentofuranose-1-phosphate	α-D-pentofuranose-1-phosphate
11172	enzyme	EGIcore-P5(WP)4	EGIcore-P5(WP)4
11173	enzyme	fatty acyl-ACP thioesterase	fatty acyl-ACP thioesterase
11174	enzyme	fatty acid desaturase	fatty acid desaturase
11175	substrate	palmitoyl-ACP	palmitoyl-ACP
11176	substrate	stearoyl-ACP	stearoyl-ACP
11177	enzyme	CtXYL1	CtXYL1
11178	enzyme	SsXR	SsXR
11179	enzyme	SsXR N272D	SsXR N272D
11180	enzyme	SsXR K270R/N272D	SsXR K270R/N272D
11181	enzyme	CtXR	CtXR
11182	microbiome	Spiroplasma citri	Spiroplasma citri
11183	microbiome	Enterobacter sp. CGMCC 5087	Enterobacter sp. CGMCC 5087
11184	enzyme	Kdc4427	Kdc4427
11185	enzyme	Adh4428	Adh4428
11186	microbiome	Escherichia coli BL21(DE3) | Kdc4427	Escherichia coli BL21(DE3) | Kdc4427
11187	microbiome	Myceliophtora sp. I-1D3b	Myceliophtora sp. I-1D3b
11188	microbiome	Serratia quinivorans	Serratia quinivorans
11189	enzyme	SQ SDR	SQ SDR
11190	substrate	HPMAE	HPMAE
11191	enzyme	7-β-hydroxysteroid dehydrogenase	7-β-hydroxysteroid dehydrogenase
11192	enzyme	NADP-specific glutamate dehydrogenase	NADP-specific glutamate dehydrogenase
11193	enzyme	glutamate synthetase	glutamate synthetase
11194	enzyme	tetrahydrapicolinate N-succinyltransferase	tetrahydrapicolinate N-succinyltransferase
11195	enzyme	3-phosphoserine aminotransferase	3-phosphoserine aminotransferase
11196	enzyme	cysteine synthase A	cysteine synthase A
11197	enzyme	ketol–acid reductoisomerase	ketol–acid reductoisomerase
11198	enzyme	isopropylmalate isomerase subunit	isopropylmalate isomerase subunit
11199	enzyme	adenylate kinase	adenylate kinase
11200	enzyme	cytidine/deoxycytidine deaminase	cytidine/deoxycytidine deaminase
11201	enzyme	2-deoxyribose-5-phosphate aldolase	2-deoxyribose-5-phosphate aldolase
11202	enzyme	malonyl CoA-acyl carrier protein transacylase	malonyl CoA-acyl carrier protein transacylase
11203	enzyme	arginine tRNA synthetase	arginine tRNA synthetase
11204	enzyme	dnaK suppressor protein	dnaK suppressor protein
11205	enzyme	protein chain elongation factor EF-Ts	protein chain elongation factor EF-Ts
11206	enzyme	protein chain elongation factor EF-Tu	protein chain elongation factor EF-Tu
11207	enzyme	outer membrane protein A	outer membrane protein A
11208	enzyme	outer membrane pore protein E	outer membrane pore protein E
11209	enzyme	histidine-binding protein	histidine-binding protein
11210	enzyme	high-affinity amino acid transport system	high-affinity amino acid transport system
11211	enzyme	high-affinity leucine-specific transport system	high-affinity leucine-specific transport system
11212	enzyme	spermidine/putrescine transport protein	spermidine/putrescine transport protein
11213	enzyme	glucose phosphotransferase enzyme IIIGlc	glucose phosphotransferase enzyme IIIGlc
11214	enzyme	periplasmic maltose-binding protein	periplasmic maltose-binding protein
11215	enzyme	galactose-binding protein	galactose-binding protein
11216	enzyme	PEP-protein phosphotransferase system enzyme I	PEP-protein phosphotransferase system enzyme I
11217	enzyme	DnaK protein	DnaK protein
11218	enzyme	GroEL protein	GroEL protein
11219	enzyme	dipepetide transport protein	dipepetide transport protein
11220	enzyme	oligopeptide transport	oligopeptide transport
11221	enzyme	periplasmic binding protein	periplasmic binding protein
11222	enzyme	host DNA synthesis	host DNA synthesis
11223	enzyme	cystine-binding periplasmic protein	cystine-binding periplasmic protein
11224	enzyme	MTA/SAH nucleosidase	MTA/SAH nucleosidase
11225	enzyme	probable hexulose-6-phosphate synthase	probable hexulose-6-phosphate synthase
11226	enzyme	high-affinity zinc uptake system protein ZnuA	high-affinity zinc uptake system protein ZnuA
11227	substrate	7-β-hydroxysteroid	7-β-hydroxysteroid
11228	substrate	tetrahydrapicolinate	tetrahydrapicolinate
11229	substrate	3-phosphoserine	3-phosphoserine
11230	substrate	ketol–acid	ketol–acid
11231	substrate	isopropylmalate	isopropylmalate
11232	substrate	adenylate	adenylate
11233	substrate	2-deoxyribose-5-phosphate	2-deoxyribose-5-phosphate
11234	substrate	malonyl CoA	malonyl CoA
11235	substrate	dnaK suppressor protein	dnaK suppressor protein
11236	substrate	protein chain elongation	protein chain elongation
11237	substrate	outer membrane protein	outer membrane protein
11238	substrate	outer membrane pore protein	outer membrane pore protein
11239	substrate	PEP-protein	PEP-protein
11240	substrate	GroEL	GroEL
11241	substrate	trigger factor	trigger factor
11242	substrate	alkyl hydroperoxide	alkyl hydroperoxide
11243	substrate	dipepetide	dipepetide
11244	substrate	oligopeptide	oligopeptide
11245	substrate	periplasmic binding	periplasmic binding
11246	substrate	host DNA	host DNA
11247	substrate	heat shock	heat shock
11248	substrate	MTA/SAH	MTA/SAH
11249	substrate	hexulose-6-phosphate	hexulose-6-phosphate
11250	microbiome	Enterohemorrhagic Escherichia coli	Enterohemorrhagic Escherichia coli
11251	microbiome	Mucor	Mucor
11252	microbiome	Pseudomonas atlantica	Pseudomonas atlantica
11253	substrate	agar-agar	agar-agar
11254	enzyme	mutacin 1140	mutacin 1140
11255	substrate	fermentation by-products	fermentation by-products
11256	substrate	media components	media components
11257	enzyme	amino acid decarboxylase	amino acid decarboxylase
11258	microbiome	Rhizopus nigricans	Rhizopus nigricans
11259	substrate	glutinous rice starch	glutinous rice starch
11260	enzyme	HIV-1 protease	HIV-1 protease
11261	enzyme	DsbA:HIV-1Pr	DsbA:HIV-1Pr
11262	enzyme	GST:HIVPr	GST:HIVPr
11263	substrate	substrate III	substrate III
11264	enzyme	SHMT	SHMT
11265	microbiome	Pseudomonas oleoVorans	Pseudomonas oleoVorans
11266	substrate	diethylene glycol	diethylene glycol
11267	enzyme	decaprenyl diphosphate synthase	decaprenyl diphosphate synthase
11268	enzyme	chorismate pyruvate-lyase	chorismate pyruvate-lyase
11269	enzyme	4-hydroxybenzoate octaprenyl transferase	4-hydroxybenzoate octaprenyl transferase
11270	enzyme	2-octaprenyl-3-methyl-5-hydroxy-6-methoxy-1,4-benzoquinone methyltransferase	2-octaprenyl-3-methyl-5-hydroxy-6-methoxy-1,4-benzoquinone methyltransferase
11271	substrate	URA3	URA3
11272	substrate	ILV6	ILV6
11273	substrate	ATF1	ATF1
11274	substrate	ATF2	ATF2
11275	microbiome	Aspergillus niger BTL	Aspergillus niger BTL
11276	microbiome	Fusarium oxysporum F3	Fusarium oxysporum F3
11277	microbiome	Neurospora crassa DSM 1129	Neurospora crassa DSM 1129
11278	microbiome	Penicillium decumbens	Penicillium decumbens
11279	enzyme	aspartate-α-decarboxylase	aspartate-α-decarboxylase
11280	microbiome	Klus	Klus
11281	enzyme	AaBGL1	AaBGL1
11282	substrate	bacteriocin	bacteriocin
11283	microbiome	Trametes trogii	Trametes trogii
11284	substrate	xylidine	xylidine
11285	substrate	anthraquinone blue	anthraquinone blue
11286	substrate	poly R-478	poly R-478
11287	substrate	azure B	azure B
11288	substrate	indigo carmine	indigo carmine
11289	substrate	remazol brilliant blue R	remazol brilliant blue R
11290	enzyme	1-deoxyxylulose-5-phosphate synthase	1-deoxyxylulose-5-phosphate synthase
11291	enzyme	1-deoxyxylulose-5-phosphate reductase	1-deoxyxylulose-5-phosphate reductase
11292	enzyme	isocitrate synthase	isocitrate synthase
11293	substrate	prephenic acid	prephenic acid
11294	substrate	oxalate	oxalate
11295	substrate	oxomalonate	oxomalonate
11296	substrate	Agave tequilana Weber fructan	Agave tequilana Weber fructan
11297	enzyme	geranylgeranyl-pyrophosphate synthase	geranylgeranyl-pyrophosphate synthase
11298	enzyme	homogentisate phytyltransferase	homogentisate phytyltransferase
11299	enzyme	isopentenyl-diphosphate isomerase	isopentenyl-diphosphate isomerase
11300	enzyme	deoxy-xylulose synthase	deoxy-xylulose synthase
11301	substrate	homogentisate	homogentisate
11302	substrate	2-methyl-6-geranylgeranyl-benzoquinol	2-methyl-6-geranylgeranyl-benzoquinol
11303	substrate	1,4-β-xylooligosaccharides	1,4-β-xylooligosaccharides
11304	substrate	4-nitrophenyl R-L-arabinofuranoside	4-nitrophenyl R-L-arabinofuranoside
11305	enzyme	xyloglucanase cel74a	xyloglucanase cel74a
11306	microbiome	Trichoderma reesei QM 9414	Trichoderma reesei QM 9414
11307	enzyme	xylene monooxygenase	xylene monooxygenase
11308	substrate	styrene	styrene
11309	microbiome	Monascus ruber	Monascus ruber
11310	enzyme	red pigment (RP)	red pigment (RP)
11311	substrate	KH2PO4	KH2PO4
11312	substrate	MgSO4.7H2O	MgSO4.7H2O
11313	substrate	FeSO4.7H2O	FeSO4.7H2O
11314	enzyme	MCL-PHA synthase	MCL-PHA synthase
11315	enzyme	ADH1-S110P-Y295C	ADH1-S110P-Y295C
11316	enzyme	CYP76AD1W13L	CYP76AD1W13L
11317	enzyme	DOD	DOD
11318	enzyme	Mj-cDOPA5GT	Mj-cDOPA5GT
11319	enzyme	DbBetanidin5GT	DbBetanidin5GT
11320	substrate	cyclo-DOPA	cyclo-DOPA
11321	substrate	betanidin	betanidin
11322	enzyme	Cys4p	Cys4p
11323	enzyme	Met22p	Met22p
11324	substrate	protein disulfide bonds	protein disulfide bonds
11325	microbiome	Metarhizium robertsii	Metarhizium robertsii
11326	enzyme	hydroxyisocaproate dehydrogenase	hydroxyisocaproate dehydrogenase
11327	substrate	O-phospho-L-homoserine	O-phospho-L-homoserine
11328	substrate	a-ketobutyrate	a-ketobutyrate
11329	enzyme	Levan fructotransferase	Levan fructotransferase
11330	enzyme	glycerolphosphate dehydrogenase GPD2	glycerolphosphate dehydrogenase GPD2
11331	enzyme	thiolase BktB	thiolase BktB
11332	enzyme	3-hydroxyacyl-CoA dehydrogenase PaaH1	3-hydroxyacyl-CoA dehydrogenase PaaH1
11333	enzyme	enoyl-CoA hydratases Crt2	enoyl-CoA hydratases Crt2
11334	enzyme	enoyl-CoA hydratase Ech	enoyl-CoA hydratase Ech
11335	enzyme	trans-enoyl-CoA reductase Ter	trans-enoyl-CoA reductase Ter
11336	enzyme	thiolase Erg10	thiolase Erg10
11337	enzyme	3-hydroxyacyl-CoA dehydrogenase YlHad	3-hydroxyacyl-CoA dehydrogenase YlHad
11338	enzyme	enoyl-CoA hydratase CnCrt2	enoyl-CoA hydratase CnCrt2
11339	enzyme	enoyl-CoA hydratase YlECH	enoyl-CoA hydratase YlECH
11340	enzyme	trans-enoyl-CoA reductase EgTer	trans-enoyl-CoA reductase EgTer
11341	substrate	hexanoic acid	hexanoic acid
11342	microbiome	Pseudomonas putida KTHL	Pseudomonas putida KTHL
11343	enzyme	Ejh holin	Ejh holin
11344	enzyme	Ejl endolysin	Ejl endolysin
11345	microbiome	Pseudomonas putida BXHL	Pseudomonas putida BXHL
11346	substrate	polyhydroxyalkanoates	polyhydroxyalkanoates
11347	enzyme	b-caryophyllene synthase	b-caryophyllene synthase
11348	substrate	b-caryophyllene	b-caryophyllene
11349	microbiome	Trichoderma sp. Merv6	Trichoderma sp. Merv6
11350	microbiome	Penicillium sp. Merv2	Penicillium sp. Merv2
11351	enzyme	b-1,4-glucosidase	b-1,4-glucosidase
11352	microbiome	Aspergillus sp. Merv70	Aspergillus sp. Merv70
11353	microbiome	Tahrir-25	Tahrir-25
11354	substrate	lignocellulosic substrates	lignocellulosic substrates
11355	substrate	agricultural residues	agricultural residues
11356	substrate	MDA	MDA
11357	enzyme	2-ketobutyrate oxidase	2-ketobutyrate oxidase
11358	enzyme	acetyl-CoA:acetoacetyl-CoA transferase	acetyl-CoA:acetoacetyl-CoA transferase
11359	enzyme	Bbchit1	Bbchit1
11360	substrate	colloid chitin	colloid chitin
11361	substrate	4-MU-(GlcNAc)3	4-MU-(GlcNAc)3
11362	microbiome	Paracoccus denitrificans	Paracoccus denitrificans
11363	enzyme	DecPP synthase	DecPP synthase
11364	substrate	EE-FPP	EE-FPP
11365	substrate	EEE-GGPP	EEE-GGPP
11366	substrate	amorphous cellulose	amorphous cellulose
11367	enzyme	amylase A	amylase A
11368	enzyme	amylase B	amylase B
11369	enzyme	amylase C	amylase C
11370	enzyme	amylase D	amylase D
11371	enzyme	amylase E	amylase E
11372	enzyme	acetyl-coenzyme A C-acetyltransferase	acetyl-coenzyme A C-acetyltransferase
11373	substrate	ferredoxin	ferredoxin
11374	enzyme	XltA	XltA
11375	enzyme	Str1	Str1
11376	substrate	phytates	phytates
11377	substrate	metal-phytates	metal-phytates
11378	substrate	protein-phytates	protein-phytates
11379	microbiome	Candidatus Weimeria bifida	Candidatus Weimeria bifida
11380	enzyme	acyl-CoA acetyltransferase	acyl-CoA acetyltransferase
11381	enzyme	3-hydroxy-acyl-CoA dehydrogenase	3-hydroxy-acyl-CoA dehydrogenase
11382	enzyme	enoyl-CoA dehydratase	enoyl-CoA dehydratase
11383	enzyme	acyl-CoA dehydrogenase	acyl-CoA dehydrogenase
11384	microbiome	Candidatus Pseudoramibacter fermentans	Candidatus Pseudoramibacter fermentans
11385	enzyme	Cu/Zn-SOD	Cu/Zn-SOD
11386	substrate	O2•−	O2•−
11387	enzyme	L-aspartate-a-decarboxylase	L-aspartate-a-decarboxylase
11388	microbiome	Lalvin EC1118	Lalvin EC1118
11389	enzyme	Ecm33p	Ecm33p
11390	substrate	furfural residues	furfural residues
11391	substrate	pretreated straw	pretreated straw
11392	substrate	furfural residues treated with 1.6% H2O2	furfural residues treated with 1.6% H2O2
11393	microbiome	Trametes sp. 420	Trametes sp. 420
11394	enzyme	isoleucyl-tRNA synthetase	isoleucyl-tRNA synthetase
11395	substrate	norvaline	norvaline
11396	enzyme	angiotensin converting enzyme	angiotensin converting enzyme
11397	substrate	modified amarantin acidic subunit	modified amarantin acidic subunit
11398	enzyme	GCSGS	GCSGS
11399	substrate	feather hydrolysates	feather hydrolysates
11400	enzyme	orotidine-5'-phosphate decarboxylase	orotidine-5'-phosphate decarboxylase
11401	microbiome	Thermococcus litoralis	Thermococcus litoralis
11402	substrate	hydroxypyruvate	hydroxypyruvate
11403	enzyme	ATP sulfurylase	ATP sulfurylase
11404	substrate	toxin	toxin
11405	microbiome	Saccharomyces carlsbergensis RU01	Saccharomyces carlsbergensis RU01
11406	enzyme	endoglucanase EGI	endoglucanase EGI
11407	microbiome	Methanosarcina acetivorans	Methanosarcina acetivorans
11408	enzyme	geranylgeranyl reductase	geranylgeranyl reductase
11409	microbiome	Sulfolobus acidocaldarius	Sulfolobus acidocaldarius
11410	substrate	DGGGP-Gro	DGGGP-Gro
11411	substrate	DGGGOH	DGGGOH
11412	enzyme	endoglucanase 1 L5	endoglucanase 1 L5
11413	microbiome	Beggiatoa sp. 35Flor	Beggiatoa sp. 35Flor
11414	substrate	molecular hydrogen	molecular hydrogen
11415	enzyme	4-O-methyl-glucuronoyl methylesterase	4-O-methyl-glucuronoyl methylesterase
11416	enzyme	GH10 xylanase	GH10 xylanase
11417	enzyme	GH11 xylanase	GH11 xylanase
11418	enzyme	endo-β-1,3(4)-glucanase	endo-β-1,3(4)-glucanase
11419	enzyme	endo-β-1,3-glucanase	endo-β-1,3-glucanase
11420	substrate	glucuronoarabinoxylan	glucuronoarabinoxylan
11421	enzyme	CpFatB1	CpFatB1
11422	enzyme	MtFadD6	MtFadD6
11423	enzyme	epimerase	epimerase
11424	enzyme	STb	STb
11425	substrate	STb	STb
11426	enzyme	DNA Polymerase III	DNA Polymerase III
11427	substrate	β-glucosidic linkages	β-glucosidic linkages
11428	substrate	cell components	cell components
11429	microbiome	Candida stella	Candida stella
11430	substrate	glycosides of terpenes	glycosides of terpenes
11431	substrate	green gram husk	green gram husk
11432	enzyme	PelB	PelB
11433	substrate	methylated pectin	methylated pectin
11434	microbiome	Mycoleptodiscus indicus	Mycoleptodiscus indicus
11435	enzyme	metabolites	metabolites
11436	enzyme	retinol dehydrogenase	retinol dehydrogenase
11437	enzyme	NADH kinase	NADH kinase
11438	enzyme	β-carotene-15,15’-dioxygenase	β-carotene-15,15’-dioxygenase
11439	enzyme	Zbasic2 HAD4	Zbasic2 HAD4
11440	substrate	αGlc 1-P	αGlc 1-P
11441	substrate	Glc 6-P	Glc 6-P
11442	enzyme	arabinogalactan endonuclease β-1,4-galactanase	arabinogalactan endonuclease β-1,4-galactanase
11443	enzyme	immunosuppressant A	immunosuppressant A
11444	enzyme	acetone-butanol-ethanol	acetone-butanol-ethanol
11445	enzyme	PelN	PelN
11446	enzyme	C-4 methyl sterol oxidase	C-4 methyl sterol oxidase
11447	enzyme	seripauperin	seripauperin
11448	enzyme	COX5A	COX5A
11449	enzyme	HSP60	HSP60
11450	microbiome	Bacillus subtilis DSM10	Bacillus subtilis DSM10
11451	microbiome	Bacillus subtilis ATCC 6051	Bacillus subtilis ATCC 6051
11452	microbiome	Bacillus subtilis 20B	Bacillus subtilis 20B
11453	microbiome	Bacillus subtilis SPB1	Bacillus subtilis SPB1
11454	microbiome	Bacillus subtilis MTCC 2423	Bacillus subtilis MTCC 2423
11455	enzyme	RaLsrA	RaLsrA
11456	microbiome	Talaromyces aurantiacus	Talaromyces aurantiacus
11457	microbiome	Aspergillus neoniger	Aspergillus neoniger
11458	substrate	CaHPO4	CaHPO4
11459	substrate	Ca3(PO4)2	Ca3(PO4)2
11460	enzyme	C3H	C3H
11461	microbiome	Saccharomyces cerevisiae | C3H	Saccharomyces cerevisiae | C3H
11462	microbiome	Aspergillus tamari	Aspergillus tamari
11463	microbiome	Rhizopus spp.	Rhizopus spp.
11464	substrate	babassu cake	babassu cake
11465	enzyme	ARO2	ARO2
11466	enzyme	AroC	AroC
11467	substrate	pulp	pulp
11468	enzyme	polyribosyl-ribitol-phosphate	polyribosyl-ribitol-phosphate
11469	enzyme	Gas1	Gas1
11470	enzyme	Phr1	Phr1
11471	enzyme	Phr2	Phr2
11472	enzyme	NAD(P)H-dependent reductases	NAD(P)H-dependent reductases
11473	enzyme	2G12 antibody	2G12 antibody
11474	substrate	gp120	gp120
11475	enzyme	HLC III	HLC III
11476	enzyme	SerA	SerA
11477	enzyme	cysteine synthase B	cysteine synthase B
11478	enzyme	reuteransucrase	reuteransucrase
11479	substrate	HO gene	HO gene
11480	enzyme	Tpo1	Tpo1
11481	microbiome	Hanseniaspora clermontiae	Hanseniaspora clermontiae
11482	substrate	dihydrokaempferol	dihydrokaempferol
11483	enzyme	NAD(H)	NAD(H)
11484	enzyme	NADP(H)	NADP(H)
11485	substrate	ethyl-4-chloro acetoacetate	ethyl-4-chloro acetoacetate
11486	microbiome	Caldicellulosiruptor saccharolyticus	Caldicellulosiruptor saccharolyticus
11487	enzyme	diethanolamine	diethanolamine
11488	enzyme	PqqA	PqqA
11489	enzyme	PqqB	PqqB
11490	enzyme	PqqC	PqqC
11491	enzyme	PqqD	PqqD
11492	enzyme	PqqE	PqqE
11493	enzyme	RecA	RecA
11494	microbiome	Streptococcus agalactiae	Streptococcus agalactiae
11495	enzyme	GDH	GDH
11496	enzyme	glucose synthase	glucose synthase
11497	microbiome	Rhodotorula gracilis	Rhodotorula gracilis
11498	enzyme	S-adenosylmethionine decarboxylase	S-adenosylmethionine decarboxylase
11499	enzyme	spermidine synthase	spermidine synthase
11500	enzyme	p-coumaroyl-CoA ligase	p-coumaroyl-CoA ligase
11501	enzyme	cysteine endopeptidase B	cysteine endopeptidase B
11502	enzyme	EPB	EPB
11503	enzyme	trehalosyldextrin-forming enzyme	trehalosyldextrin-forming enzyme
11504	enzyme	trehalose-forming enzyme	trehalose-forming enzyme
11505	enzyme	isoflavone synthase	isoflavone synthase
11506	enzyme	4-coumarate/cinnamate:CoA ligase	4-coumarate/cinnamate:CoA ligase
11507	substrate	(S)-naringenin	(S)-naringenin
11508	substrate	1,3-β-glucan	1,3-β-glucan
11509	enzyme	oxidized polyvinyl alcohol hydrolase	oxidized polyvinyl alcohol hydrolase
11510	substrate	polyvinyl alcohol	polyvinyl alcohol
11511	substrate	sedoheptulose-7-phosphate	sedoheptulose-7-phosphate
11512	enzyme	GTP cyclohydrolase I	GTP cyclohydrolase I
11513	enzyme	dihydroneopterin triphosphate pyrophosphohydrolase	dihydroneopterin triphosphate pyrophosphohydrolase
11514	enzyme	2-amino-4-hydroxy-6-hydroxymethyldihydropteridine pyrophosphokinase	2-amino-4-hydroxy-6-hydroxymethyldihydropteridine pyrophosphokinase
11515	enzyme	3-dehydroquinate synthetase	3-dehydroquinate synthetase
11516	enzyme	5-enolpyruvylshikimate-3-phosphate synthase	5-enolpyruvylshikimate-3-phosphate synthase
11517	enzyme	anthranilate/para-aminobenzoate synthase component II	anthranilate/para-aminobenzoate synthase component II
11518	enzyme	anthranilate/para-aminobenzoate synthase component I	anthranilate/para-aminobenzoate synthase component I
11519	enzyme	folylpolyglutamate synthase	folylpolyglutamate synthase
11520	enzyme	dihydrofolate reductase	dihydrofolate reductase
11521	substrate	dihydroneopterin triphosphate	dihydroneopterin triphosphate
11522	substrate	2-amino-4-hydroxy-6-hydroxymethyldihydropteridine	2-amino-4-hydroxy-6-hydroxymethyldihydropteridine
11523	substrate	3-dehydroquinate	3-dehydroquinate
11524	substrate	5-enolpyruvylshikimate-3-phosphate	5-enolpyruvylshikimate-3-phosphate
11525	substrate	para-aminobenzoate	para-aminobenzoate
11526	substrate	dihydropteroate	dihydropteroate
11527	substrate	folylpolyglutamate	folylpolyglutamate
11528	substrate	dihydrofolate	dihydrofolate
11529	substrate	D-sorbitol	D-sorbitol
11530	substrate	D-xylulose	D-xylulose
11531	enzyme	P[3HB] synthase	P[3HB] synthase
11532	substrate	poly-(3-hydroxybutyrate)	poly-(3-hydroxybutyrate)
11533	enzyme	proton-translocation ATPase	proton-translocation ATPase
11534	enzyme	rhamnulose-1-phosphate aldolase	rhamnulose-1-phosphate aldolase
11535	substrate	rhamnulose-1-phosphate	rhamnulose-1-phosphate
11536	enzyme	phthalate dioxygenase	phthalate dioxygenase
11537	enzyme	phthalate dioxygenase reductase	phthalate dioxygenase reductase
11538	enzyme	lycopene biosynthesis enzyme	lycopene biosynthesis enzyme
11539	enzyme	6-endotoxin	6-endotoxin
11540	substrate	soya	soya
11541	microbiome	Bacillus sp. BG-11	Bacillus sp. BG-11
11542	substrate	potato peel residues	potato peel residues
11543	enzyme	ectABC	ectABC
11544	microbiome	T. harzianum MGQ2	T. harzianum MGQ2
11545	enzyme	mannanase-CBM enzyme	mannanase-CBM enzyme
11546	enzyme	bacitracin	bacitracin
11547	enzyme	Trx-hPTH fusion protein	Trx-hPTH fusion protein
11548	microbiome	Dehalococcoides mccartyi	Dehalococcoides mccartyi
11549	enzyme	reductive dehalogenase	reductive dehalogenase
11550	microbiome	Geobacteraceae	Geobacteraceae
11551	substrate	trichloroethene	trichloroethene
11552	substrate	cis-dichloroethene	cis-dichloroethene
11553	substrate	vinyl chloride	vinyl chloride
11554	substrate	ethene	ethene
11555	enzyme	α-D-glucosidase	α-D-glucosidase
11556	enzyme	β-D-glucuronidase	β-D-glucuronidase
11557	enzyme	β-(C-S) lyase	β-(C-S) lyase
11558	enzyme	CBH	CBH
11559	enzyme	EG	EG
11560	microbiome	Pythium irregulare	Pythium irregulare
11561	enzyme	∆ 5 desaturase	∆ 5 desaturase
11562	substrate	homo-γ-linolenic acid	homo-γ-linolenic acid
11563	enzyme	GGT.566 shRNA	GGT.566 shRNA
11564	substrate	GGT gene	GGT gene
11565	microbiome	GRX	GRX
11566	enzyme	retinoic acid	retinoic acid
11567	microbiome	Debaryomyces vanriji	Debaryomyces vanriji
11568	substrate	geraniol glucosidic precursor	geraniol glucosidic precursor
11569	enzyme	transketolase A	transketolase A
11570	enzyme	flavone synthase I	flavone synthase I
11571	enzyme	malonate carrier protein	malonate carrier protein
11572	enzyme	S-Adenosyl methionine synthetase	S-Adenosyl methionine synthetase
11573	substrate	apigenin	apigenin
11574	enzyme	PdxA	PdxA
11575	enzyme	PdxJ	PdxJ
11576	enzyme	Epd	Epd
11577	enzyme	PdxB	PdxB
11578	enzyme	SerC	SerC
11579	substrate	4HTP	4HTP
11580	substrate	DXP	DXP
11581	substrate	E4P	E4P
11582	substrate	G3P	G3P
11583	substrate	3-phosphooxypyruvate	3-phosphooxypyruvate
11584	microbiome	Aquifex aeolicus	Aquifex aeolicus
11585	substrate	maltotetraose	maltotetraose
11586	enzyme	PGA hydrolase	PGA hydrolase
11587	microbiome	Fusobacterium varium	Fusobacterium varium
11588	microbiome	Pediococcus damnosus	Pediococcus damnosus
11589	substrate	l-malate	l-malate
11590	enzyme	coproporphyrinogen oxidase	coproporphyrinogen oxidase
11591	microbiome	Candida parapsilopsis	Candida parapsilopsis
11592	enzyme	unspecific monooxygenase	unspecific monooxygenase
11593	enzyme	trans-1,2-dihydrobenzene-1,2-diol dehydrogenase	trans-1,2-dihydrobenzene-1,2-diol dehydrogenase
11594	substrate	pyrocatechol	pyrocatechol
11595	enzyme	GSJ	GSJ
11596	substrate	cellulosic substances	cellulosic substances
11597	substrate	barley β-glucan	barley β-glucan
11598	enzyme	CitT	CitT
11599	substrate	ovalbumin	ovalbumin
11600	substrate	Na carboxymethyl cellulose	Na carboxymethyl cellulose
11601	substrate	p-nitrophenyl-3-D-cellobioside	p-nitrophenyl-3-D-cellobioside
11602	substrate	3-phosphoglyceraldehyde	3-phosphoglyceraldehyde
11603	enzyme	nisin Z	nisin Z
11604	enzyme	calcium carbonate	calcium carbonate
11605	microbiome	Mycobacterium smegmatis	Mycobacterium smegmatis
11606	enzyme	MspA	MspA
11607	enzyme	Target-AID base editor	Target-AID base editor
11608	enzyme	PmCDA1	PmCDA1
11609	enzyme	Complex I	Complex I
11610	enzyme	FoF1-ATP synthase	FoF1-ATP synthase
11611	substrate	Pi	Pi
11612	enzyme	dehydroquinate dehydratase-shikimate dehydrogenase	dehydroquinate dehydratase-shikimate dehydrogenase
11613	enzyme	carotenoid cleavage dioxygenase	carotenoid cleavage dioxygenase
11614	enzyme	torulene-cleaving enzyme	torulene-cleaving enzyme
11615	substrate	carotenoids	carotenoids
11616	substrate	torulene	torulene
11617	substrate	pongamia oil	pongamia oil
11618	substrate	Z-Gly-Pro-pNA	Z-Gly-Pro-pNA
11619	enzyme	strictosidine synthase	strictosidine synthase
11620	enzyme	major latex protein	major latex protein
11621	substrate	strictosidine	strictosidine
11622	substrate	isopropanol	isopropanol
11623	enzyme	GOD-His6	GOD-His6
11624	enzyme	aldehyde reductase Ahr	aldehyde reductase Ahr
11625	substrate	1-octanal	1-octanal
11626	substrate	p-nitrophenylphosphate	p-nitrophenylphosphate
11627	enzyme	Glc7	Glc7
11628	substrate	Snf1-T210	Snf1-T210
11629	enzyme	cell wall degrading enzymes	cell wall degrading enzymes
11630	substrate	epicatechin gallate	epicatechin gallate
11631	substrate	epigallocatechin gallate	epigallocatechin gallate
11632	substrate	NP-GlcNAc	NP-GlcNAc
11633	enzyme	asparaginase II	asparaginase II
11634	enzyme	thermoalkaline protease	thermoalkaline protease
11635	microbiome	Streptomyces sp. N174	Streptomyces sp. N174
11636	enzyme	endochitosanase	endochitosanase
11637	substrate	chitosan oligosaccharide	chitosan oligosaccharide
11638	enzyme	phbC	phbC
11639	enzyme	phbA	phbA
11640	enzyme	phbB	phbB
11641	substrate	Poly 3-Hydroxybutyrate	Poly 3-Hydroxybutyrate
11642	microbiome	Bifidobacterium animalis subsp. lactis	Bifidobacterium animalis subsp. lactis
11643	enzyme	BLIS	BLIS
11644	microbiome	Streptomyces sp. ALAA-R20	Streptomyces sp. ALAA-R20
11645	substrate	groundnut oil cake	groundnut oil cake
11646	enzyme	acetyltransferase Gcn5	acetyltransferase Gcn5
11647	enzyme	deubiquitinylation activity of Ubp8	deubiquitinylation activity of Ubp8
11648	microbiome	Philodulcilactobacillus myokoensis	Philodulcilactobacillus myokoensis
11649	microbiome	Wickerhamia sp.	Wickerhamia sp.
11650	enzyme	organophosphorus hydrolase	organophosphorus hydrolase
11651	microbiome	Schizochytrium sp. G13/2S	Schizochytrium sp. G13/2S
11652	enzyme	lipid-synthesising enzymes	lipid-synthesising enzymes
11653	enzyme	ketolacid reductoisomerase	ketolacid reductoisomerase
11654	microbiome	Saccharomyces cerevisiae | KDC07	Saccharomyces cerevisiae | KDC07
11655	enzyme	KDC09	KDC09
11656	microbiome	Saccharomyces cerevisiae | KDC15	Saccharomyces cerevisiae | KDC15
11657	microbiome	Saccharomyces cerevisiae | KDC16	Saccharomyces cerevisiae | KDC16
11658	enzyme	LbIlvC	LbIlvC
11659	enzyme	LbIlvC DD	LbIlvC DD
11660	enzyme	LbIlvC DDV	LbIlvC DDV
11661	enzyme	thermolysin	thermolysin
11662	substrate	N-[3-(2-furyl)acryloyl]-glycyl-L-leucine amide	N-[3-(2-furyl)acryloyl]-glycyl-L-leucine amide
11663	substrate	N-carbobenzoxy-L-aspartyl-L-phenylalanine methyl ester	N-carbobenzoxy-L-aspartyl-L-phenylalanine methyl ester
11664	substrate	ZDFM	ZDFM
11665	microbiome	Bacillus macerans	Bacillus macerans
11666	enzyme	Fps1p	Fps1p
11667	enzyme	SKS1	SKS1
11668	microbiome	Saccharomyces cerevisiae | GIS4	Saccharomyces cerevisiae | GIS4
11669	enzyme	ASG1	ASG1
11670	enzyme	ribosomal protein genes	ribosomal protein genes
11671	enzyme	amino acid permease genes	amino acid permease genes
11672	enzyme	MCM2	MCM2
11673	enzyme	MCM3	MCM3
11674	enzyme	MCM6	MCM6
11675	enzyme	MAD1	MAD1
11676	enzyme	YCG1	YCG1
11677	enzyme	CLN3	CLN3
11678	enzyme	SWI6	SWI6
11679	enzyme	RAD59	RAD59
11680	enzyme	CDC20	CDC20
11681	enzyme	RFA3	RFA3
11682	enzyme	MSH2	MSH2
11683	enzyme	YHM2	YHM2
11684	enzyme	TOR signaling pathway	TOR signaling pathway
11685	enzyme	Ras/Protein Kinase A signaling pathway	Ras/Protein Kinase A signaling pathway
11686	enzyme	GSY1	GSY1
11687	substrate	nitrogen compounds	nitrogen compounds
11688	substrate	stress-response genes	stress-response genes
11689	enzyme	fumagillin	fumagillin
11690	enzyme	peptostreptococcal protein L	peptostreptococcal protein L
11691	substrate	dAb	dAb
11692	microbiome	Morchella crassipes	Morchella crassipes
11693	enzyme	β-glucan-synthases	β-glucan-synthases
11694	enzyme	pseudomonic acid synthase	pseudomonic acid synthase
11695	substrate	monocarboxylic acid	monocarboxylic acid
11696	enzyme	CyuA	CyuA
11697	enzyme	pyroglutamyl peptidase type-1	pyroglutamyl peptidase type-1
11698	substrate	pGlu-AMC	pGlu-AMC
11699	substrate	l-aspartate	l-aspartate
11700	microbiome	Escherichia	Escherichia
11701	enzyme	intestinal esterase	intestinal esterase
11702	substrate	neochlorogenic acid	neochlorogenic acid
11703	enzyme	kefiran	kefiran
11704	substrate	DL-lactic acid	DL-lactic acid
11705	enzyme	Sod2	Sod2
11706	enzyme	CTA	CTA
11707	enzyme	Plantaricin EF	Plantaricin EF
11708	enzyme	Plantaricin NC8ab	Plantaricin NC8ab
11709	substrate	PLNC8IF	PLNC8IF
11710	enzyme	poly(3HB-co-3MP)	poly(3HB-co-3MP)
11711	enzyme	poly(3HB-co-3MB)	poly(3HB-co-3MB)
11712	enzyme	atoB	atoB
11713	enzyme	HMGS_Sc_o	HMGS_Sc_o
11714	enzyme	HMGR_Sc_o	HMGR_Sc_o
11715	enzyme	MK_Sc_co	MK_Sc_co
11716	enzyme	PMD	PMD
11717	enzyme	HMGS_Sc_co	HMGS_Sc_co
11718	enzyme	HMGR_Sc_co	HMGR_Sc_co
11719	enzyme	HMGS_Sa	HMGS_Sa
11720	enzyme	HMGR_Sa	HMGR_Sa
11721	enzyme	HMGR_Bp	HMGR_Bp
11722	enzyme	HMGR_Da	HMGR_Da
11723	enzyme	HMGR_Pm	HMGR_Pm
11724	enzyme	protease P27	protease P27
11725	substrate	benzoyl-arginyl-p-nitroanilide	benzoyl-arginyl-p-nitroanilide
11726	enzyme	MnCCD1	MnCCD1
11727	substrate	pseudoionone	pseudoionone
11728	substrate	glucuronides	glucuronides
11729	microbiome	Candida milleri	Candida milleri
11730	microbiome	Saccharomyces cerevisiae | Leu3	Saccharomyces cerevisiae | Leu3
11731	enzyme	Sdd4	Sdd4
11732	enzyme	Rgt1	Rgt1
11733	microbiome	Streptomyces peucetius	Streptomyces peucetius
11734	enzyme	DXR	DXR
11735	substrate	dry yeast powder	dry yeast powder
11736	enzyme	arabinose kinase	arabinose kinase
11737	enzyme	xylose kinase	xylose kinase
11738	enzyme	9-kDa GNLY	9-kDa GNLY
11739	microbiome	Tremella fuciformis	Tremella fuciformis
11740	enzyme	gfp	gfp
11741	substrate	hygromycin	hygromycin
11742	enzyme	SUMO-lacticin Q fusion protein	SUMO-lacticin Q fusion protein
11743	substrate	4-hydroxybenzaldehyde	4-hydroxybenzaldehyde
11744	substrate	syringaldehyde	syringaldehyde
11745	microbiome	Coniochaeta ligniaria	Coniochaeta ligniaria
11746	substrate	PVC particles	PVC particles
11747	enzyme	invasin	invasin
11748	substrate	D-aspartic acid	D-aspartic acid
11749	enzyme	prolyl hydroxylase	prolyl hydroxylase
11750	substrate	procollagen	procollagen
11751	substrate	2-methylpropanol	2-methylpropanol
11752	substrate	1-octen-3-ol	1-octen-3-ol
11753	enzyme	6-phospho-b-glucosidase	6-phospho-b-glucosidase
11754	enzyme	SUMO-L1	SUMO-L1
11755	enzyme	GST-L1	GST-L1
11756	substrate	HPV16 L1 protein	HPV16 L1 protein
11757	enzyme	CitP	CitP
11758	microbiome	Streptomyces M37	Streptomyces M37
11759	substrate	D-ribulose-5-phosphate	D-ribulose-5-phosphate
11760	substrate	D-ribose-5-phosphate	D-ribose-5-phosphate
11761	substrate	Pen G	Pen G
11762	enzyme	L-tryptophan indole lyase	L-tryptophan indole lyase
11763	enzyme	TRPase	TRPase
11764	substrate	2-chloro-4-nitrophenyl b-lactoside	2-chloro-4-nitrophenyl b-lactoside
11765	microbiome	Pseudomonas sp. GL06	Pseudomonas sp. GL06
11766	substrate	3-hydroxydodecanoic acid	3-hydroxydodecanoic acid
11767	enzyme	GluA	GluA
11768	enzyme	GluB	GluB
11769	enzyme	GluC	GluC
11770	substrate	curdlan	curdlan
11771	substrate	zymosan A	zymosan A
11772	microbiome	Bacillus sp. BH072	Bacillus sp. BH072
11773	microbiome	Lachnospira multiparus	Lachnospira multiparus
11774	microbiome	Bacteroides ruminicola	Bacteroides ruminicola
11775	enzyme	blaTEM	blaTEM
11776	enzyme	tetA	tetA
11777	substrate	cefotaxime	cefotaxime
11778	enzyme	glutamate/GABA antiporter	glutamate/GABA antiporter
11779	enzyme	F3H	F3H
11780	enzyme	UGT78D2	UGT78D2
11781	enzyme	DFR	DFR
11782	enzyme	3-O-glycosyltransferase	3-O-glycosyltransferase
11783	enzyme	4-coumaric acid-CoA ligase	4-coumaric acid-CoA ligase
11784	enzyme	very long chain fatty acid enoyl reductase	very long chain fatty acid enoyl reductase
11785	substrate	leucopelargonidin	leucopelargonidin
11786	substrate	pelargonidin	pelargonidin
11787	substrate	pelargonidin 3-O-glucoside	pelargonidin 3-O-glucoside
11788	substrate	coumaric acid	coumaric acid
11789	enzyme	TATA-binding protein	TATA-binding protein
11790	enzyme	leucine permeases	leucine permeases
11791	enzyme	Tat1p	Tat1p
11792	enzyme	Bap3p	Bap3p
11793	enzyme	TAT2	TAT2
11794	microbiome	Clostridium clariflavum DSM 19732	Clostridium clariflavum DSM 19732
11795	enzyme	exocellulase	exocellulase
11796	microbiome	Paenibacillus	Paenibacillus
11797	microbiome	Bacillus sp. CFR 67	Bacillus sp. CFR 67
11798	enzyme	polyhydroxyalkanoates	polyhydroxyalkanoates
11799	microbiome	Bacillus cereus SPV	Bacillus cereus SPV
11800	microbiome	B. mirini	B. mirini
11801	microbiome	Micrococcus sp.	Micrococcus sp.
11802	microbiome	B. subtilis KCC103	B. subtilis KCC103
11803	enzyme	3-Hydroxy-3-methylglutaryl coenzyme A reductase	3-Hydroxy-3-methylglutaryl coenzyme A reductase
11804	enzyme	1,3-propanediol	1,3-propanediol
11805	enzyme	glycerol dehydratase reactivating factor	glycerol dehydratase reactivating factor
11806	microbiome	Trichoderma reesei DSM 32338	Trichoderma reesei DSM 32338
11807	microbiome	Mucor hiemalis	Mucor hiemalis
11808	substrate	4-nitrophenyl-b-D-glucopyranoside	4-nitrophenyl-b-D-glucopyranoside
11809	substrate	4-nitrophenyl-b-D-xylopyranoside	4-nitrophenyl-b-D-xylopyranoside
11810	substrate	4-nitrophenyl-b-D-lactopyranoside	4-nitrophenyl-b-D-lactopyranoside
11811	enzyme	Prs	Prs
11812	microbiome	Saccharomyces arboricola	Saccharomyces arboricola
11813	enzyme	α-glucosides	α-glucosides
11814	microbiome	Saccharomyces mikatae	Saccharomyces mikatae
11815	enzyme	poly(3hydroxyalkanoate) synthase	poly(3hydroxyalkanoate) synthase
11816	microbiome	Streptomyces sp. OM-5714	Streptomyces sp. OM-5714
11817	microbiome	Azotobacter chroococcum	Azotobacter chroococcum
11818	enzyme	[Enzyme not specified]	[Enzyme not specified]
11819	enzyme	NAD + -dependent formate dehydrogenase	NAD + -dependent formate dehydrogenase
11820	enzyme	malate:quinone oxidoreductase	malate:quinone oxidoreductase
11821	substrate	cellulosic biomass	cellulosic biomass
11822	microbiome	Streptomyces sp. JM3	Streptomyces sp. JM3
11823	enzyme	polyhydroxyalkanoate depolymerase	polyhydroxyalkanoate depolymerase
11824	substrate	pectins	pectins
11825	enzyme	Lip181	Lip181
11826	substrate	dimethyl phthalate	dimethyl phthalate
11827	substrate	diethyl phthalate	diethyl phthalate
11828	substrate	dicyclohexyl phthalate	dicyclohexyl phthalate
11829	substrate	dioctyl phthalate	dioctyl phthalate
11830	enzyme	Gpd1p	Gpd1p
11831	enzyme	coa ligase	coa ligase
11832	enzyme	4-hydroxybenzoyl-coa reductase	4-hydroxybenzoyl-coa reductase
11833	enzyme	MltA	MltA
11834	enzyme	EmtA	EmtA
11835	enzyme	MliC	MliC
11836	enzyme	DigH	DigH
11837	substrate	rhamnulose 1-phosphate	rhamnulose 1-phosphate
11838	enzyme	crtYB	crtYB
11839	enzyme	GDH1	GDH1
11840	enzyme	ACC deaminase	ACC deaminase
11841	enzyme	siderophores	siderophores
11842	enzyme	malo-lactic enzyme	malo-lactic enzyme
11843	microbiome	Lactobacillus sake	Lactobacillus sake
11844	enzyme	sfGFP-PAP-Pb	sfGFP-PAP-Pb
11845	enzyme	d-limonene	d-limonene
11846	enzyme	isopentenol	isopentenol
11847	enzyme	araA	araA
11848	enzyme	araB	araB
11849	enzyme	araD	araD
11850	enzyme	araT	araT
11851	substrate	methyl viologen	methyl viologen
11852	substrate	β-D-fructose-1,6P2	β-D-fructose-1,6P2
11853	substrate	glycerone-P	glycerone-P
11854	substrate	Sch 38519	Sch 38519
11855	enzyme	glucose facilitator	glucose facilitator
11856	enzyme	Atf1	Atf1
11857	microbiome	Thermus sp. strain T2	Thermus sp. strain T2
11858	substrate	p-nitrophenyl-α-D-galactopyranoside	p-nitrophenyl-α-D-galactopyranoside
11859	substrate	xylo-oligosaccharides	xylo-oligosaccharides
11860	substrate	manno-oligosaccharides	manno-oligosaccharides
11861	substrate	methyl glycosides	methyl glycosides
11862	substrate	cellobiitol	cellobiitol
11863	microbiome	Lactococcus lactis subsp. lactis IL1403	Lactococcus lactis subsp. lactis IL1403
11864	enzyme	arginine-ornithine antiport	arginine-ornithine antiport
11865	enzyme	TMAO reductase	TMAO reductase
11866	enzyme	formaldehyde dehydrogenase	formaldehyde dehydrogenase
11867	substrate	trimethylamine-N-oxide	trimethylamine-N-oxide
11868	enzyme	Liposan	Liposan
11869	enzyme	aspartic proteinase	aspartic proteinase
11870	substrate	O-aminobenzoyl-Ala-Ala-Phe-Phe-Ala-p-nitroaniline	O-aminobenzoyl-Ala-Ala-Phe-Phe-Ala-p-nitroaniline
11871	substrate	CMCesculin	CMCesculin
11872	microbiome	Thermoanaerobium brockii	Thermoanaerobium brockii
11873	microbiome	Marinimicrobium sp. LS-A18	Marinimicrobium sp. LS-A18
11874	enzyme	Mdh2	Mdh2
11875	enzyme	Pck1	Pck1
11876	substrate	tomato seed meal proteins	tomato seed meal proteins
11877	substrate	α-limit dextrins	α-limit dextrins
11878	substrate	β-limit dextrins	β-limit dextrins
11879	microbiome	Streptomyces sp. 8812	Streptomyces sp. 8812
11880	enzyme	dd-carboxypeptidase 64-575	dd-carboxypeptidase 64-575
11881	substrate	7-hydroxy-6-oxo-2,3,4,6-tetrahydroisoquinoline-3-carboxyl acid	7-hydroxy-6-oxo-2,3,4,6-tetrahydroisoquinoline-3-carboxyl acid
11882	substrate	N-acetyl-3,4-dihydroxyl-phenylalanine	N-acetyl-3,4-dihydroxyl-phenylalanine
11883	microbiome	Phomopsis sp. Hant25	Phomopsis sp. Hant25
11884	enzyme	mycoepoxydiene	mycoepoxydiene
11885	substrate	mycoepoxydiene	mycoepoxydiene
11886	enzyme	araABD	araABD
11887	enzyme	STP2	STP2
11888	microbiome	Streptomyces mobaraensis	Streptomyces mobaraensis
11889	enzyme	MTGase	MTGase
11890	enzyme	IAA	IAA
11891	enzyme	Lip2 extracellular lipase	Lip2 extracellular lipase
11892	microbiome	Streptomyces lividans TK 24	Streptomyces lividans TK 24
11893	enzyme	α-amylase inhibitor	α-amylase inhibitor
11894	enzyme	FabG	FabG
11895	enzyme	Al_FabG	Al_FabG
11896	substrate	β-ketoacyl-ACP	β-ketoacyl-ACP
11897	enzyme	P30	P30
11898	substrate	peptones	peptones
11899	substrate	calcium phytate	calcium phytate
11900	enzyme	CscA	CscA
11901	enzyme	SuhB	SuhB
11902	substrate	superoxide anion radical	superoxide anion radical
11903	enzyme	alcohol/aldehyde dehydrogenases	alcohol/aldehyde dehydrogenases
11904	microbiome	Castellaniella defragrans	Castellaniella defragrans
11905	enzyme	CdGeDH	CdGeDH
11906	enzyme	4-hydroxyphenyllactate 3-hydroxylase	4-hydroxyphenyllactate 3-hydroxylase
11907	enzyme	capsaicin-degrading enzyme	capsaicin-degrading enzyme
11908	substrate	dihydrocapsaicin	dihydrocapsaicin
11909	enzyme	NAGS	NAGS
11910	enzyme	rifamycin B	rifamycin B
11911	enzyme	rVes v 5	rVes v 5
11912	enzyme	ScPDC5	ScPDC5
11913	microbiome	Komagataella pastoris	Komagataella pastoris
11914	enzyme	PpPDC	PpPDC
11915	enzyme	Vlm1	Vlm1
11916	enzyme	Vlm2	Vlm2
11917	substrate	permeate	permeate
11918	enzyme	Gpd1	Gpd1
11919	enzyme	Gpd2	Gpd2
11920	enzyme	glyceraldehyde-3-phosphate dehydrogenase 3	glyceraldehyde-3-phosphate dehydrogenase 3
11921	enzyme	mitochondrial aldehyde dehydrogenase	mitochondrial aldehyde dehydrogenase
11922	enzyme	pyruvate decarboxylase isozyme 1	pyruvate decarboxylase isozyme 1
11923	enzyme	DL-glycerol-3-phosphatase 1	DL-glycerol-3-phosphatase 1
11924	enzyme	S-adenosylmethionine synthetase	S-adenosylmethionine synthetase
11925	enzyme	homocysteine methyltransferase	homocysteine methyltransferase
11926	enzyme	acetohydroxyacid reductoisomerase	acetohydroxyacid reductoisomerase
11927	enzyme	glutamine amidotransferase	glutamine amidotransferase
11928	enzyme	argininosuccinate synthetase	argininosuccinate synthetase
11929	substrate	sulfur amino acids	sulfur amino acids
11930	substrate	O-acetylhomoserine	O-acetylhomoserine
11931	substrate	acetohydroxyacid	acetohydroxyacid
11932	microbiome	Synechococcus 6716	Synechococcus 6716
11933	enzyme	Ssu1p	Ssu1p
11934	substrate	SO2	SO2
11935	microbiome	Arthrospira maxima	Arthrospira maxima
11936	enzyme	ferredoxin NADP reductase	ferredoxin NADP reductase
11937	enzyme	pyridine NADH transhydrogenase	pyridine NADH transhydrogenase
11938	enzyme	bifunctional aldehyde alcohol dehydrogenase	bifunctional aldehyde alcohol dehydrogenase
11939	microbiome	Lactococcus lactis spp. lactis	Lactococcus lactis spp. lactis
11940	microbiome	Lactococcus lactis spp. cremoris	Lactococcus lactis spp. cremoris
11941	microbiome	Streptococcus salivarius spp. thermophilus	Streptococcus salivarius spp. thermophilus
11942	enzyme	agalactosidase	agalactosidase
11943	substrate	raffinose-series oligosaccharides	raffinose-series oligosaccharides
11944	substrate	steamexploded sugarcane bagasse	steamexploded sugarcane bagasse
11945	enzyme	longibrachins LGA	longibrachins LGA
11946	enzyme	longibrachins LGB	longibrachins LGB
11947	enzyme	trichorzins PA	trichorzins PA
11948	enzyme	harzianins PCU	harzianins PCU
11949	enzyme	trichorzins PAU	trichorzins PAU
11950	enzyme	longibrachins LGAE	longibrachins LGAE
11951	enzyme	longibrachins LGBE	longibrachins LGBE
11952	enzyme	trichorzins PAR	trichorzins PAR
11953	enzyme	furan-aldehyde reductases	furan-aldehyde reductases
11954	enzyme	NADPH oxidoreductase	NADPH oxidoreductase
11955	enzyme	NADH-dependent aldehyde reductase	NADH-dependent aldehyde reductase
11956	enzyme	H(+) antiporter	H(+) antiporter
11957	enzyme	allantoin permease	allantoin permease
11958	enzyme	nicotinic acid transporter	nicotinic acid transporter
11959	substrate	nicotinic acid	nicotinic acid
11960	microbiome	Pseudomonas putida GO16	Pseudomonas putida GO16
11961	enzyme	mcl-PHA	mcl-PHA
11962	substrate	sodium terephthalate	sodium terephthalate
11963	enzyme	β-farnesene	β-farnesene
11964	microbiome	Lactobacillus plantarum TK9	Lactobacillus plantarum TK9
11965	enzyme	glucosidases	glucosidases
11966	microbiome	Lactobacillus paracasei TK1501	Lactobacillus paracasei TK1501
11967	substrate	bound phenolic compounds	bound phenolic compounds
11968	enzyme	NfBgl3A	NfBgl3A
11969	enzyme	Pad1p	Pad1p
11970	enzyme	Fdc1p	Fdc1p
11971	substrate	medium-chain fatty acyl-CoA	medium-chain fatty acyl-CoA
11972	enzyme	Ser2	Ser2
11973	enzyme	Ser1	Ser1
11974	enzyme	Ser3	Ser3
11975	enzyme	Ser33	Ser33
11976	enzyme	Cys4	Cys4
11977	enzyme	Shm2	Shm2
11978	substrate	l-cysteine	l-cysteine
11979	microbiome	Saccharomyces cerevisiae E-15	Saccharomyces cerevisiae E-15
11980	enzyme	Pdr12p	Pdr12p
11981	enzyme	Tpo1p	Tpo1p
11982	enzyme	trypsin-pancreatin	trypsin-pancreatin
11983	substrate	barley straw	barley straw
11984	substrate	chili stubble	chili stubble
11985	substrate	oats hull	oats hull
11986	substrate	starch-glucose powder	starch-glucose powder
11987	substrate	DMSO	DMSO
11988	enzyme	oligosaccharide reducing-end xylanase	oligosaccharide reducing-end xylanase
11989	enzyme	3-hydroxy acid dehydrogenase	3-hydroxy acid dehydrogenase
11990	substrate	d-gluconate	d-gluconate
11991	substrate	3-hydroxy acids	3-hydroxy acids
11992	substrate	aromatic aldehydes	aromatic aldehydes
11993	substrate	aliphatic aldehydes	aliphatic aldehydes
11994	microbiome	Rhodovulum sulfidophilum	Rhodovulum sulfidophilum
11995	enzyme	RNases	RNases
11996	substrate	pre-miR-29b	pre-miR-29b
11997	substrate	IP6	IP6
11998	enzyme	pyruvate:formate lyase	pyruvate:formate lyase
11999	enzyme	ferredoxin-dependent hydrogenase	ferredoxin-dependent hydrogenase
12000	enzyme	pyruvate:ferredoxin oxidoreductase	pyruvate:ferredoxin oxidoreductase
12001	enzyme	Cup1p	Cup1p
12002	substrate	diaminopyrimidine	diaminopyrimidine
12003	enzyme	STP1	STP1
12004	enzyme	FRT1	FRT1
12005	enzyme	MLT1	MLT1
12006	enzyme	GAT2	GAT2
12007	microbiome	Trichoderma reesei ZU-02	Trichoderma reesei ZU-02
12008	microbiome	Lysinibacillus sp. strain APSO	Lysinibacillus sp. strain APSO
12009	substrate	phosphoric acid esters	phosphoric acid esters
12010	enzyme	XI	XI
12011	substrate	sugar alcohols	sugar alcohols
12012	substrate	hydroxybenzene	hydroxybenzene
12013	substrate	benzoic acid	benzoic acid
12014	enzyme	XYNII	XYNII
12015	microbiome	Christensenellaceae R7	Christensenellaceae R7
12016	microbiome	Hylemonella gracilis	Hylemonella gracilis
12017	enzyme	HgPobA	HgPobA
12018	enzyme	HgPobA L207V/Y393F	HgPobA L207V/Y393F
12019	enzyme	HgPobA T302A/Y393F	HgPobA T302A/Y393F
12020	substrate	pyrophosphate	pyrophosphate
12021	enzyme	alpha-casein	alpha-casein
12022	enzyme	rVP1	rVP1
12023	enzyme	GGDP synthase	GGDP synthase
12024	enzyme	terpentedienyl diphosphate synthase	terpentedienyl diphosphate synthase
12025	enzyme	terpentetriene synthase	terpentetriene synthase
12026	enzyme	ent-CPP synthase	ent-CPP synthase
12027	enzyme	ent-kaurene synthase	ent-kaurene synthase
12028	substrate	GGDP	GGDP
12029	substrate	terpentedienyl diphosphate	terpentedienyl diphosphate
12030	substrate	terpentetriene	terpentetriene
12031	enzyme	ecaA	ecaA
12032	enzyme	pepc	pepc
12033	enzyme	exocellulase PCX	exocellulase PCX
12034	substrate	4-methylumbellifery-β-D-cellobioside	4-methylumbellifery-β-D-cellobioside
12035	microbiome	Bacillus subtilis MZ-7	Bacillus subtilis MZ-7
12036	microbiome	Sebekia	Sebekia
12037	enzyme	glycothiohexide a	glycothiohexide a
12038	enzyme	a-galactosidase	a-galactosidase
12039	substrate	X-a-gal	X-a-gal
12040	microbiome	Paraconiothyrium variabile	Paraconiothyrium variabile
12041	substrate	-chlorophenol	-chlorophenol
12042	microbiome	Komagataeibacter hansenii	Komagataeibacter hansenii
12043	enzyme	glucan endo-1,3-α-glucosidase	glucan endo-1,3-α-glucosidase
12044	enzyme	2-deoxy-glucose 6-phosphate phosphatase	2-deoxy-glucose 6-phosphate phosphatase
12045	substrate	D-ribose 5-phosphate	D-ribose 5-phosphate
12046	enzyme	2,3-dihydroxyphenylpropionate 1,2-dioxygenase	2,3-dihydroxyphenylpropionate 1,2-dioxygenase
12047	substrate	2,3-dihydroxyphenylpropionate	2,3-dihydroxyphenylpropionate
12048	microbiome	Saccharomyces cerevisiae | CDT-2	Saccharomyces cerevisiae | CDT-2
12049	substrate	D-p-hydroxylphenylglycine	D-p-hydroxylphenylglycine
12050	microbiome	Bacillus subtilis RCK	Bacillus subtilis RCK
12051	enzyme	enzymes degrading the fiber	enzymes degrading the fiber
12052	substrate	polypeptide chains	polypeptide chains
12053	enzyme	RPN4	RPN4
12054	substrate	phosphatidylserine	phosphatidylserine
12055	substrate	Trx-TB10.4	Trx-TB10.4
12056	substrate	Trx-Ag85B	Trx-Ag85B
12057	enzyme	acidolysin	acidolysin
12058	enzyme	Mdh3p	Mdh3p
12059	microbiome	Laurencia intricata	Laurencia intricata
12060	substrate	PO₄³⁻	PO₄³⁻
12061	enzyme	heat-stable α-amylase	heat-stable α-amylase
12062	microbiome	Saccharomyces cerevisae	Saccharomyces cerevisae
12063	enzyme	extracellular enzymes	extracellular enzymes
12064	enzyme	Pseudozyma antarctica lipase B	Pseudozyma antarctica lipase B
12065	substrate	p-nitrophenylbutyrate	p-nitrophenylbutyrate
12066	substrate	rac-1-phenylethylacetate	rac-1-phenylethylacetate
12067	enzyme	cel7a	cel7a
12068	enzyme	cel6a	cel6a
12069	enzyme	cel3a	cel3a
12070	enzyme	cel1a	cel1a
12071	microbiome	Oudemansiella mucida	Oudemansiella mucida
12072	microbiome	Achromobacter sp.	Achromobacter sp.
12073	enzyme	LsA175	LsA175
12074	substrate	broken rice powder	broken rice powder
12075	substrate	raw cassava starch	raw cassava starch
12076	microbiome	Ralstonia taiwanensis	Ralstonia taiwanensis
12077	enzyme	phenylalanine aminotransferase Aro9p	phenylalanine aminotransferase Aro9p
12078	enzyme	phenylpyruvate decarboxylase Aro10p	phenylpyruvate decarboxylase Aro10p
12079	enzyme	antifungal compounds	antifungal compounds
12080	microbiome	Candida cf. sorbosivorans	Candida cf. sorbosivorans
12081	enzyme	YecC	YecC
12082	enzyme	glycerol dehyde-3-phosphate dehydrogenase	glycerol dehyde-3-phosphate dehydrogenase
12083	enzyme	type II FAS	type II FAS
12084	microbiome	Ricinus communis	Ricinus communis
12085	enzyme	fatB	fatB
12086	microbiome	Rattus novergicus	Rattus novergicus
12087	enzyme	TEII	TEII
12088	enzyme	cbiK	cbiK
12089	substrate	N-acetylchitooligosaccharides	N-acetylchitooligosaccharides
12090	substrate	carboxymethyl-chitin	carboxymethyl-chitin
12091	substrate	4-methylumbelliferyl-b-D-N,N¢-diacetylchitobiose	4-methylumbelliferyl-b-D-N,N¢-diacetylchitobiose
12092	substrate	cinnamoyl-CoA	cinnamoyl-CoA
12093	microbiome	Saccharomyces pombe	Saccharomyces pombe
12094	enzyme	bgl1	bgl1
12095	enzyme	egl1	egl1
12096	enzyme	xyr1	xyr1
12097	microbiome	Trichoderma virens | ST16	Trichoderma virens | ST16
12098	enzyme	β-D-glucans	β-D-glucans
12099	enzyme	Trx-ALF	Trx-ALF
12100	substrate	aromatic compounds	aromatic compounds
12101	enzyme	15␤-hydroxylase (CYP106A2)	15␤-hydroxylase (CYP106A2)
12102	substrate	11-deoxycorticosterone (DOC)	11-deoxycorticosterone (DOC)
12103	microbiome	Bacillus subtilis subsp. subtilis JJBS250	Bacillus subtilis subsp. subtilis JJBS250
12104	microbiome	Saccharomyces kluyveri	Saccharomyces kluyveri
12105	enzyme	NAD⁺-linked aldehyde dehydrogenase	NAD⁺-linked aldehyde dehydrogenase
12106	enzyme	NADP⁺-linked aldehyde dehydrogenase	NADP⁺-linked aldehyde dehydrogenase
12107	enzyme	MBP-TEV protease	MBP-TEV protease
12108	enzyme	mEos2	mEos2
12109	microbiome	A. flavus	A. flavus
12110	substrate	agave fructans	agave fructans
12111	enzyme	soluble nucleotide pyridine transhydrogenase sthA	soluble nucleotide pyridine transhydrogenase sthA
12112	enzyme	lactate dehydrogenase A	lactate dehydrogenase A
12113	enzyme	phosphotransacetylase acetate kinase A	phosphotransacetylase acetate kinase A
12114	enzyme	pyruvate formate lyase B	pyruvate formate lyase B
12115	enzyme	pyruvate oxidase B	pyruvate oxidase B
12116	enzyme	CYP153A	CYP153A
12117	substrate	dodecane	dodecane
12118	substrate	xylulose 5-phosphate	xylulose 5-phosphate
12119	enzyme	H2:NAD(P)+ oxidoreductase	H2:NAD(P)+ oxidoreductase
12120	microbiome	Trichoderma reesei RUT-C30	Trichoderma reesei RUT-C30
12121	enzyme	ATP6	ATP6
12122	enzyme	RAD14	RAD14
12123	enzyme	MRE11	MRE11
12124	enzyme	POL4	POL4
12125	enzyme	PDA1	PDA1
12126	enzyme	LYS21	LYS21
12127	microbiome	Salmonella	Salmonella
12128	enzyme	AMA1/E	AMA1/E
12129	microbiome	Saccharopolyspora spinosa	Saccharopolyspora spinosa
12130	enzyme	β-ketoacyl synthase	β-ketoacyl synthase
12131	enzyme	ketoacyl-ACP synthase III	ketoacyl-ACP synthase III
12132	enzyme	AMP-binding protein	AMP-binding protein
12133	enzyme	adenylyltransferase	adenylyltransferase
12134	enzyme	aromatic amino acid lyase	aromatic amino acid lyase
12135	enzyme	tryptophan-dioxygenase	tryptophan-dioxygenase
12136	substrate	β-ketoacyl	β-ketoacyl
12137	substrate	ketoacyl-ACP	ketoacyl-ACP
12138	substrate	aromatic amino acid	aromatic amino acid
12139	microbiome	Glycornyces harbinensis	Glycornyces harbinensis
12140	enzyme	LL-D05139/3	LL-D05139/3
12141	substrate	7,8-dihydrofolate	7,8-dihydrofolate
12142	substrate	β-1-3-glucan	β-1-3-glucan
12143	enzyme	cel12B	cel12B
12144	enzyme	cel8C	cel8C
12145	enzyme	peh28	peh28
12146	microbiome	Hathewaya histolytica	Hathewaya histolytica
12147	enzyme	ColG	ColG
12148	enzyme	ColH	ColH
12149	substrate	FALGPA	FALGPA
12150	enzyme	C4-dicarboxylate transporter	C4-dicarboxylate transporter
12151	enzyme	malate thiokinase	malate thiokinase
12152	enzyme	protopectinase	protopectinase
12153	enzyme	CoQ10	CoQ10
12154	enzyme	protease XIV	protease XIV
12155	substrate	selenomethionine	selenomethionine
12156	enzyme	phaC1STQK	phaC1STQK
12157	substrate	hydride	hydride
12158	enzyme	GTR1	GTR1
12159	enzyme	SCH9	SCH9
12160	enzyme	SAP185	SAP185
12161	enzyme	SIT4	SIT4
12162	enzyme	TOR2	TOR2
12163	enzyme	EAP1	EAP1
12164	enzyme	NPR1	NPR1
12165	enzyme	nudC	nudC
12166	enzyme	ISN1	ISN1
12167	enzyme	URH1	URH1
12168	enzyme	PNP	PNP
12169	enzyme	SIR2	SIR2
12170	substrate	nicotinamide adenine dinucleotide	nicotinamide adenine dinucleotide
12171	enzyme	Alcohol dehydrogenase 5	Alcohol dehydrogenase 5
12172	enzyme	Pyruvate dehydrogenase E1 component subunit alpha	Pyruvate dehydrogenase E1 component subunit alpha
12173	enzyme	Magnesium-activated aldehyde dehydrogenase	Magnesium-activated aldehyde dehydrogenase
12174	microbiome	Ensifer meliloti	Ensifer meliloti
12175	substrate	Na phytate	Na phytate
12176	substrate	Ca phytate	Ca phytate
12177	enzyme	PotE	PotE
12178	enzyme	PuuP	PuuP
12179	enzyme	L-Ncarbamoylase	L-Ncarbamoylase
12180	substrate	hydantoins	hydantoins
12181	microbiome	Aspergillus chevalieri	Aspergillus chevalieri
12182	microbiome	Aspergillus pseudoglaucus	Aspergillus pseudoglaucus
12183	enzyme	phospholipase	phospholipase
12184	enzyme	carboxyl esterase	carboxyl esterase
12185	substrate	cod liver oil	cod liver oil
12186	substrate	TBDMP	TBDMP
12187	enzyme	mannitol 2-dehydrogenase	mannitol 2-dehydrogenase
12188	enzyme	ABF	ABF
12189	enzyme	arabinanolytic enzyme	arabinanolytic enzyme
12190	enzyme	L-arabinose catabolic enzyme	L-arabinose catabolic enzyme
12191	enzyme	D-galactose catabolic enzyme	D-galactose catabolic enzyme
12192	substrate	arabinan	arabinan
12193	enzyme	4-hydroxybenzoate decarboxylase	4-hydroxybenzoate decarboxylase
12194	enzyme	chorismate pyruvate lyase	chorismate pyruvate lyase
12195	enzyme	CYP79B2	CYP79B2
12196	substrate	glucobrassicin	glucobrassicin
12197	enzyme	HSA-IFN-alpha2b	HSA-IFN-alpha2b
12198	substrate	HSA-IFN-alpha2b	HSA-IFN-alpha2b
12199	microbiome	Bacillus weihenstephanensis	Bacillus weihenstephanensis
12200	enzyme	PPV-VP2 protein	PPV-VP2 protein
12201	enzyme	chaperonin Tf16	chaperonin Tf16
12202	enzyme	hexo-/glucokinase	hexo-/glucokinase
12203	substrate	glucose-citrate	glucose-citrate
12204	substrate	biotinylated DNA	biotinylated DNA
12205	enzyme	orthophosphoric monoester phosphohydrolase	orthophosphoric monoester phosphohydrolase
12206	enzyme	mesoinositol-hexaphosphate phosphohydrolase	mesoinositol-hexaphosphate phosphohydrolase
12207	microbiome	Bacillus sphaericus 2362	Bacillus sphaericus 2362
12208	enzyme	mosquitocidal toxin	mosquitocidal toxin
12209	microbiome	Bacillus sphaericus 14N1	Bacillus sphaericus 14N1
12210	microbiome	Absidia pseudocylindrospora	Absidia pseudocylindrospora
12211	enzyme	biphenyl hydroxylase	biphenyl hydroxylase
12212	microbiome	Absidia sp.	Absidia sp.
12213	substrate	4-hydroxybiphenyl	4-hydroxybiphenyl
12214	substrate	4,4'-dihydroxybiphenyl	4,4'-dihydroxybiphenyl
12215	enzyme	enterotoxin	enterotoxin
12216	enzyme	cytotoxin	cytotoxin
12217	enzyme	hemolysin	hemolysin
12218	enzyme	cellobiohydrolase CBHI	cellobiohydrolase CBHI
12219	enzyme	endogluganase EGI	endogluganase EGI
12220	substrate	methylumbelliferyl-b-D-lactoside	methylumbelliferyl-b-D-lactoside
12221	enzyme	Hpf1p	Hpf1p
12222	enzyme	Hpf2p	Hpf2p
12223	substrate	grape proteins	grape proteins
12224	enzyme	RE AADH	RE AADH
12225	enzyme	fructofuranosidase	fructofuranosidase
12226	enzyme	1-deoxy-d-xylulose synthase	1-deoxy-d-xylulose synthase
12227	substrate	coenzyme Q 10	coenzyme Q 10
12228	enzyme	CotA laccase	CotA laccase
12229	substrate	Indigo Carmine	Indigo Carmine
12230	substrate	Malachite Green	Malachite Green
12231	substrate	Alizarin Red	Alizarin Red
12232	substrate	Congo Red	Congo Red
12233	substrate	Crystal Violet	Crystal Violet
12234	enzyme	xanthan biosynthesis enzymes	xanthan biosynthesis enzymes
12235	microbiome	Bacteroides fragilis subsp. fragilis	Bacteroides fragilis subsp. fragilis
12236	enzyme	PEL-SLO fusion protein	PEL-SLO fusion protein
12237	substrate	sheep red blood cells	sheep red blood cells
12238	enzyme	histone deacetylase	histone deacetylase
12239	enzyme	histone acetyltransferase	histone acetyltransferase
12240	substrate	protein-bound polyphenols	protein-bound polyphenols
12241	enzyme	glyceraldehyde-phosphate dehydrogenase	glyceraldehyde-phosphate dehydrogenase
12242	enzyme	sucrose isomerase	sucrose isomerase
12243	enzyme	EIICB glc permease	EIICB glc permease
12244	enzyme	glycosidases	glycosidases
12245	enzyme	carbon-sulfur lyases	carbon-sulfur lyases
12246	enzyme	chitinases	chitinases
12247	enzyme	PHA	PHA
12248	enzyme	celCCA	celCCA
12249	enzyme	celCCE	celCCE
12250	enzyme	Ccel_2454	Ccel_2454
12251	microbiome	Gluconobacter melanogenus	Gluconobacter melanogenus
12252	microbiome	Saccharomyces cerevisiae | MBR1	Saccharomyces cerevisiae | MBR1
12253	enzyme	YJR030C	YJR030C
12254	enzyme	FLX1	FLX1
12255	enzyme	MDH2	MDH2
12256	enzyme	YFL040W	YFL040W
12257	substrate	phosphopyruvate	phosphopyruvate
12258	substrate	melanin	melanin
12259	enzyme	PaMan5A	PaMan5A
12260	enzyme	PaMan26A	PaMan26A
12261	enzyme	PaXyn11A	PaXyn11A
12262	enzyme	LEU9	LEU9
12263	microbiome	Saccharomyces cerevisiae | INM1	Saccharomyces cerevisiae | INM1
12264	microbiome	Saccharomyces cerevisiae | INM2	Saccharomyces cerevisiae | INM2
12265	enzyme	endoglucanase 2	endoglucanase 2
12266	enzyme	hydrophobin	hydrophobin
12267	enzyme	arabinofuranosidase GH43	arabinofuranosidase GH43
12268	enzyme	arabinofuranosidase GH51	arabinofuranosidase GH51
12269	substrate	arabinoxylan-oligosaccharides	arabinoxylan-oligosaccharides
12270	enzyme	4-oxalocrotonate tautomerase	4-oxalocrotonate tautomerase
12271	substrate	b-nitrostyrene	b-nitrostyrene
12272	enzyme	DMSO reductase	DMSO reductase
12273	substrate	dimethylsulfoxide	dimethylsulfoxide
12274	microbiome	Treponema denticola	Treponema denticola
12275	enzyme	trans-2-enoyl-CoA reductase	trans-2-enoyl-CoA reductase
12276	enzyme	CYP94C1	CYP94C1
12277	microbiome	Parageobacillus thermoglucosidasius	Parageobacillus thermoglucosidasius
12278	enzyme	carbon monoxide dehydrogenase-hydrogenase	carbon monoxide dehydrogenase-hydrogenase
12279	enzyme	L-decarboxylase	L-decarboxylase
12280	substrate	ethylbutyryl acetate	ethylbutyryl acetate
12281	enzyme	Jac1p	Jac1p
12282	enzyme	Isu1p	Isu1p
12283	enzyme	CYP5139G1	CYP5139G1
12284	enzyme	CusF3H+	CusF3H+
12285	microbiome	Thielaviopsis basicola	Thielaviopsis basicola
12286	substrate	glyceraldehyde	glyceraldehyde
12287	enzyme	WbdO	WbdO
12288	substrate	GDP-β-L-Fuc	GDP-β-L-Fuc
12289	substrate	Glcβ1-3GalNAc-PP-PhU	Glcβ1-3GalNAc-PP-PhU
12290	enzyme	MIOX	MIOX
12291	enzyme	Pfk-1	Pfk-1
12292	enzyme	Hxt5	Hxt5
12293	substrate	carotenes	carotenes
12294	microbiome	Promicromonospora sp. VP111	Promicromonospora sp. VP111
12295	substrate	elastin-Congo red	elastin-Congo red
12296	enzyme	LIP2	LIP2
12297	enzyme	LIP7	LIP7
12298	enzyme	LIP8	LIP8
12299	substrate	a-MSH	a-MSH
12300	substrate	ACTH	ACTH
12301	enzyme	α-IFN2b	α-IFN2b
12302	enzyme	N-acetyltransferase Mpr1	N-acetyltransferase Mpr1
12303	substrate	l-azetidine-2-carboxylate	l-azetidine-2-carboxylate
12304	enzyme	cyclophilin	cyclophilin
12305	microbiome	Bacillus flexus XJU-1	Bacillus flexus XJU-1
12306	enzyme	alkaline amylase	alkaline amylase
12307	enzyme	alkaline lipase	alkaline lipase
12308	substrate	cottonseed oil	cottonseed oil
12309	substrate	b-xylan	b-xylan
12310	enzyme	pectinolytic enzyme	pectinolytic enzyme
12311	enzyme	chitin transglycosylase	chitin transglycosylase
12312	substrate	β-1,6 glucan	β-1,6 glucan
12313	enzyme	exo-β-D-glucosaminidase	exo-β-D-glucosaminidase
12314	microbiome	Pichia pastoris | Gls93	Pichia pastoris | Gls93
12315	enzyme	polyglutamyl γ-hydrolase	polyglutamyl γ-hydrolase
12316	substrate	ciceritol	ciceritol
12317	enzyme	NCC amidohydrolase	NCC amidohydrolase
12318	substrate	N-carbamoyl-L-cysteine	N-carbamoyl-L-cysteine
12319	enzyme	OsTPX	OsTPX
12320	substrate	hydroperoxide	hydroperoxide
12321	enzyme	acid type phosphatase	acid type phosphatase
12322	substrate	organic donor molecule	organic donor molecule
12323	microbiome	Nocardia autotrophica	Nocardia autotrophica
12324	enzyme	27-OH avermectin	27-OH avermectin
12325	substrate	glucans	glucans
12326	substrate	triosephosphates	triosephosphates
12327	microbiome	Arthrobacter nicotianae	Arthrobacter nicotianae
12328	microbiome	Erwinia carotovora subsp atroseptica	Erwinia carotovora subsp atroseptica
12329	enzyme	IDI	IDI
12330	enzyme	mvK	mvK
12331	enzyme	plsBC	plsBC
12332	substrate	acetoacetylcoenzyme A	acetoacetylcoenzyme A
12333	substrate	3-hydroxy-3-methylglutaryl-coenzyme A	3-hydroxy-3-methylglutaryl-coenzyme A
12334	enzyme	isochorismatase	isochorismatase
12335	enzyme	isochorismate synthase	isochorismate synthase
12336	substrate	3MB	3MB
12337	enzyme	Tyramine N-hydroxycinnamoyl transferase	Tyramine N-hydroxycinnamoyl transferase
12338	enzyme	CoA-ligase	CoA-ligase
12339	enzyme	N-acyltransferase	N-acyltransferase
12340	enzyme	AT3	AT3
12341	enzyme	PhCL	PhCL
12342	enzyme	IpfF	IpfF
12343	enzyme	PaAT	PaAT
12344	enzyme	CaAT	CaAT
12345	enzyme	SlAT	SlAT
12346	substrate	vanillylamine	vanillylamine
12347	enzyme	polysaccharide hydrolases	polysaccharide hydrolases
12348	enzyme	A33scFv	A33scFv
12349	enzyme	lipoic acid	lipoic acid
12350	enzyme	CTP synthase	CTP synthase
12351	substrate	p-Nitrophenyl-N-acetyl-D-glucosamine	p-Nitrophenyl-N-acetyl-D-glucosamine
12352	enzyme	DDGS	DDGS
12353	enzyme	OMT	OMT
12354	enzyme	ATP-grasp ligase	ATP-grasp ligase
12355	enzyme	D-ala-D-ala ligase	D-ala-D-ala ligase
12356	microbiome	Streptomyces ansochromogenes	Streptomyces ansochromogenes
12357	enzyme	nrps	nrps
12358	enzyme	pks	pks
12359	microbiome	Str. coelicolor	Str. coelicolor
12360	enzyme	malonyl-CoA ligase	malonyl-CoA ligase
12361	substrate	methylmalonate	methylmalonate
12362	enzyme	heparinase I	heparinase I
12363	enzyme	GST-heparinase I	GST-heparinase I
12364	enzyme	steryl esterase STE1	steryl esterase STE1
12365	substrate	steryl esters	steryl esters
12366	microbiome	Bacillus species	Bacillus species
12367	enzyme	Baeyer-Villiger type oxygenase	Baeyer-Villiger type oxygenase
12368	substrate	17-hydroxyprogesterone	17-hydroxyprogesterone
12369	enzyme	methionyl aminopeptidase	methionyl aminopeptidase
12370	substrate	MGMM	MGMM
12371	substrate	MP-p-NA	MP-p-NA
12372	enzyme	P450 BM3 monooxygenase	P450 BM3 monooxygenase
12373	enzyme	CcFatB1	CcFatB1
12374	enzyme	CpFatB2	CpFatB2
12375	enzyme	CnFatB3	CnFatB3
12376	substrate	medium chain fatty acids	medium chain fatty acids
12377	substrate	C14:1	C14:1
12378	substrate	C12:0	C12:0
12379	microbiome	Fusarium	Fusarium
12380	enzyme	Deoxynivalenol	Deoxynivalenol
12381	enzyme	Dr fimbriae	Dr fimbriae
12382	substrate	lipovitellin	lipovitellin
12383	enzyme	fructose dehydrogenase	fructose dehydrogenase
12384	enzyme	protocatechuate 3,4-dioxygenase	protocatechuate 3,4-dioxygenase
12385	enzyme	XiaI	XiaI
12386	enzyme	Fre	Fre
12387	substrate	Salicin	Salicin
12388	enzyme	fermentative formate dehydrogenase	fermentative formate dehydrogenase
12389	enzyme	rhEndostatin	rhEndostatin
12390	enzyme	Rim15p kinase	Rim15p kinase
12391	substrate	GSSeSG	GSSeSG
12392	enzyme	polysialic acid synthase	polysialic acid synthase
12393	enzyme	colicin M	colicin M
12394	substrate	d-tartrate	d-tartrate
12395	microbiome	Azospirillum brasilense	Azospirillum brasilense
12396	enzyme	poly-3-hydroxybutyrate synthase	poly-3-hydroxybutyrate synthase
12397	enzyme	PigC	PigC
12398	substrate	4-methoxy-2,2ʹ-bipyrrole-5carboxyaldehyde	4-methoxy-2,2ʹ-bipyrrole-5carboxyaldehyde
12399	substrate	2-methyl-3-amylpyrrole	2-methyl-3-amylpyrrole
12400	microbiome	Rhodococcus	Rhodococcus
12401	enzyme	glycerol dehydratase DhaB1	glycerol dehydratase DhaB1
12402	enzyme	1,3-propanediol oxidoreductase isoenzyme YqhD	1,3-propanediol oxidoreductase isoenzyme YqhD
12403	enzyme	interferon-a	interferon-a
12404	enzyme	GALPEc	GALPEc
12405	enzyme	PFKEc	PFKEc
12406	enzyme	PGKEc	PGKEc
12407	enzyme	PYKBs	PYKBs
12408	enzyme	PDCZm	PDCZm
12409	enzyme	Fv	Fv
12410	substrate	penicillin F	penicillin F
12411	substrate	penicillin dihydroF	penicillin dihydroF
12412	enzyme	β-1,3-glucan synthase	β-1,3-glucan synthase
12413	enzyme	O-glycosylated cell wall protein	O-glycosylated cell wall protein
12414	microbiome	Candida magnoliae	Candida magnoliae
12415	microbiome	Bacillus sp. NKSP-7	Bacillus sp. NKSP-7
12416	substrate	keratin azure	keratin azure
12417	substrate	thioglycollate	thioglycollate
12418	enzyme	NAD-dependent MDH	NAD-dependent MDH
12419	enzyme	AOX	AOX
12420	microbiome	Saccharomyces cerevisiae | DAS1	Saccharomyces cerevisiae | DAS1
12421	microbiome	Saccharomyces cerevisiae | DAS2	Saccharomyces cerevisiae | DAS2
12422	enzyme	DAK	DAK
12423	enzyme	FLD1	FLD1
12424	enzyme	FMD	FMD
12425	microbiome	Lactobacillus amylophilus	Lactobacillus amylophilus
12426	enzyme	L-serine O-acetyltransferase	L-serine O-acetyltransferase
12427	enzyme	POXYNA	POXYNA
12428	enzyme	biotin enzymes	biotin enzymes
12429	enzyme	HEC	HEC
12430	enzyme	FPU	FPU
12431	enzyme	3-hydroxyacyl-acyl carrier protein (ACP)-coenzyme A (CoA) transferase	3-hydroxyacyl-acyl carrier protein (ACP)-coenzyme A (CoA) transferase
12432	enzyme	medium-chain-fattyacid CoA ligase	medium-chain-fattyacid CoA ligase
12433	enzyme	NAD+-linked malic enzyme SfcA	NAD+-linked malic enzyme SfcA
12434	substrate	[Substrate not specified]	[Substrate not specified]
